Dataset,T,CV,ML,Acc,b_Acc,Prec,Rec,F1,kap,ROC,tra-T,test-T,Al-Time
A211117-I211102_13,0,1,DT,0.8570330942279172,0.7863830063550784,0.8091717447173746,0.7863830063550784,0.7681471071033578,0.8424112507703913,0,1.5570485591888428,0.20453882217407227,8.49602222442627
A211117-I211102_13,1,2,DT,0.8568782349215678,0.7858507157888823,0.8113682536575422,0.7858507157888823,0.768551939355284,0.8421869052206309,0,1.431952953338623,0.20446038246154785,8.764315366744995
A211117-I211102_13,2,3,DT,0.8570330942279172,0.7862352556016078,0.7798055070521103,0.7862352556016078,0.770395907213482,0.8422474107204527,0,1.5564498901367188,0.21968984603881836,8.510786533355713
A211117-I211102_13,3,4,DT,0.8570847139967003,0.7861030977114378,0.7801293182215396,0.7861030977114378,0.7699596622013579,0.8423093197588918,0,1.5101478099822998,0.22028422355651855,8.355166912078857
A211117-I211102_13,4,5,DT,0.8572911930718329,0.7875375423631871,0.7772185773185316,0.7875375423631871,0.7691278935337178,0.8427022414366563,0,1.510340929031372,0.2045300006866455,8.18170690536499
