Dataset,T,CV,ML,Acc,b_Acc,Prec,Rec,F1,kap,ROC,tra-T,test-T,Al-Time
A211116-I211122_13,0,1,DT,0.8819907793790139,0.8833727211254295,0.8336477392545694,0.8833727211254295,0.8337971238898254,0.8762730973298793,0,1.9469342231750488,0.19343185424804688,7.757713079452515
A211116-I211122_13,1,2,DT,0.8814641417815525,0.8824398144813126,0.8333061539656997,0.8824398144813126,0.8328119330775503,0.8757210119207814,0,1.8529706001281738,0.1897428035736084,7.72256875038147
A211116-I211122_13,2,3,DT,0.8815846436047005,0.8825673710028269,0.8335113872921492,0.8825673710028269,0.8329590224599998,0.8758478615217036,0,1.6327948570251465,0.17518043518066406,7.931636810302734
A211116-I211122_13,3,4,DT,0.881642663001031,0.8829113059381686,0.8273584255574302,0.8829113059381686,0.8247055755382665,0.8759075894651412,0,1.6707170009613037,0.18738842010498047,7.495407819747925
A211116-I211122_13,4,5,DT,0.8817832484613702,0.8831828503483308,0.8334876719305767,0.8831828503483308,0.8336569433895715,0.8760559364786316,0,1.7183971405029297,0.1888904571533203,7.758373737335205
