Dataset,T,CV,ML,Acc,b_Acc,Prec,Rec,F1,kap,ROC,tra-T,test-T,Al-Time
A211223-A211109_13,0,1,DT,0.6571323641095511,0.7358796767910938,0.6895814284984448,0.7358796767910938,0.656914115115887,0.6424654860977561,0,1.0235795974731445,0.2122652530670166,5.735657453536987
A211223-A211109_13,1,2,DT,0.6567492388502615,0.7362087528602981,0.6894523607174371,0.7362087528602981,0.6566933639999514,0.6420772285344243,0,0.9979908466339111,0.22498440742492676,5.695426940917969
A211223-A211109_13,2,3,DT,0.6571028929357596,0.7376951360299885,0.6896167888992157,0.7376951360299885,0.6581864032231597,0.6424424878127417,0,1.0322895050048828,0.20861268043518066,5.858645915985107
A211223-A211109_13,3,4,DT,0.6570734217619681,0.7374180602699562,0.6894971348391656,0.7374180602699562,0.6579988694942656,0.6424093117606968,0,1.006983757019043,0.21320676803588867,6.118661165237427
A211223-A211109_13,4,5,DT,0.656778710024053,0.7362799598170467,0.6894886504926079,0.7362799598170467,0.6567431418875275,0.6421091561068112,0,1.063389539718628,0.21666336059570312,5.743175745010376
