Dataset,T,CV,ML,Acc,b_Acc,Prec,Rec,F1,kap,ROC,tra-T,test-T,Al-Time
A211206-I211103_13,0,1,DT,0.7218869926210749,0.7454944602449518,0.742053853021173,0.7454944602449518,0.7309819069874524,0.7070836203800873,0,1.8637926578521729,0.17969346046447754,7.3417181968688965
A211206-I211103_13,1,2,DT,0.7218546179918266,0.7456121466194056,0.7420489513838124,0.7456121466194056,0.7310407907652394,0.7070491058414329,0,1.7220747470855713,0.1776590347290039,7.408411502838135
A211206-I211103_13,2,3,DT,0.722307862801302,0.7460298635109849,0.7421820859033285,0.7460298635109849,0.7317053165884606,0.7075261618331936,0,1.533860683441162,0.16955780982971191,6.79362154006958
A211206-I211103_13,3,4,DT,0.7218919733332669,0.7436544961986084,0.7420857628904988,0.7436544961986084,0.730014012027626,0.7070877565951985,0,1.577639102935791,0.16906213760375977,7.134272813796997
A211206-I211103_13,4,5,DT,0.7222754881720537,0.7458814706624237,0.7421962330104382,0.7458814706624237,0.7314437249137545,0.7074932070778361,0,1.6813368797302246,0.18189048767089844,7.053555965423584
