Dataset,T,CV,ML,Acc,b_Acc,Prec,Rec,F1,kap,ROC,tra-T,test-T,Al-Time
A211206-A211117_13,0,1,DT,0.7077225301922604,0.7011529493915561,0.7360208381287195,0.7011529493915561,0.6459665808011766,0.6915552421427207,0,1.675046682357788,0.17382407188415527,7.767326831817627
A211206-A211117_13,1,2,DT,0.7086150650132994,0.7020694122586002,0.7228347638002658,0.7020694122586002,0.6412829347594421,0.6925262494382629,0,1.7796809673309326,0.19147896766662598,7.910098314285278
A211206-A211117_13,2,3,DT,0.6945626247167919,0.6857069595603614,0.712245625257168,0.6857069595603614,0.655468907709747,0.677587875992478,0,1.7414665222167969,0.18870019912719727,7.896835565567017
A211206-A211117_13,3,4,DT,0.7084135248924197,0.7026050576919827,0.73192837309434,0.7026050576919827,0.6480802153001963,0.6922762203070107,0,1.606199026107788,0.18134665489196777,7.746371269226074
A211206-A211117_13,4,5,DT,0.7081831933256999,0.7015037513709923,0.723690294025521,0.7015037513709923,0.6677721243708795,0.691962540261416,0,1.7449510097503662,0.18660998344421387,7.8245532512664795
