Dataset,T,CV,ML,Acc,b_Acc,Prec,Rec,F1,kap,ROC,tra-T,test-T,Al-Time
A211105-A211125_13,0,1,DT,0.7977559225971066,0.7746910787377127,0.776145227074047,0.7746910787377127,0.7354141042722587,0.7873789571794622,0,1.2465286254882812,0.14776849746704102,6.718262195587158
A211105-A211125_13,1,2,DT,0.7976879519395166,0.774220380763568,0.7484789536812743,0.774220380763568,0.734173200681686,0.7873028563541374,0,1.4125275611877441,0.15918970108032227,6.860719680786133
A211105-A211125_13,2,3,DT,0.7979938198986715,0.7749196833034969,0.7774953900633156,0.7749196833034969,0.7362143409450098,0.7876253686089255,0,1.3972229957580566,0.16367149353027344,6.570113182067871
A211105-A211125_13,3,4,DT,0.7976539666107216,0.7745059833971486,0.7765576315468318,0.7745059833971486,0.7349305977537456,0.7872683375633506,0,1.3583407402038574,0.14125442504882812,6.312542676925659
A211105-A211125_13,4,5,DT,0.7987754824609561,0.775001493162381,0.7505269056929211,0.775001493162381,0.7363186058814375,0.78844012732201,0,1.2819905281066895,0.1466691493988037,6.1763739585876465
