Dataset,T,CV,ML,Acc,b_Acc,Prec,Rec,F1,kap,ROC,tra-T,test-T,Al-Time
A211112-I211115_13,0,1,DT,0.9424912121178519,0.8992195433502046,0.9126501305981052,0.8992195433502046,0.8960516779610121,0.9391794985020572,0,1.7103564739227295,0.24688053131103516,6.878330707550049
A211112-I211115_13,1,2,DT,0.9424912121178519,0.8992195433502046,0.9127121732837797,0.8992195433502046,0.8960827493310295,0.9391794152889671,0,1.6219279766082764,0.23639297485351562,6.268018960952759
A211112-I211115_13,2,3,DT,0.9424956476419645,0.8992255612836464,0.9126664755050762,0.8992255612836464,0.8960627677759748,0.939184185051491,0,1.6194062232971191,0.2368783950805664,6.322854518890381
A211112-I211115_13,3,4,DT,0.9424091549217685,0.8990986825016826,0.9126676869747442,0.8990986825016826,0.8958920907148538,0.9390924107528306,0,1.6504490375518799,0.23775601387023926,6.301746606826782
A211112-I211115_13,4,5,DT,0.9426021002206674,0.8993822084552863,0.9126473734383173,0.8993822084552863,0.8962667691664241,0.9392971927229196,0,1.6368403434753418,0.24868154525756836,6.343478202819824
