Dataset,T,CV,ML,Acc,b_Acc,Prec,Rec,F1,kap,ROC,tra-T,test-T,Al-Time
A211112-A211208_13,0,1,DT,0.8228384407299741,0.7726854907547606,0.7868734218894818,0.7726854907547606,0.7374908916673781,0.8063578102035547,0,1.4262149333953857,0.15268754959106445,6.610708951950073
A211112-A211208_13,1,2,DT,0.8230958292958657,0.7734819184440574,0.7889041992425866,0.7734819184440574,0.7393166845973399,0.8066656544282682,0,1.4157037734985352,0.14492511749267578,6.533805847167969
A211112-A211208_13,2,3,DT,0.8230251736111112,0.7713133704290128,0.7886740787246177,0.7713133704290128,0.7379501635691401,0.8065923262306024,0,1.4368479251861572,0.14975404739379883,6.711125373840332
A211112-A211208_13,3,4,DT,0.8228712451550387,0.7703709869685393,0.7883814571729979,0.7703709869685393,0.7368873609464174,0.8064261307751028,0,1.4140753746032715,0.16558384895324707,6.714347839355469
A211112-A211208_13,4,5,DT,0.8230024628552972,0.7748825825505368,0.7884935632825202,0.7748825825505368,0.7404347134322512,0.8065687280511877,0,1.4105117321014404,0.14384889602661133,6.628214120864868
