Dataset,T,CV,ML,Acc,b_Acc,Prec,Rec,F1,kap,ROC,tra-T,test-T,Al-Time
A211108-I211122_13,0,1,DT,0.813507808071837,0.7754010784857114,0.6959748698956353,0.7754010784857114,0.7131094105130897,0.8032735950444202,0,1.8767695426940918,0.17261958122253418,7.457313299179077
A211108-I211122_13,1,2,DT,0.7939552715084597,0.7592617653416357,0.6951842985181235,0.7592617653416357,0.7078808287024635,0.7827832310611753,0,1.9399306774139404,0.17048001289367676,7.535355567932129
A211108-I211122_13,2,3,DT,0.8134497886755064,0.7753789837026963,0.6959083318712602,0.7753789837026963,0.7131008991449996,0.8032120139238463,0,1.9693336486816406,0.17194771766662598,8.85563325881958
A211108-I211122_13,3,4,DT,0.8135613644376805,0.7756061887190889,0.7223725401790737,0.7756061887190889,0.735139529415827,0.8032477239854163,0,1.8432974815368652,0.18303227424621582,7.742009162902832
A211108-I211122_13,4,5,DT,0.8133337498828455,0.7751395725663397,0.718758436613414,0.7751395725663397,0.7312398532547042,0.8029403840547154,0,1.9544317722320557,0.19140052795410156,7.7039618492126465
