Dataset,T,CV,ML,Acc,b_Acc,Prec,Rec,F1,kap,ROC,tra-T,test-T,Al-Time
A211115-A211206_13,0,1,DT,0.712760950914499,0.7770942372202652,0.7920015645222143,0.7770942372202652,0.7392340704984496,0.7009687558835416,0,1.8693609237670898,0.16141891479492188,7.30355167388916
A211115-A211206_13,1,2,DT,0.7124045635854392,0.7765972329769878,0.7905381932175543,0.7765972329769878,0.7391707472718293,0.7005994648578794,0,1.9572246074676514,0.16486525535583496,7.408338785171509
A211115-A211206_13,2,3,DT,0.7124639614736159,0.7741329597876986,0.7877920208268279,0.7741329597876986,0.7374958176695668,0.700658061983715,0,1.922001838684082,0.17623138427734375,7.36676549911499
A211115-A211206_13,3,4,DT,0.712285767809086,0.7748114488200408,0.7917844033487911,0.7748114488200408,0.7376916832400392,0.7004741446688653,0,1.8105676174163818,0.15671849250793457,7.127115488052368
A211115-A211206_13,4,5,DT,0.7125005140201861,0.7742431846938411,0.7878989616824728,0.7742431846938411,0.7374812158296301,0.7006960628117606,0,1.728100061416626,0.17772221565246582,7.343790292739868
