Dataset,T,CV,ML,Acc,b_Acc,Prec,Rec,F1,kap,ROC,tra-T,test-T,Al-Time
A211108-I211102_13,0,1,DT,0.736943672905379,0.888294116825943,0.9520489248917712,0.888294116825943,0.8678902835841001,0.725385993031341,0,1.6428327560424805,0.19073104858398438,8.219829559326172
A211108-I211102_13,1,2,DT,0.7368404333678127,0.8906540715452846,0.9513469158423477,0.8906540715452846,0.8692746281856546,0.725283546083882,0,1.8484187126159668,0.18915462493896484,8.430287837982178
A211108-I211102_13,2,3,DT,0.7369694827897706,0.8896849248644203,0.9514864366397797,0.8896849248644203,0.8689286645975577,0.7254116857737389,0,1.8948709964752197,0.2030503749847412,9.15221619606018
A211108-I211102_13,3,4,DT,0.7368920531365958,0.8920920829974379,0.9517746140283655,0.8920920829974379,0.8703542567813713,0.7253405223593278,0,1.7162902355194092,0.19597077369689941,8.178431749343872
A211108-I211102_13,4,5,DT,0.7369178630209874,0.8899927230806435,0.9508567893009032,0.8899927230806435,0.8694238008013294,0.7253618323898137,0,1.749436378479004,0.1814737319946289,8.316028833389282
