Dataset,T,CV,ML,Acc,b_Acc,Prec,Rec,F1,kap,ROC,tra-T,test-T,Al-Time
A211124-I211210_13,0,1,DT,0.7944521353750785,0.7655503183486075,0.7990770743331026,0.7655503183486075,0.7569733798472755,0.7823305532701746,0,1.2222635746002197,0.17285633087158203,7.217060327529907
A211124-I211210_13,1,2,DT,0.7508398338758983,0.734422969009216,0.7712861927533979,0.734422969009216,0.7039948844965096,0.736528233771073,0,1.2707066535949707,0.1901998519897461,7.3565592765808105
A211124-I211210_13,2,3,DT,0.7944521353750785,0.7662967335993374,0.798332891798038,0.7662967335993374,0.7569218603889484,0.782330293818068,0,1.1574878692626953,0.17224454879760742,7.2982399463653564
A211124-I211210_13,3,4,DT,0.7943907129256458,0.7653659443851845,0.7994021342242352,0.7653659443851845,0.7569359720910592,0.7822585692852948,0,1.224299669265747,0.17265629768371582,7.440062046051025
A211124-I211210_13,4,5,DT,0.7944686721883873,0.7655975348750651,0.7993009396391498,0.7655975348750651,0.7569564139783573,0.7823471899045449,0,1.2549796104431152,0.18578267097473145,7.519833326339722
