Dataset,T,CV,ML,Acc,b_Acc,Prec,Rec,F1,kap,ROC,tra-T,test-T,Al-Time
A211115-A211122_13,0,1,DT,0.8178223217668131,0.9292718366697608,0.8921878490780383,0.9292718366697608,0.894458873859921,0.8096688589322254,0,1.9667844772338867,0.18821406364440918,7.520118951797485
A211115-A211122_13,1,2,DT,0.8180239217171885,0.9305422379281991,0.9092356239228555,0.9305422379281991,0.8955136321908684,0.8098804829804284,0,2.0931711196899414,0.17330360412597656,7.645547866821289
A211115-A211122_13,2,3,DT,0.8180527217100992,0.9306556166130063,0.9093018809208941,0.9306556166130063,0.8955993709482325,0.8099106269538605,0,2.0864083766937256,0.16467070579528809,7.551280736923218
A211115-A211122_13,3,4,DT,0.8179707524995071,0.9301714534090331,0.9147376170104188,0.9301714534090331,0.8954708362262961,0.8098247087007334,0,2.084625482559204,0.18027639389038086,7.831865549087524
A211115-A211122_13,4,5,DT,0.8183163524144363,0.9322826370018618,0.916869217128314,0.9322826370018618,0.8976288457471584,0.8101971077283685,0,2.036593437194824,0.16354751586914062,8.471349000930786
