Dataset,T,CV,ML,Acc,b_Acc,Prec,Rec,F1,kap,ROC,tra-T,test-T,Al-Time
A211122-A211123_13,0,1,DT,0.9912154773891109,0.9617058213604512,0.9586750025528438,0.9617058213604512,0.9596682407557434,0.9905570674761236,0,1.6272475719451904,0.18660521507263184,8.0946364402771
A211122-A211123_13,1,2,DT,0.991367046672513,0.962094628123204,0.9587842699463636,0.962094628123204,0.959942706349523,0.9907200293258339,0,1.5508079528808594,0.1867973804473877,8.047115325927734
A211122-A211123_13,2,3,DT,0.9912024857362478,0.9614182004420841,0.9586875686124355,0.9614182004420841,0.9595138490982117,0.990543087658672,0,1.5762739181518555,0.17184829711914062,8.066165924072266
A211122-A211123_13,3,4,DT,0.991141858022887,0.9613018404621011,0.9585852417487026,0.9613018404621011,0.959409617949128,0.9904779082962161,0,1.6015660762786865,0.18595004081726074,8.152122497558594
A211122-A211123_13,4,5,DT,0.9911137094416838,0.961157485702163,0.958565504829752,0.961157485702163,0.9593170485551622,0.9904476320930504,0,1.500356912612915,0.19306254386901855,7.833924055099487
