Dataset,T,CV,ML,Acc,b_Acc,Prec,Rec,F1,kap,ROC,tra-T,test-T,Al-Time
A211123-A211109_13,0,1,DT,0.8685177586492228,0.7969591893452626,0.7724565812250026,0.7969591893452626,0.7782154040941178,0.8599599492083446,0,1.6524968147277832,0.16063308715820312,7.883565187454224
A211123-A211109_13,1,2,DT,0.8684837534486941,0.7969379751095855,0.7407164388970066,0.7969379751095855,0.7532667894903015,0.8600429841824426,0,1.545442819595337,0.17844700813293457,7.7724690437316895
A211123-A211109_13,2,3,DT,0.8684542822749026,0.7967064722514456,0.8056265515864376,0.7967064722514456,0.7780903299982981,0.8598924726364783,0,1.5945453643798828,0.1667191982269287,7.8778533935546875
A211123-A211109_13,3,4,DT,0.8684837534486941,0.7968497229401509,0.8056802866639875,0.7968497229401509,0.7781897518344202,0.8599239112974838,0,1.7920191287994385,0.21721863746643066,8.496581554412842
A211123-A211109_13,4,5,DT,0.8683704027802652,0.7963695019557069,0.7721912268903802,0.7963695019557069,0.7777834241612838,0.85980296906878,0,1.6474380493164062,0.1882951259613037,8.354130029678345
