Dataset,T,CV,ML,Acc,b_Acc,Prec,Rec,F1,kap,ROC,tra-T,test-T,Al-Time
A211118-A211109_13,0,1,DT,0.8573481837822398,0.8196692436905291,0.8176279710873938,0.8196692436905291,0.7896916952365467,0.8484983999006706,0,1.1058318614959717,0.20185446739196777,7.686509132385254
A211118-A211109_13,1,2,DT,0.8575114087447774,0.8196886725497179,0.8176673533791529,0.8196886725497179,0.7897652298425404,0.8486687136593938,0,1.0024051666259766,0.13683128356933594,7.69939398765564
A211118-A211109_13,2,3,DT,0.8575250108249889,0.8207175145868246,0.8177448607653336,0.8207175145868246,0.7904250460702315,0.8486843804142231,0,1.058657169342041,0.17056608200073242,7.640923500061035
A211118-A211109_13,3,4,DT,0.8574229952234028,0.8206848874497472,0.8177179086372042,0.8206848874497472,0.7903768088600184,0.8485771047622273,0,1.0904648303985596,0.16702055931091309,7.474092721939087
A211118-A211109_13,4,5,DT,0.8571985608999136,0.8209717287189195,0.8176447741971586,0.8209717287189195,0.7904732795219525,0.8483423569548749,0,0.9918918609619141,0.15289902687072754,7.294133424758911
