Dataset,T,CV,ML,Acc,b_Acc,Prec,Rec,F1,kap,ROC,tra-T,test-T,Al-Time
A211208-A211110_13,0,1,DT,0.7443091739303906,0.6928341108793153,0.6905338833226821,0.6928341108793153,0.6692292217164774,0.7250836755679506,0,1.3805310726165771,0.19866442680358887,8.558764934539795
A211208-A211110_13,1,2,DT,0.742909556872373,0.6896009954715335,0.6703793744018053,0.6896009954715335,0.6544443688080998,0.7235347229133489,0,1.340634822845459,0.19420981407165527,8.454606533050537
A211208-A211110_13,2,3,DT,0.7443915043455682,0.6929559906657483,0.6844981589773623,0.6929559906657483,0.6657468172424196,0.7251189027701959,0,1.437706708908081,0.18472528457641602,8.480114698410034
A211208-A211110_13,3,4,DT,0.7430467742310023,0.6898984704928718,0.677714720217126,0.6898984704928718,0.6332876010725296,0.7237385048329865,0,1.6185333728790283,0.19478774070739746,8.680046796798706
A211208-A211110_13,4,5,DT,0.7428821134006472,0.6895459408501617,0.6833441628555446,0.6895459408501617,0.6363195325947189,0.7236139285644425,0,1.5104701519012451,0.1733388900756836,8.062181234359741
