Dataset,T,CV,ML,Acc,b_Acc,Prec,Rec,F1,kap,ROC,tra-T,test-T,Al-Time
A211206-A211116_13,0,1,DT,0.8752376861956543,0.768898135876645,0.7566784650379538,0.768898135876645,0.7485230949474697,0.8634458588650805,0,1.947467565536499,0.18404388427734375,8.99927282333374
A211206-A211116_13,1,2,DT,0.8757706499033637,0.7699650120718456,0.7636295605574271,0.7699650120718456,0.7288184703649419,0.8640540552731786,0,1.6291062831878662,0.19337868690490723,8.845603942871094
A211206-A211116_13,2,3,DT,0.8750854108505944,0.7687489065746257,0.7627267854772638,0.7687489065746257,0.7268678429224505,0.8633045873733194,0,1.6736514568328857,0.2112734317779541,8.678291082382202
A211206-A211116_13,3,4,DT,0.8756691330066572,0.769773514836562,0.7563565215296736,0.769773514836562,0.7502749803206412,0.8639116621537603,0,1.6625752449035645,0.21520519256591797,8.928207874298096
A211206-A211116_13,4,5,DT,0.8752630654198309,0.7688967852655566,0.756740325207734,0.7688967852655566,0.748427033615777,0.8634743465754984,0,1.6885161399841309,0.2201988697052002,8.9618501663208
