Dataset,T,CV,ML,Acc,b_Acc,Prec,Rec,F1,kap,ROC,tra-T,test-T,Al-Time
A211225-A211109_13,0,1,DT,0.8871208703517725,0.8387574615500059,0.8467552514025596,0.8387574615500059,0.8388791915226204,0.8799792262932259,0,1.275787353515625,0.2284989356994629,5.954009056091309
A211225-A211109_13,1,2,DT,0.8871322054186154,0.8395465657162117,0.8468684336820136,0.8395465657162117,0.839311540531544,0.879991277631676,0,1.4208159446716309,0.24090933799743652,5.95697283744812
A211225-A211109_13,2,3,DT,0.8870029856566064,0.8387178660184191,0.8467354582759492,0.8387178660184191,0.8387788948297313,0.8798536973687585,0,1.3827152252197266,0.2176060676574707,5.808754205703735
A211225-A211109_13,3,4,DT,0.8581461724879792,0.8043124353211639,0.8052594733324347,0.8043124353211639,0.797513575355572,0.8491707714969599,0,1.406895399093628,0.27286744117736816,5.757044553756714
A211225-A211109_13,4,5,DT,0.8582051148355622,0.8044642697221532,0.8166186732527102,0.8044642697221532,0.7977710884408168,0.8492335047859589,0,1.4570603370666504,0.2180955410003662,5.838059663772583
