Dataset,T,CV,ML,Acc,b_Acc,Prec,Rec,F1,kap,ROC,tra-T,test-T,Al-Time
A211118-A211123_13,0,1,DT,0.9904597962475776,0.9599561021349955,0.9558806756217435,0.9599561021349955,0.9573575189169629,0.989744756309404,0,1.0961062908172607,0.1760401725769043,7.975468635559082
A211118-A211123_13,1,2,DT,0.9905680600214363,0.9602073268791936,0.9562577062263629,0.9602073268791936,0.9576781367209134,0.989861107856538,0,1.1058375835418701,0.16674113273620605,7.925043344497681
A211118-A211123_13,2,3,DT,0.9903991685342167,0.9596657072203992,0.9559167792604103,0.9596657072203992,0.9572199760483212,0.9896795647468842,0,1.088737964630127,0.176039457321167,8.67467975616455
A211118-A211123_13,3,4,DT,0.9903710199530136,0.9595286337199783,0.9558861708376664,0.9595286337199783,0.9571258800494483,0.9896492914878564,0,1.0547749996185303,0.1889190673828125,8.394096374511719
A211118-A211123_13,4,5,DT,0.9905117628590298,0.9598484325617616,0.9561974817431035,0.9598484325617616,0.9574713448585451,0.9898005927531194,0,1.112091302871704,0.18082427978515625,8.292126417160034
