Dataset,T,CV,ML,Acc,b_Acc,Prec,Rec,F1,kap,ROC,tra-T,test-T,Al-Time
A211102-I211115_13,0,1,DT,0.7311628835342256,0.7734069310349146,0.6821373472196847,0.7734069310349146,0.7065749706562287,0.7182413486470628,0,1.1332767009735107,0.185502290725708,7.429743051528931
A211102-I211115_13,1,2,DT,0.7314467570774331,0.7740182298348278,0.6822808243990102,0.7740182298348278,0.7069958580123937,0.7185390046623481,0,1.2103838920593262,0.19154691696166992,7.51034951210022
A211102-I211115_13,2,3,DT,0.731244940730309,0.7734922564658171,0.68228853006882,0.7734922564658171,0.7067258108668688,0.7183259678225036,0,1.2817661762237549,0.20087194442749023,7.310602426528931
A211102-I211115_13,3,4,DT,0.7313358689746177,0.773713425446625,0.6822013128221263,0.773713425446625,0.7067831261297954,0.718422618193783,0,1.22694993019104,0.18782687187194824,8.054641962051392
A211102-I211115_13,4,5,DT,0.731216109823577,0.7736325732653822,0.6820607134732298,0.7736325732653822,0.7066467371696528,0.7182982754526381,0,1.3407564163208008,0.18106865882873535,7.783493518829346
