Dataset,T,CV,ML,Acc,b_Acc,Prec,Rec,F1,kap,ROC,tra-T,test-T,Al-Time
A211223-I211122_13,0,1,DT,0.7067588133694541,0.738178742287875,0.6785376820931898,0.738178742287875,0.6796798340670418,0.6923912735270896,0,1.0708398818969727,0.21420931816101074,5.974938631057739
A211223-I211122_13,1,2,DT,0.7062031660738275,0.732252165583103,0.6846569135901942,0.732252165583103,0.6787333368588359,0.6917814126817587,0,1.0300788879394531,0.214766263961792,5.985123157501221
A211223-I211122_13,2,3,DT,0.7062611854701579,0.7310558759616191,0.6843784440949273,0.7310558759616191,0.6776216016208437,0.6918528167865086,0,0.970405101776123,0.21156764030456543,6.218332529067993
A211223-I211122_13,3,4,DT,0.7062946581988102,0.7317063415164047,0.6844022176760173,0.7317063415164047,0.6783357722807981,0.6918872616240314,0,1.0387158393859863,0.22963857650756836,6.3145952224731445
A211223-I211122_13,4,5,DT,0.7057390109031835,0.7306568499562353,0.684185778330105,0.7306568499562353,0.6771157472030646,0.6912927370695656,0,1.121269941329956,0.24519109725952148,6.158471345901489
