Dataset,T,CV,ML,Acc,b_Acc,Prec,Rec,F1,kap,ROC,tra-T,test-T,Al-Time
A211108-A211122_13,0,1,DT,0.8647286486821788,0.7911281504053854,0.7622703787723017,0.7911281504053854,0.7514719618564639,0.8542429510133971,0,2.010164976119995,0.16599535942077637,7.730031967163086
A211108-A211122_13,1,2,DT,0.8647530179069495,0.7911914033923096,0.7456975508729025,0.7911914033923096,0.750647892882473,0.8542714497744024,0,1.864025354385376,0.12292647361755371,6.97704815864563
A211108-A211122_13,2,3,DT,0.8646954179211279,0.7911500844157361,0.7264927083287696,0.7911500844157361,0.7474311788674152,0.8541826746505581,0,1.9179327487945557,0.1797175407409668,7.57683539390564
A211108-A211122_13,3,4,DT,0.8647862486680004,0.7914148636395186,0.7297069997473381,0.7914148636395186,0.7507145184362266,0.8543073180942002,0,1.96380615234375,0.1800861358642578,7.4915008544921875
A211108-A211122_13,4,5,DT,0.8646954179211279,0.7910881623235556,0.7295928396336303,0.7910881623235556,0.7505340876603905,0.8542087864061613,0,1.997032880783081,0.18026971817016602,7.03811502456665
