Dataset,T,CV,ML,Acc,b_Acc,Prec,Rec,F1,kap,ROC,tra-T,test-T,Al-Time
A211116-I211110_13,0,1,DT,0.8535616347306288,0.8908815200224367,0.8980893686889316,0.8908815200224367,0.877943787251657,0.8457609320249418,0,1.7389709949493408,0.20064830780029297,8.218274116516113
A211116-I211110_13,1,2,DT,0.8536173807517565,0.8909330421214842,0.8981317058909166,0.8909330421214842,0.8780814035839837,0.8458196802383529,0,1.7668774127960205,0.19271087646484375,8.767510175704956
A211116-I211110_13,2,3,DT,0.8534823038544086,0.890795845518541,0.8979601123610939,0.890795845518541,0.8779265009146138,0.845677664674053,0,1.5956413745880127,0.18613052368164062,8.265059471130371
A211116-I211110_13,3,4,DT,0.8535337617200649,0.8908643943796641,0.8911486379726165,0.8908643943796641,0.8741734538019973,0.8458447652378829,0,1.7777776718139648,0.1771073341369629,8.313756942749023
A211116-I211110_13,4,5,DT,0.8536216689072279,0.8911687672497722,0.8980548610744415,0.8911687672497722,0.8784282086596922,0.8458251700743354,0,1.7056918144226074,0.2347583770751953,8.02837324142456
