Dataset,T,CV,ML,Acc,b_Acc,Prec,Rec,F1,kap,ROC,tra-T,test-T,Al-Time
A211123-I211115_13,0,1,DT,0.8976547166254533,0.9291826610391802,0.8905243383936235,0.9291826610391802,0.9001451981574715,0.8924786214886293,0,1.7006275653839111,0.18489646911621094,7.968801021575928
A211123-I211115_13,1,2,DT,0.8976591521495658,0.929454151196816,0.8905947831175719,0.929454151196816,0.9003252478079758,0.8924833472649466,0,1.6852118968963623,0.18831181526184082,7.9350080490112305
A211123-I211115_13,2,3,DT,0.8975682239052573,0.9290557822572167,0.8904647620252777,0.9290557822572167,0.9000214647494265,0.8923878812479726,0,1.7452409267425537,0.20537495613098145,7.8440680503845215
A211123-I211115_13,3,4,DT,0.8975105620917931,0.9281747797299924,0.890249710955684,0.9281747797299924,0.8994146146203671,0.8923271826277795,0,1.7047362327575684,0.19514060020446777,8.291611194610596
A211123-I211115_13,4,5,DT,0.8975149976159058,0.9289954465563226,0.8904473520032514,0.9289954465563226,0.8999705003457049,0.8923320118703516,0,1.669579029083252,0.19566130638122559,7.991699934005737
