Dataset,T,CV,ML,Acc,b_Acc,Prec,Rec,F1,kap,ROC,tra-T,test-T,Al-Time
A211125-I211110_13,0,1,DT,0.7990677550005253,0.823669787123773,0.8239543852617758,0.823669787123773,0.7827330100812464,0.7885462472520846,0,1.170341968536377,0.17835688591003418,7.616435289382935
A211125-I211110_13,1,2,DT,0.7994579771484195,0.825115758544822,0.8245054519284487,0.825115758544822,0.7850636451290477,0.7889615567470956,0,1.1949219703674316,0.18619108200073242,7.5809526443481445
A211125-I211110_13,2,3,DT,0.7994022311272917,0.8250529973793636,0.8245452460382646,0.8250529973793636,0.784738264275833,0.7889034595775205,0,1.2493743896484375,0.1676182746887207,7.776071786880493
A211125-I211110_13,3,4,DT,0.7990270175235473,0.8234131950530205,0.8066234243462964,0.8234131950530205,0.7808321891862307,0.7886123807134885,0,1.3416192531585693,0.19013166427612305,8.035292387008667
A211125-I211110_13,4,5,DT,0.7990120089793975,0.8234935695030444,0.8237838983310176,0.8234935695030444,0.7824137230769118,0.7884865037152355,0,1.3431055545806885,0.18908929824829102,7.846466541290283
