Dataset,T,CV,ML,Acc,b_Acc,Prec,Rec,F1,kap,ROC,tra-T,test-T,Al-Time
A211122-A211117_13,0,1,DT,0.7614473681296412,0.8652189387046044,0.892574487815796,0.8652189387046044,0.8460972295869567,0.7493874339416089,0,1.389472246170044,0.18192458152770996,7.5926384925842285
A211122-A211117_13,1,2,DT,0.7611882451170815,0.8648842457194358,0.8929204488916209,0.8648842457194358,0.8456849011960689,0.7491218512127937,0,1.4875478744506836,0.18876242637634277,7.853247165679932
A211122-A211117_13,2,3,DT,0.7617064911422009,0.865076903949929,0.8930363274988153,0.865076903949929,0.8462314599994933,0.749656755790171,0,1.5137653350830078,0.1815948486328125,7.820140600204468
A211122-A211117_13,3,4,DT,0.7613034109004414,0.8652673701399707,0.8926001793894728,0.8652673701399707,0.846252698897777,0.7492401842935859,0,1.5407488346099854,0.21500682830810547,8.32816481590271
A211122-A211117_13,4,5,DT,0.7612170365629215,0.8648720181800749,0.892661538921647,0.8648720181800749,0.8457001320616157,0.7491491287460506,0,1.5092926025390625,0.19280719757080078,7.892211675643921
