Dataset,T,CV,ML,Acc,b_Acc,Prec,Rec,F1,kap,ROC,tra-T,test-T,Al-Time
A211110-A211122_13,0,1,DT,0.8332413948944258,0.907102260240175,0.8657191237276155,0.907102260240175,0.86592146825109,0.8232733481764049,0,1.7487502098083496,0.20972061157226562,5.732843637466431
A211110-A211122_13,1,2,DT,0.8332125949015151,0.9070701305350269,0.8656421154660332,0.9070701305350269,0.8658583090792853,0.8232429932267645,0,1.6901800632476807,0.20774102210998535,5.907787799835205
A211110-A211122_13,2,3,DT,0.833245825662566,0.9075228166325967,0.8657142211465179,0.9075228166325967,0.866132735223887,0.8232785802024515,0,1.7525923252105713,0.20717096328735352,6.2201478481292725
A211110-A211122_13,3,4,DT,0.8333034256483876,0.907373872141781,0.8660959073362681,0.907373872141781,0.8662672852659444,0.8233387109801453,0,1.7033727169036865,0.19987010955810547,5.836910247802734
A211110-A211122_13,4,5,DT,0.8332701948873367,0.907550529864299,0.8657704185681212,0.907550529864299,0.8661817927610295,0.8233043652845657,0,1.7421913146972656,0.24686312675476074,5.991850852966309
