Dataset,T,CV,ML,Acc,b_Acc,Prec,Rec,F1,kap,ROC,tra-T,test-T,Al-Time
A211228-I211115_13,0,1,DT,0.6795688670562535,0.6619171298088115,0.6339980391421302,0.6619171298088115,0.620857746475006,0.662917804042445,0,1.5075840950012207,0.20455241203308105,7.8685314655303955
A211228-I211115_13,1,2,DT,0.6793382198023974,0.6618768556010937,0.6327206847254446,0.6618768556010937,0.6200182522903221,0.6626899465283249,0,1.5015087127685547,0.18877696990966797,7.439647436141968
A211228-I211115_13,2,3,DT,0.6794535434293255,0.6616146931316372,0.6332489045476906,0.6616146931316372,0.6203905571769265,0.6628039152929667,0,1.5411632061004639,0.18632268905639648,7.881072521209717
A211228-I211115_13,3,4,DT,0.6794934631463391,0.6622341415839484,0.6340213856214967,0.6622341415839484,0.6210453004943751,0.6628422227046685,0,1.5562679767608643,0.18231511116027832,7.737769842147827
A211228-I211115_13,4,5,DT,0.6784888169348311,0.660797515605795,0.6338931603720103,0.660797515605795,0.6190300357962012,0.6617816845678223,0,1.5098788738250732,0.18889427185058594,7.8780457973480225
