Dataset,T,CV,ML,Acc,b_Acc,Prec,Rec,F1,kap,ROC,tra-T,test-T,Al-Time
A211109-A211116_13,0,1,DT,0.7220935907697714,0.7943295149665129,0.7344263113072853,0.7943295149665129,0.7303024958740562,0.703502186066191,0,1.7508158683776855,0.20304608345031738,8.723758697509766
A211109-A211116_13,1,2,DT,0.7221443492181246,0.7944360500031026,0.7367559145122987,0.7944360500031026,0.7319734796012027,0.7035348613966388,0,1.593034029006958,0.23197436332702637,9.096983194351196
A211109-A211116_13,2,3,DT,0.7218905569763583,0.7939208167039331,0.7340427857214092,0.7939208167039331,0.7294252197609289,0.703286726804037,0,1.664968490600586,0.1987156867980957,8.608653545379639
A211109-A211116_13,3,4,DT,0.722118969993948,0.794405679516806,0.734071562898272,0.794405679516806,0.7302453080574469,0.7035295323681573,0,1.6721856594085693,0.18758773803710938,8.994178056716919
A211109-A211116_13,4,5,DT,0.7221443492181246,0.7944604348027969,0.7339911138644556,0.7944604348027969,0.730208821143522,0.703556324755658,0,1.765627145767212,0.1874997615814209,8.70334768295288
