Dataset,T,CV,ML,Acc,b_Acc,Prec,Rec,F1,kap,ROC,tra-T,test-T,Al-Time
A211110-A211116_13,0,1,DT,0.7743376998613903,0.9040260166389614,0.8754320133913585,0.9040260166389614,0.8688170204699955,0.7624538120802734,0,1.7693548202514648,0.276686429977417,6.720108270645142
A211110-A211116_13,1,2,DT,0.7742869414130371,0.9041377188108299,0.8754379850559317,0.9041377188108299,0.8688654917696113,0.7624009635910952,0,1.6736962795257568,0.28288960456848145,6.691793203353882
A211110-A211116_13,2,3,DT,0.7743123206372138,0.9044206997917162,0.8754707568203155,0.9044206997917162,0.869019797422695,0.7624274426757683,0,1.7713432312011719,0.2338547706604004,7.587915897369385
A211110-A211116_13,3,4,DT,0.7745153544306269,0.9052744948986,0.8759167265914045,0.9052744948986,0.8696119327737936,0.7626424963308728,0,1.8133354187011719,0.2303309440612793,6.904662847518921
A211110-A211116_13,4,5,DT,0.7745407336548035,0.90542306922289,0.8759204813122538,0.90542306922289,0.8697071734682641,0.7626683086742505,0,1.7285315990447998,0.24674534797668457,6.690067768096924
