Dataset,T,CV,ML,Acc,b_Acc,Prec,Rec,F1,kap,ROC,tra-T,test-T,Al-Time
A211123-I211119_13,0,1,DT,0.982163867067299,0.9511043808245504,0.9283646914721901,0.9511043808245504,0.928020389713502,0.9811162459362036,0,1.4843804836273193,0.1807842254638672,7.322655200958252
A211123-I211119_13,1,2,DT,0.9819579698077688,0.9506894521395889,0.9281093199794739,0.9506894521395889,0.9274694687936005,0.980898311438274,0,1.5305917263031006,0.236433744430542,7.900211811065674
A211123-I211119_13,2,3,DT,0.9821344531730805,0.9510660999738639,0.9283135739009848,0.9510660999738639,0.9279323631135177,0.981085147405611,0,1.6687376499176025,0.20605134963989258,8.099348068237305
A211123-I211119_13,3,4,DT,0.9819285559135503,0.9505659190046758,0.9280950358041438,0.9505659190046758,0.9274639856740655,0.9808671068440669,0,1.5320394039154053,0.18863582611083984,7.816429138183594
A211123-I211119_13,4,5,DT,0.9822226948557362,0.9511881863303677,0.9284318003157416,0.9511881863303677,0.9281784618191344,0.9811785131076218,0,1.5472676753997803,0.18485450744628906,7.81688666343689
