Dataset,T,CV,ML,Acc,b_Acc,Prec,Rec,F1,kap,ROC,tra-T,test-T,Al-Time
A211228-I211112_13,0,1,DT,0.6482288895457681,0.648683165354777,0.6006687450382638,0.648683165354777,0.600833895584211,0.6289613858124514,0,1.5068695545196533,0.20345258712768555,8.900089025497437
A211228-I211112_13,1,2,DT,0.6473215751962427,0.6479299289500275,0.5951699652897564,0.6479299289500275,0.5972947971945816,0.6282073537521407,0,1.5248839855194092,0.20511794090270996,8.403830766677856
A211228-I211112_13,2,3,DT,0.6481488323972805,0.6483102518226824,0.5964765109613683,0.6483102518226824,0.59836406388356,0.6289756770701527,0,1.4967880249023438,0.19017601013183594,8.414628505706787
A211228-I211112_13,3,4,DT,0.6463075179820672,0.6447158920069943,0.5998056377677915,0.6447158920069943,0.5971460007076789,0.6269390446502907,0,1.524763584136963,0.2009105682373047,8.43547773361206
A211228-I211112_13,4,5,DT,0.6482288895457681,0.6479044453967489,0.5951056141996998,0.6479044453967489,0.5972770051648902,0.6291394805555324,0,1.5101442337036133,0.1938152313232422,8.296898126602173
