Dataset,T,CV,ML,Acc,b_Acc,Prec,Rec,F1,kap,ROC,tra-T,test-T,Al-Time
A211108-I211115_13,0,1,DT,0.7206750867699404,0.7215596781361958,0.6467737296109585,0.7215596781361958,0.6688282313395494,0.7066733526536579,0,1.943094253540039,0.17907071113586426,8.013261795043945
A211108-I211115_13,1,2,DT,0.7207904103968685,0.7220095362472261,0.6802130372106807,0.7220095362472261,0.6695597044279402,0.7067943263701394,0,1.7144227027893066,0.18788862228393555,7.748309135437012
A211108-I211115_13,2,3,DT,0.7207460551557423,0.7218623133611852,0.6197129052573148,0.7218623133611852,0.6475904504898211,0.7068708760096052,0,1.940359115600586,0.18464303016662598,7.595919370651245
A211108-I211115_13,3,4,DT,0.7207371841075171,0.721694832754667,0.6463233508201991,0.721694832754667,0.6685363259923428,0.7067410393782846,0,1.9331011772155762,0.2009875774383545,8.058454513549805
A211108-I211115_13,4,5,DT,0.7205442388086182,0.721396449530322,0.6796833824686631,0.721396449530322,0.6688282750036865,0.706539222151942,0,1.884584903717041,0.17047476768493652,7.8885650634765625
