Dataset,T,CV,ML,Acc,b_Acc,Prec,Rec,F1,kap,ROC,tra-T,test-T,Al-Time
A211110-I211103_13,0,1,DT,0.8000069729970688,0.7530069088020139,0.7418957899625714,0.7530069088020139,0.7331707859627774,0.7886931052822703,0,1.6163949966430664,0.15126490592956543,6.605374336242676
A211110-I211103_13,1,2,DT,0.8006544655820336,0.7544266429072344,0.7421094652886178,0.7544266429072344,0.7350331675636279,0.789376900252878,0,1.6242992877960205,0.18296575546264648,6.724106788635254
A211110-I211103_13,2,3,DT,0.8000343669141251,0.7535860430691111,0.7417251152238642,0.7535860430691111,0.733393930215173,0.78872340485828,0,1.5015861988067627,0.14469575881958008,6.628681421279907
A211110-I211103_13,3,4,DT,0.7999422237385724,0.7530217913224654,0.7416379769263912,0.7530217913224654,0.7330089584161417,0.7886244171117044,0,1.6025755405426025,0.14673566818237305,6.60241961479187
A211110-I211103_13,4,5,DT,0.800298344660303,0.7539047700040842,0.7418456692928125,0.7539047700040842,0.734393091068774,0.7890033040283749,0,1.5977849960327148,0.15247035026550293,6.364493370056152
