Dataset,T,CV,ML,Acc,b_Acc,Prec,Rec,F1,kap,ROC,tra-T,test-T,Al-Time
A211102-A211109_13,0,1,DT,0.9765658828090109,0.946991166893432,0.957222277500746,0.946991166893432,0.9501073594749072,0.9750636168087705,0,0.7343769073486328,0.10936522483825684,6.267717361450195
A211102-A211109_13,1,2,DT,0.9766565633437541,0.9484479734660608,0.9572830323650867,0.9484479734660608,0.9510297643555402,0.9751601864876894,0,1.2529985904693604,0.1672818660736084,6.85297155380249
A211102-A211109_13,2,3,DT,0.9766452282769111,0.9475073955537604,0.9573338642844019,0.9475073955537604,0.95042316138014,0.9751480807121741,0,1.4190335273742676,0.19579482078552246,7.930511474609375
A211102-A211109_13,3,4,DT,0.9766361602234368,0.9484465714727954,0.9524170062829888,0.9484465714727954,0.9482187608420217,0.9751543076321413,0,1.2462949752807617,0.16997289657592773,7.498038291931152
A211102-A211109_13,4,5,DT,0.9766951025710199,0.9505785837279549,0.9573933781857599,0.9505785837279549,0.9523270486064354,0.9752011835412026,0,1.2706706523895264,0.18204522132873535,7.297551393508911
