Dataset,T,CV,ML,Acc,b_Acc,Prec,Rec,F1,kap,ROC,tra-T,test-T,Al-Time
A211208-I211115_13,0,1,DT,0.6961577272374447,0.6604089181773354,0.6398245892993365,0.6604089181773354,0.644761036403683,0.6783751900524858,0,1.4746875762939453,0.23810553550720215,6.177007675170898
A211208-I211115_13,1,2,DT,0.6955478426719597,0.6597031591529685,0.6410522884869895,0.6597031591529685,0.6449906066043253,0.6777300745298658,0,1.4896600246429443,0.23151254653930664,6.040530443191528
A211208-I211115_13,2,3,DT,0.6955811091028044,0.6599810858498817,0.647323785911158,0.6599810858498817,0.6234047725171101,0.6778978227511525,0,1.4076449871063232,0.20699715614318848,5.927016735076904
A211208-I211115_13,3,4,DT,0.6957407879708586,0.6604604264896624,0.6805168243457358,0.6604604264896624,0.6241103770070898,0.6780698662990812,0,1.4993255138397217,0.2258775234222412,5.989086151123047
A211208-I211115_13,4,5,DT,0.6955921979130859,0.6600460846120423,0.6735556989216515,0.6600460846120423,0.6450965341552061,0.6777764179321452,0,1.6176583766937256,0.23458480834960938,6.392455339431763
