Dataset,T,CV,ML,Acc,b_Acc,Prec,Rec,F1,kap,ROC,tra-T,test-T,Al-Time
A211206-I211112_13,0,1,DT,0.8404419975695471,0.7962771532782882,0.7813244489091262,0.7962771532782882,0.7878156173529832,0.8311746983407865,0,1.8057544231414795,0.21209239959716797,8.85917043685913
A211206-I211112_13,1,2,DT,0.8404625250435183,0.7962978384527398,0.7813181818713006,0.7962978384527398,0.7878226315905018,0.8311966728510032,0,1.8898451328277588,0.2213575839996338,8.759260416030884
A211206-I211112_13,2,3,DT,0.8404091536111932,0.79624274281945,0.7881529167847852,0.79624274281945,0.7661527699421701,0.8311995361150095,0,1.8081340789794922,0.2103278636932373,8.870843410491943
A211206-I211112_13,3,4,DT,0.8219857457220744,0.7792736840743395,0.7696494059722415,0.7792736840743395,0.7739751245534916,0.8116532909437917,0,1.7996807098388672,0.20400404930114746,8.445395946502686
A211206-I211112_13,4,5,DT,0.8218256314250993,0.779262603015891,0.7695382756509922,0.779262603015891,0.7739129101183778,0.8114840750846815,0,1.642063856124878,0.21219921112060547,8.138469696044922
