Dataset,T,CV,ML,Acc,b_Acc,Prec,Rec,F1,kap,ROC,tra-T,test-T,Al-Time
A211123-A211225_13,0,1,DT,0.8027959719141633,0.7852046938807112,0.7235010108793593,0.7852046938807112,0.7344898916547528,0.7926632617302076,0,1.5116114616394043,0.14275717735290527,6.076184511184692
A211123-A211225_13,1,2,DT,0.8031167492371257,0.785237633229235,0.7231090877339629,0.785237633229235,0.7344622447560674,0.7930017508894545,0,1.5344617366790771,0.14954257011413574,6.153127193450928
A211123-A211225_13,2,3,DT,0.8027027545724477,0.7847334523624913,0.7234100816093069,0.7847334523624913,0.734170582140936,0.7925661952639406,0,1.534919261932373,0.1648726463317871,6.566478252410889
A211123-A211225_13,3,4,DT,0.8030454653875785,0.78525247698705,0.7228527878893304,0.78525247698705,0.7342857692549597,0.7929225295544076,0,1.4513216018676758,0.1413276195526123,6.3519206047058105
A211123-A211225_13,4,5,DT,0.7978554528032373,0.7796157990368547,0.7271937466809043,0.7796157990368547,0.731469973995326,0.78753585367969,0,1.3814702033996582,0.14015889167785645,6.315709114074707
