Dataset,T,CV,ML,Acc,b_Acc,Prec,Rec,F1,kap,ROC,tra-T,test-T,Al-Time
A211108-A211105_13,0,1,DT,0.9887106242523592,0.9519338464386687,0.9933977893530063,0.9519338464386687,0.9620217235043029,0.9880953427031558,0,1.9450578689575195,0.14904570579528809,6.15204644203186
A211108-A211105_13,1,2,DT,0.9888352310486908,0.9532083575415238,0.9933592341068601,0.9532083575415238,0.9634435405149584,0.988226834853525,0,1.7843279838562012,0.15109634399414062,5.890644788742065
A211108-A211105_13,2,3,DT,0.988882304727305,0.9524802347595589,0.9934987437058264,0.9524802347595589,0.9625970012715215,0.988276466218806,0,1.5985736846923828,0.14427709579467773,5.9189794063568115
A211108-A211105_13,3,4,DT,0.988807540649506,0.953316423695794,0.9934294827818396,0.953316423695794,0.9633632133016131,0.9881975896901172,0,1.8256840705871582,0.10592770576477051,5.844960689544678
A211108-A211105_13,4,5,DT,0.9888601524079571,0.9533021228114833,0.9934252100796875,0.9533021228114833,0.9636147438725667,0.9882531309336707,0,1.6019830703735352,0.13223004341125488,5.736135005950928
