Dataset,T,CV,ML,Acc,b_Acc,Prec,Rec,F1,kap,ROC,tra-T,test-T,Al-Time
A211116-I211104_13,0,1,DT,0.7666500956599027,0.7231813113149599,0.6898406294141116,0.7231813113149599,0.6691147444679738,0.753181842443365,0,1.7876427173614502,0.1721484661102295,7.09254789352417
A211116-I211104_13,1,2,DT,0.7664216166272477,0.7228985277562129,0.6929912598524923,0.7228985277562129,0.670459514050783,0.7529420225230776,0,1.6739857196807861,0.16485333442687988,6.976639986038208
A211116-I211104_13,2,3,DT,0.766356336903632,0.7224295971825313,0.6915140156223276,0.7224295971825313,0.6685325281339661,0.7528787042660062,0,1.778618574142456,0.16411447525024414,6.937912702560425
A211116-I211104_13,3,4,DT,0.7662960786972176,0.7229292128131237,0.6918508417272804,0.7229292128131237,0.6692184473715828,0.7528139214966032,0,1.8132247924804688,0.16860723495483398,6.97376012802124
A211116-I211104_13,4,5,DT,0.7669815157951824,0.724191287069546,0.6937433005864576,0.724191287069546,0.6723314329291289,0.7535377297981325,0,1.963014841079712,0.16512298583984375,6.971945762634277
