Dataset,T,CV,ML,Acc,b_Acc,Prec,Rec,F1,kap,ROC,tra-T,test-T,Al-Time
A211108-A211112_13,0,1,DT,0.6522771034761832,0.7182888966298862,0.6294070732744541,0.7182888966298862,0.6360925463092433,0.6341518169052647,0,1.7409107685089111,0.1564943790435791,6.970245599746704
A211108-A211112_13,1,2,DT,0.6511245137867459,0.7176780600745556,0.6292441538255977,0.7176780600745556,0.6354049660584825,0.6329689651899109,0,1.7991909980773926,0.15746855735778809,7.173421859741211
A211108-A211112_13,2,3,DT,0.651065406623185,0.7177949618514453,0.6524321300779238,0.7177949618514453,0.6540491286909175,0.6327530633684224,0,1.6939513683319092,0.16643762588500977,7.127601146697998
A211108-A211112_13,3,4,DT,0.6515382639316721,0.718007529869382,0.6522628592073046,0.718007529869382,0.6540984373361254,0.6332478279081261,0,1.7251393795013428,0.1668245792388916,6.946922302246094
A211108-A211112_13,4,5,DT,0.6517451390041352,0.7177487345583841,0.6293737129512544,0.7177487345583841,0.6355018728550452,0.6335998867303789,0,1.6474454402923584,0.18614554405212402,7.163818597793579
