Dataset,T,CV,ML,Acc,b_Acc,Prec,Rec,F1,kap,ROC,tra-T,test-T,Al-Time
A211116-I211102_13,0,1,DT,0.58052386123812,0.6919802727378903,0.6571079013097934,0.6919802727378903,0.639396531503791,0.5654886844306217,0,1.711817979812622,0.22018742561340332,8.4962477684021
A211116-I211102_13,1,2,DT,0.5804464315849452,0.6923326119818027,0.6539189392994315,0.6923326119818027,0.6381809615205102,0.5654263499292462,0,1.7861101627349854,0.21677088737487793,8.815502643585205
A211116-I211102_13,2,3,DT,0.580343192047379,0.6930635339596483,0.6568371289868021,0.6930635339596483,0.6398540429004351,0.5652879724242081,0,1.8155617713928223,0.20510292053222656,8.485079765319824
A211116-I211102_13,3,4,DT,0.5805496711225115,0.6935313346759693,0.6543490887676368,0.6935313346759693,0.6385245138182943,0.5655070866786274,0,1.830986738204956,0.22091388702392578,8.604487180709839
A211116-I211102_13,4,5,DT,0.5807561501976441,0.6926213474310399,0.6551324625018171,0.6926213474310399,0.6387484288820097,0.565730120814494,0,1.750995397567749,0.21204161643981934,8.642581939697266
