Dataset,T,CV,ML,Acc,b_Acc,Prec,Rec,F1,kap,ROC,tra-T,test-T,Al-Time
A211206-I211122_13,0,1,DT,0.8016874718271201,0.7086018897784514,0.7239780138482992,0.7086018897784514,0.6899747742187744,0.7901593552993688,0,1.6973021030426025,0.16954994201660156,7.817318677902222
A211206-I211122_13,1,2,DT,0.8015379603058068,0.7090445108878852,0.7238026758394082,0.7090445108878852,0.6908277968923302,0.7900015679623682,0,1.6005749702453613,0.16955852508544922,7.828582286834717
A211206-I211122_13,2,3,DT,0.8016294524307895,0.7091349948004054,0.7238914211034791,0.7091349948004054,0.6909958936621989,0.7900982265793612,0,1.7666234970092773,0.19800353050231934,8.056692838668823
A211206-I211122_13,3,4,DT,0.8015959797021374,0.7088927300438171,0.7237922889204825,0.7088927300438171,0.690492991330295,0.79006285570808,0,1.653534173965454,0.20073795318603516,7.786548376083374
A211206-I211122_13,4,5,DT,0.8015134136381286,0.708658225184806,0.7238927141907006,0.708658225184806,0.6902190350674753,0.7899766443448767,0,1.6364085674285889,0.16588401794433594,7.8680009841918945
