Dataset,T,CV,ML,Acc,b_Acc,Prec,Rec,F1,kap,ROC,tra-T,test-T,Al-Time
A211112-A211105_13,0,1,DT,0.814053431394267,0.8012497779571534,0.7722671254985983,0.8012497779571534,0.7669492170621284,0.8043142307527197,0,1.438286304473877,0.14394068717956543,6.0980424880981445
A211112-A211105_13,1,2,DT,0.814191883390191,0.8035759654432718,0.7722680194561192,0.8035759654432718,0.7680508778040045,0.8044823436339839,0,1.4223206043243408,0.14501357078552246,6.117518663406372
A211112-A211105_13,2,3,DT,0.8140229719551637,0.8034991793010754,0.7721619776013499,0.8034991793010754,0.767736106607059,0.8043032114060051,0,1.4609239101409912,0.1524796485900879,6.395970582962036
A211112-A211105_13,3,4,DT,0.8141614239510877,0.8025092903689219,0.7722122735341467,0.8025092903689219,0.7673104278897703,0.8044515275278777,0,1.4188125133514404,0.1451878547668457,6.123811960220337
A211112-A211105_13,4,5,DT,0.8136214611669842,0.8021924082778612,0.7722087338146575,0.8021924082778612,0.7665697604742516,0.8038534483056052,0,1.4853756427764893,0.16296863555908203,6.08246636390686
