Dataset,T,CV,ML,Acc,b_Acc,Prec,Rec,F1,kap,ROC,tra-T,test-T,Al-Time
A211105-A211122_13,0,1,DT,0.8192246598831606,0.7596621945082844,0.7374167071956818,0.7596621945082844,0.6933833615238353,0.805531806472193,0,1.453984260559082,0.18038201332092285,7.735955476760864
A211105-A211122_13,1,2,DT,0.8191958598902499,0.7598134637395404,0.7371964554535441,0.7598134637395404,0.6933411329492664,0.8055020003123208,0,1.3084156513214111,0.18518543243408203,7.869775295257568
A211105-A211122_13,2,3,DT,0.8192822598689822,0.759921523643402,0.7378643289385639,0.759921523643402,0.6979569126898179,0.8055123340595302,0,1.3423151969909668,0.18781542778015137,7.745522499084473
A211105-A211122_13,3,4,DT,0.8191958598902499,0.7595200917900093,0.7373539327350996,0.7595200917900093,0.693442080505807,0.8055011130104944,0,1.3303203582763672,0.15639996528625488,7.582869529724121
A211105-A211122_13,4,5,DT,0.8192822598689822,0.7599572074466283,0.7372562892462524,0.7599572074466283,0.6936475659888054,0.8055933804343954,0,1.3857824802398682,0.18152427673339844,7.176321268081665
