Dataset,T,CV,ML,Acc,b_Acc,Prec,Rec,F1,kap,ROC,tra-T,test-T,Al-Time
A211124-I211125_13,0,1,DT,0.9665375487798721,0.9094061806971591,0.9040531756906771,0.9094061806971591,0.8969994536871262,0.9646058702746005,0,1.0680592060089111,0.17076563835144043,7.009753704071045
A211124-I211125_13,1,2,DT,0.9665375487798721,0.9094455584504137,0.9035690662932324,0.9094455584504137,0.8964966970164908,0.9646060498305093,0,1.0845696926116943,0.1897430419921875,6.888423204421997
A211124-I211125_13,2,3,DT,0.96650629119089,0.909400526835375,0.9044137335809872,0.909400526835375,0.8973004963398011,0.9645727523831397,0,1.125849962234497,0.14955973625183105,7.220993757247925
A211124-I211125_13,3,4,DT,0.9662874880680166,0.9089930366083049,0.9040635793073494,0.9089930366083049,0.896455603128653,0.9643414457397922,0,1.1745085716247559,0.19137024879455566,7.372019290924072
A211124-I211125_13,4,5,DT,0.966568806368854,0.9095070113869187,0.9037381956405708,0.9095070113869187,0.8967335601237946,0.9646390542245722,0,1.2800493240356445,0.18221640586853027,7.130941152572632
