Dataset,T,CV,ML,Acc,b_Acc,Prec,Rec,F1,kap,ROC,tra-T,test-T,Al-Time
A211223-A211123_13,0,1,DT,0.678502062424892,0.717500847859799,0.6841023435970731,0.717500847859799,0.660531330980549,0.6634521067091821,0,1.093562126159668,0.23333287239074707,6.66774845123291
A211223-A211123_13,1,2,DT,0.6788679939805342,0.718573368541042,0.6837177981968627,0.718573368541042,0.6617009359537855,0.6638352912515952,0,1.0444841384887695,0.2249908447265625,6.37636923789978
A211223-A211123_13,2,3,DT,0.6780516851256401,0.7161249876195552,0.6813970539478816,0.7161249876195552,0.6576467829052329,0.6629771000701206,0,1.2191059589385986,0.24493002891540527,6.376397132873535
A211223-A211123_13,3,4,DT,0.678502062424892,0.7174820064959267,0.6841496075275795,0.7174820064959267,0.6608515831461557,0.6634534156755785,0,1.109433650970459,0.23456048965454102,6.434379816055298
A211223-A211123_13,4,5,DT,0.6781361308692498,0.7182302857602249,0.6836055304263629,0.7182302857602249,0.6610706019441921,0.6630892458536397,0,1.0922870635986328,0.23289179801940918,6.440137624740601
