Dataset,T,CV,ML,Acc,b_Acc,Prec,Rec,F1,kap,ROC,tra-T,test-T,Al-Time
A211207-A211103_13,0,1,DT,0.35622170393743996,0.7041418000686434,0.7304740556232548,0.7041418000686434,0.6687657399529189,0.2905602542848861,0,5.075368165969849,0.3614966869354248,17.410567045211792
A211207-A211103_13,1,2,DT,0.3560707916037865,0.7027151971404473,0.752581601114798,0.7027151971404473,0.6763292573558691,0.2905761379085712,0,6.160227537155151,0.47859954833984375,17.37122082710266
A211207-A211103_13,2,3,DT,0.3564982006606372,0.704813945454172,0.7304721357946602,0.704813945454172,0.6692749199198924,0.29069143749879434,0,5.395721673965454,0.3388819694519043,15.860163927078247
A211207-A211103_13,3,4,DT,0.3559747564823707,0.7030347151516423,0.6985343028107286,0.7030347151516423,0.6678032196130481,0.29050201006220244,0,5.300122976303101,0.3387272357940674,15.865474462509155
A211207-A211103_13,4,5,DT,0.35605918296273625,0.7038106499113957,0.6979518679693407,0.7038106499113957,0.6686295418504493,0.29038777379773517,0,5.17454719543457,0.31177353858947754,16.621185541152954
