Dataset,T,CV,ML,Acc,b_Acc,Prec,Rec,F1,kap,ROC,tra-T,test-T,Al-Time
A211110-A211208_13,0,1,DT,0.8224927325581395,0.7712069930378913,0.7608541371042393,0.7712069930378913,0.7249125084656299,0.8064150080922179,0,1.8014709949493408,0.19114995002746582,5.7558815479278564
A211110-A211208_13,1,2,DT,0.8225305838178295,0.7718531837649508,0.7594023141239331,0.7718531837649508,0.7253832481016111,0.8064571466205075,0,1.7713878154754639,0.2038404941558838,5.192185401916504
A211110-A211208_13,2,3,DT,0.8224599281330749,0.7713900847964308,0.7598967881969039,0.7713900847964308,0.7249907103797575,0.806379582842105,0,1.7234225273132324,0.19245004653930664,5.171355247497559
A211110-A211208_13,3,4,DT,0.8224599281330749,0.7715118213228281,0.7593129950519899,0.7715118213228281,0.7250042829963947,0.8063797401582475,0,1.7863881587982178,0.20079803466796875,5.433764934539795
A211110-A211208_13,4,5,DT,0.8223943192829457,0.7706423910894655,0.7608095034966096,0.7706423910894655,0.7244078700793518,0.8063075444281198,0,1.7839879989624023,0.20949459075927734,5.310053825378418
