Dataset,T,CV,ML,Acc,b_Acc,Prec,Rec,F1,kap,ROC,tra-T,test-T,Al-Time
A211105-A211118_13,0,1,DT,0.7807556161262521,0.7459928923153086,0.7061291537241619,0.7459928923153086,0.7040923196077524,0.7690352518530084,0,1.431034803390503,0.12544941902160645,5.782674789428711
A211105-A211118_13,1,2,DT,0.78060054453984,0.7456024300034129,0.7419878819239887,0.7456024300034129,0.7051326885750514,0.7687992161617909,0,1.2935535907745361,0.13498377799987793,5.491457939147949
A211105-A211118_13,2,3,DT,0.7807943840228552,0.7460346217528621,0.7395541068580402,0.7460346217528621,0.7044015385855218,0.769077050590475,0,1.4694390296936035,0.12498927116394043,5.750130653381348
A211105-A211118_13,3,4,DT,0.7807556161262521,0.7459123929744549,0.7420008400725215,0.7459123929744549,0.7057061525919693,0.7689625332137615,0,1.3437509536743164,0.12500238418579102,5.756503105163574
A211105-A211118_13,4,5,DT,0.7805230087466339,0.7453807428019457,0.7083310127316735,0.7453807428019457,0.7048853532997231,0.7687159917500136,0,1.2584798336029053,0.13000082969665527,5.649599075317383
