Dataset,T,CV,ML,Acc,b_Acc,Prec,Rec,F1,kap,ROC,tra-T,test-T,Al-Time
A211208-A211102_13,0,1,DT,0.790215347199638,0.7679004727009159,0.7598266347503084,0.7679004727009159,0.737747410617133,0.77949676792362,0,1.4408278465270996,0.12778878211975098,5.909881830215454
A211208-A211102_13,1,2,DT,0.7903256366387172,0.7692160528048088,0.7363688703673528,0.7692160528048088,0.7188377114365793,0.7797010832053352,0,1.3558833599090576,0.13437914848327637,6.361578702926636
A211208-A211102_13,2,3,DT,0.7902521103459977,0.7680385110739543,0.7598598699294429,0.7680385110739543,0.7379178227889511,0.7795353140888095,0,1.3359756469726562,0.18178987503051758,6.2635533809661865
A211208-A211102_13,3,4,DT,0.7903991629314367,0.7671818219722214,0.7584880979675591,0.7671818219722214,0.7366809245928114,0.7796911489040307,0,1.2631723880767822,0.12703824043273926,5.909271717071533
A211208-A211102_13,4,5,DT,0.7901050577605588,0.7659763023254667,0.7568673296116242,0.7659763023254667,0.7354371784912797,0.7793819448930762,0,1.3651700019836426,0.13505268096923828,6.149182081222534
