Dataset,T,CV,ML,Acc,b_Acc,Prec,Rec,F1,kap,ROC,tra-T,test-T,Al-Time
A211118-A211122_13,0,1,DT,0.975236436864877,0.9491316511580585,0.9375218365463411,0.9491316511580585,0.9347872579722613,0.9733071062553295,0,1.0837604999542236,0.1733384132385254,8.11578917503357
A211118-A211122_13,1,2,DT,0.9753516368365202,0.9491639515174405,0.9375131496122727,0.9491639515174405,0.9348894341097496,0.9734313908524179,0,1.0713236331939697,0.17170333862304688,8.508111953735352
A211118-A211122_13,2,3,DT,0.948563212661363,0.9196667789114119,0.9189027124738148,0.9196667789114119,0.8952695646786685,0.9445702384902267,0,1.0715045928955078,0.20323514938354492,7.983982563018799
A211118-A211122_13,3,4,DT,0.9754380368152524,0.9493260904108494,0.9375640887404726,0.9493260904108494,0.935003557890446,0.9735247052095044,0,1.0774316787719727,0.16356730461120605,7.80554461479187
A211118-A211122_13,4,5,DT,0.9752896060825585,0.9491019454325229,0.937498800635661,0.9491019454325229,0.9348373061490239,0.9733645440645007,0,1.0021135807037354,0.17073869705200195,7.867095708847046
