Dataset,T,CV,ML,Acc,b_Acc,Prec,Rec,F1,kap,ROC,tra-T,test-T,Al-Time
A211223-A211115_13,0,1,DT,0.5518323621992036,0.7114487541876094,0.7087909899462226,0.7114487541876094,0.6358106602921173,0.5371677521408025,0,1.1316370964050293,0.265561580657959,7.610971689224243
A211223-A211115_13,1,2,DT,0.5519762794799788,0.7119872325423634,0.7093177850627843,0.7119872325423634,0.6361276716343377,0.537317155065905,0,1.451779842376709,0.2675046920776367,7.330066919326782
A211223-A211115_13,2,3,DT,0.551598035344608,0.7111072252239408,0.7089847726828391,0.7111072252239408,0.6353860114151549,0.5369494869579698,0,1.3352811336517334,0.25855493545532227,7.206609487533569
A211223-A211115_13,3,4,DT,0.5527235422840041,0.7164989538586237,0.70895444368086,0.7164989538586237,0.6407458953528332,0.5380860478529128,0,1.4199137687683105,0.26703429222106934,7.251622915267944
A211223-A211115_13,4,5,DT,0.5533711700474927,0.7215152468815677,0.7082526771380856,0.7215152468815677,0.6441860755535456,0.5387740186610694,0,1.1700868606567383,0.2631704807281494,7.156787872314453
