Dataset,T,CV,ML,Acc,b_Acc,Prec,Rec,F1,kap,ROC,tra-T,test-T,Al-Time
A211122-A211115_13,0,1,DT,0.8684596053714357,0.9287715921293214,0.933900226532727,0.9287715921293214,0.9053043837486497,0.8580280830739959,0,1.542212724685669,0.22123003005981445,10.146657943725586
A211122-A211115_13,1,2,DT,0.8685315640118234,0.929080026812261,0.9341021975496914,0.929080026812261,0.9057278574836382,0.8581054721154813,0,1.5077705383300781,0.20892882347106934,9.382673740386963
A211122-A211115_13,2,3,DT,0.8685795364387484,0.9294692478866733,0.9341885024201936,0.9294692478866733,0.9058150648952357,0.8581572524804937,0,1.5010101795196533,0.2073352336883545,9.527022123336792
A211122-A211115_13,3,4,DT,0.8684596053714357,0.928745318659543,0.9330155434836043,0.928745318659543,0.9049800124185876,0.8580437390163091,0,1.428675651550293,0.2159433364868164,9.2821626663208
A211122-A211115_13,4,5,DT,0.8685555502252859,0.9295513267867527,0.9342111129510317,0.9295513267867527,0.9058793402528955,0.8581303580054042,0,1.54060697555542,0.20853900909423828,9.179327487945557
