Dataset,T,CV,ML,Acc,b_Acc,Prec,Rec,F1,kap,ROC,tra-T,test-T,Al-Time
A211206-A211122_13,0,1,DT,0.8652802793156236,0.7655560785937745,0.7378424733936676,0.7655560785937745,0.7482362291662423,0.8546578570150988,0,1.7166485786437988,0.183502197265625,8.254186868667603
A211206-A211122_13,1,2,DT,0.8653999100554067,0.7654437999449156,0.7533882000208383,0.7654437999449156,0.7476550799090912,0.8547742233450145,0,1.6450061798095703,0.17151808738708496,7.5721189975738525
A211206-A211122_13,2,3,DT,0.8654331408164576,0.7655966354871071,0.7591032644981585,0.7655966354871071,0.7261650985612706,0.8548445666523059,0,1.6528935432434082,0.15860629081726074,7.699500322341919
A211206-A211122_13,3,4,DT,0.8656591099916037,0.7664997815194156,0.7457520953273392,0.7664997815194156,0.7289021814882612,0.8550944253112663,0,1.8130924701690674,0.1764240264892578,7.928250789642334
A211206-A211122_13,4,5,DT,0.8653755408306361,0.7657002101167354,0.7380468665401835,0.7657002101167354,0.7483735398398654,0.8547600851687727,0,1.721320629119873,0.20009732246398926,7.796815872192383
