Dataset,T,CV,ML,Acc,b_Acc,Prec,Rec,F1,kap,ROC,tra-T,test-T,Al-Time
A211116-A211125_13,0,1,DT,0.9258283270329762,0.9219650710327354,0.8807558521313438,0.9219650710327354,0.886521771563892,0.9220390290489766,0,1.8344619274139404,0.14725232124328613,6.748070001602173
A211116-A211125_13,1,2,DT,0.9259041404587497,0.9221256245987746,0.8810870446422446,0.9221256245987746,0.8866387345209379,0.92212046432256,0,1.7650344371795654,0.1646251678466797,6.550400495529175
A211116-A211125_13,2,3,DT,0.9259642683481561,0.9224573790819333,0.8807086548982809,0.9224573790819333,0.8866572572755307,0.9221825123907816,0,1.7711193561553955,0.1496596336364746,6.371053695678711
A211116-A211125_13,3,4,DT,0.9258962976905663,0.9219465395703572,0.8809258837581458,0.9219465395703572,0.886481799305002,0.9221120630422811,0,1.7357540130615234,0.14515900611877441,6.43655252456665
A211116-A211125_13,4,5,DT,0.9257002284859798,0.9215045062515731,0.8807525402803759,0.9215045062515731,0.8862660618397128,0.9219046722883324,0,1.7168962955474854,0.16250824928283691,6.945795059204102
