Dataset,T,CV,ML,Acc,b_Acc,Prec,Rec,F1,kap,ROC,tra-T,test-T,Al-Time
A211109-A211108_13,0,1,DT,0.9929255544460139,0.9840259064755599,0.9948783755123973,0.9840259064755599,0.9886832880419958,0.9923251485389185,0,1.6839988231658936,0.2075486183166504,9.500845909118652
A211109-A211108_13,1,2,DT,0.9928757209091937,0.9825024831784576,0.9948075087655714,0.9825024831784576,0.987738699691816,0.9922710814032875,0,1.5577151775360107,0.17773938179016113,8.672814846038818
A211109-A211108_13,2,3,DT,0.9929255544460139,0.9849032448330676,0.994917188582948,0.9849032448330676,0.9891921572992461,0.9923251460660084,0,1.5458345413208008,0.18470239639282227,8.503466367721558
A211109-A211108_13,3,4,DT,0.9928508041407835,0.9818939855738084,0.9948461943044162,0.9818939855738084,0.9874117103427579,0.9922440330116099,0,1.5788581371307373,0.17764735221862793,8.554347276687622
A211109-A211108_13,4,5,DT,0.9929504712144241,0.9842381798206479,0.9948709570121168,0.9842381798206479,0.9888059216211924,0.9923521872943938,0,1.6875250339508057,0.1857314109802246,9.253185272216797
