Dataset,T,CV,ML,Acc,b_Acc,Prec,Rec,F1,kap,ROC,tra-T,test-T,Al-Time
A211223-I211115_13,0,1,DT,0.6919661569510207,0.6907845776040286,0.6527080900679008,0.6907845776040286,0.6405033627462531,0.6770713382464009,0,0.9700000286102295,0.21171236038208008,6.233170747756958
A211223-I211115_13,1,2,DT,0.6909393331189496,0.6803830175437502,0.6513243049574071,0.6803830175437502,0.630451554355312,0.6759901673571682,0,1.0627720355987549,0.24565386772155762,6.203091382980347
A211223-I211115_13,2,3,DT,0.6915691775429414,0.6864277137435778,0.6636051304575898,0.6864277137435778,0.6366734916216622,0.676653042502275,0,1.0663750171661377,0.22008299827575684,6.119903087615967
A211223-I211115_13,3,4,DT,0.6913895388163804,0.6856499333884474,0.6521578468972962,0.6856499333884474,0.635825964856889,0.6764620905668126,0,1.1269490718841553,0.2182328701019287,6.322824954986572
A211223-I211115_13,4,5,DT,0.691092358700835,0.6818629866435907,0.6623914496505776,0.6818629866435907,0.6317678689607891,0.6761514747864286,0,1.0970470905303955,0.22995829582214355,6.198620080947876
