Dataset,T,CV,ML,Acc,b_Acc,Prec,Rec,F1,kap,ROC,tra-T,test-T,Al-Time
A211208-A211123_13,0,1,DT,0.7860707828553488,0.7120433822034281,0.722018314905695,0.7120433822034281,0.6780334732920771,0.7698499637095234,0,1.4635951519012451,0.1724855899810791,8.069823265075684
A211208-A211123_13,1,2,DT,0.7859581885305358,0.711720043557954,0.7144715738127492,0.711720043557954,0.6994753013760321,0.76972609245614,0,1.524066686630249,0.15766143798828125,7.7582550048828125
A211208-A211123_13,2,3,DT,0.7859581885305358,0.7117524290031131,0.7140537700547348,0.7117524290031131,0.6989903105867667,0.7696799185120454,0,1.5161566734313965,0.16710281372070312,8.05880880355835
A211208-A211123_13,3,4,DT,0.7860426342741456,0.711886998104861,0.7129463027477215,0.711886998104861,0.6988125216909148,0.7698180913108807,0,1.5416276454925537,0.18891596794128418,8.218863248825073
A211208-A211123_13,4,5,DT,0.7859581885305358,0.7119269277319282,0.7141803931149939,0.7119269277319282,0.6992043010241108,0.7696786316500378,0,1.5023388862609863,0.17333030700683594,7.873110294342041
