Dataset,T,CV,ML,Acc,b_Acc,Prec,Rec,F1,kap,ROC,tra-T,test-T,Al-Time
A211208-I211122_13,0,1,DT,0.6967884032615826,0.6580593978566365,0.6823234839911244,0.6580593978566365,0.6488851617446997,0.6788555459353219,0,1.5131897926330566,0.2268996238708496,6.131922960281372
A211208-I211122_13,1,2,DT,0.6969044420542436,0.658333612963528,0.689849525267083,0.658333612963528,0.6279075539663801,0.6791113209028117,0,1.4944841861724854,0.24976587295532227,6.132359743118286
A211208-I211122_13,2,3,DT,0.6969579984200872,0.6583408346182203,0.6493056793710422,0.6583408346182203,0.6491855011287136,0.679034521351249,0,1.4643936157226562,0.21695208549499512,5.911754846572876
A211208-I211122_13,3,4,DT,0.6968754323560784,0.6580931758414174,0.6899467670800341,0.6580931758414174,0.627731292625077,0.6790782940555042,0,1.5137031078338623,0.24663257598876953,5.990710258483887
A211208-I211122_13,4,5,DT,0.6964983062799301,0.6575426903496218,0.6825027767797707,0.6575426903496218,0.6485490692483772,0.6785456691184655,0,1.416982650756836,0.2148287296295166,6.003015995025635
