Dataset,T,CV,ML,Acc,b_Acc,Prec,Rec,F1,kap,ROC,tra-T,test-T,Al-Time
A211115-A211123_13,0,1,DT,0.8288674526616648,0.9254435129934032,0.8914305786062158,0.9254435129934032,0.8916781070282309,0.8209635994894933,0,2.3308069705963135,0.19584274291992188,8.27942442893982
A211115-A211123_13,1,2,DT,0.8288674526616648,0.9257107993159265,0.8914007303998168,0.9257107993159265,0.8918283310820876,0.820963883054834,0,2.424107551574707,0.22138476371765137,8.412116527557373
A211115-A211123_13,2,3,DT,0.8291532690246517,0.9263989842399002,0.8915653030425543,0.9263989842399002,0.8923801918807402,0.8212632905878828,0,2.092332124710083,0.18895745277404785,7.873333692550659
A211115-A211123_13,3,4,DT,0.8292095661870581,0.9266066891966815,0.8916774049705875,0.9266066891966815,0.8925257228897822,0.821322801669682,0,2.1058762073516846,0.17301321029663086,7.711365699768066
A211115-A211123_13,4,5,DT,0.8292052356361038,0.9264899086355005,0.891597297732999,0.9264899086355005,0.8924491935165417,0.82131791175888,0,2.0763652324676514,0.1886904239654541,7.848894357681274
