Dataset,T,CV,ML,Acc,b_Acc,Prec,Rec,F1,kap,ROC,tra-T,test-T,Al-Time
A211115-I211102_13,0,1,DT,0.5991506562659451,0.7141094691922036,0.7604130568043729,0.7141094691922036,0.6702039955212494,0.5788198869612116,0,1.7827630043029785,0.21470999717712402,8.786809921264648
A211115-I211102_13,1,2,DT,0.5991506562659451,0.7154058357277617,0.7620341527590558,0.7154058357277617,0.6709434987325166,0.5788238541306245,0,1.9240341186523438,0.19057559967041016,8.516435861587524
A211115-I211102_13,2,3,DT,0.5992538958035113,0.71532588560754,0.7613673359568989,0.71532588560754,0.6707371841390444,0.5789172865687149,0,1.887275218963623,0.2006053924560547,8.557802200317383
A211115-I211102_13,3,4,DT,0.5993313254566861,0.7164425069349506,0.7579229746885098,0.7164425069349506,0.6718539358983278,0.5789930572905462,0,1.845632553100586,0.22063517570495605,8.689472913742065
A211115-I211102_13,4,5,DT,0.5995894243006018,0.7147008602973434,0.7649016268597129,0.7147008602973434,0.6711347388175711,0.5792556281865148,0,1.9290616512298584,0.18712878227233887,8.654935598373413
