Dataset,T,CV,ML,Acc,b_Acc,Prec,Rec,F1,kap,ROC,tra-T,test-T,Al-Time
A211118-I211102_13,0,1,DT,0.6030519195605172,0.739973793394149,0.7721240624722779,0.739973793394149,0.6996499020104007,0.5849827625896453,0,1.1473026275634766,0.20450401306152344,8.78844404220581
A211118-I211102_13,1,2,DT,0.6032325887512582,0.7418037399417102,0.7727245621675646,0.7418037399417102,0.7011303468114031,0.5851794971798654,0,1.0744009017944336,0.2021775245666504,8.660715579986572
A211118-I211102_13,2,3,DT,0.6030261096761257,0.7415525535560508,0.7712729622761688,0.7415525535560508,0.7007708740142301,0.5849572456680225,0,1.116849660873413,0.22057604789733887,8.836077690124512
A211118-I211102_13,3,4,DT,0.5872999485787688,0.7283344639425733,0.7547307928249712,0.7283344639425733,0.6810055395582648,0.5686884806250876,0,1.066558837890625,0.23623323440551758,8.916525840759277
A211118-I211102_13,4,5,DT,0.6031551590980835,0.7406023289459761,0.7721881002344256,0.7406023289459761,0.7003652907561653,0.5851077930337554,0,1.0796935558319092,0.2166755199432373,8.76333236694336
