Dataset,T,CV,ML,Acc,b_Acc,Prec,Rec,F1,kap,ROC,tra-T,test-T,Al-Time
A211110-A211102_13,0,1,DT,0.7920930955983202,0.7700866649685848,0.7238184209433378,0.7700866649685848,0.7341020430543685,0.7816550931399355,0,1.6930654048919678,0.17850184440612793,4.642138719558716
A211110-A211102_13,1,2,DT,0.7921298587446799,0.77375399212001,0.7085507676137024,0.77375399212001,0.7190956337969999,0.7817621495594529,0,2.2325241565704346,0.19729018211364746,8.546297550201416
A211110-A211102_13,2,3,DT,0.7922401481837592,0.7718549623777774,0.7085798765525576,0.7718549623777774,0.7185061270641935,0.7818752234916228,0,1.7884495258331299,0.1883106231689453,4.559868335723877
A211110-A211102_13,3,4,DT,0.7921666218910397,0.7712882602878712,0.7241482192570682,0.7712882602878712,0.7348214229731566,0.7817331003572578,0,1.7069475650787354,0.17818188667297363,4.5798234939575195
A211110-A211102_13,4,5,DT,0.7913945958174852,0.7671779342446983,0.7079770822278862,0.7671779342446983,0.7158287634981038,0.7809830639347122,0,1.7447495460510254,0.16807341575622559,4.586620569229126
