Dataset,T,CV,ML,Acc,b_Acc,Prec,Rec,F1,kap,ROC,tra-T,test-T,Al-Time
A211228-A211206_13,0,1,DT,0.911442317796978,0.8489699540647165,0.8324948180767257,0.8489699540647165,0.8380586211853068,0.9053950639764402,0,1.5428202152252197,0.18859457969665527,7.635963201522827
A211228-A211206_13,1,2,DT,0.9114788703435482,0.8487794783143646,0.832681246041148,0.8487794783143646,0.8379888367649813,0.9054339822937754,0,1.5428621768951416,0.18808484077453613,7.559626579284668
A211228-A211206_13,2,3,DT,0.9117758597844313,0.8502023018200874,0.8370625622428224,0.8502023018200874,0.8414554898230555,0.9057140194015622,0,1.4746336936950684,0.17302155494689941,7.619155168533325
A211228-A211206_13,3,4,DT,0.9115976661199015,0.8494365028755906,0.836920075591208,0.8494365028755906,0.8408944056877663,0.9055236718319808,0,1.5306873321533203,0.1645793914794922,7.663757085800171
A211228-A211206_13,4,5,DT,0.9116867629521664,0.8484376679441702,0.8371430212897337,0.8484376679441702,0.8402682183233809,0.9056182725824227,0,1.4788172245025635,0.16414690017700195,7.322031497955322
