Dataset,T,CV,ML,Acc,b_Acc,Prec,Rec,F1,kap,ROC,tra-T,test-T,Al-Time
A211125-I211119_13,0,1,DT,0.969000018100858,0.9134062297346613,0.9097948153271637,0.9134062297346613,0.8805694851195903,0.9671800957691628,0,1.4055633544921875,0.20832228660583496,7.949350118637085
A211125-I211119_13,1,2,DT,0.9689706042066394,0.9133779550634457,0.9097550388435683,0.9133779550634457,0.8803926084246819,0.9671490737602877,0,1.3243708610534668,0.17282748222351074,7.902520418167114
A211125-I211119_13,2,3,DT,0.9690294319950765,0.9132960922157386,0.9097945737142228,0.9132960922157386,0.8803477153655785,0.9672112739388412,0,1.4312903881072998,0.17647695541381836,7.594820022583008
A211125-I211119_13,3,4,DT,0.9689117764182023,0.913154171487405,0.9097026847092773,0.913154171487405,0.8802056688900642,0.9670867249888857,0,1.270761489868164,0.19959259033203125,7.481639385223389
A211125-I211119_13,4,5,DT,0.9687941208413279,0.9130514913008309,0.9096109352072991,0.9130514913008309,0.8801291940894547,0.9669621730723419,0,1.2970216274261475,0.17577528953552246,7.273107051849365
