Dataset,T,CV,ML,Acc,b_Acc,Prec,Rec,F1,kap,ROC,tra-T,test-T,Al-Time
A211116-A211117_13,0,1,DT,0.8409095439213506,0.9015057083101722,0.9529608419598458,0.9015057083101722,0.8760087860144733,0.832636672670535,0,1.8160674571990967,0.18345046043395996,7.701294660568237
A211116-A211117_13,1,2,DT,0.8393548058459923,0.9007810765773183,0.9285075942080644,0.9007810765773183,0.851307402568641,0.8313755267346881,0,1.8029453754425049,0.17843174934387207,7.71626877784729
A211116-A211117_13,2,3,DT,0.8409095439213506,0.9015157921141025,0.952992549094039,0.9015157921141025,0.8759858284743955,0.8326396751403184,0,1.6696689128875732,0.19134283065795898,7.853245258331299
A211116-A211117_13,3,4,DT,0.8393835972918323,0.9007272664097912,0.9286598012095865,0.9007272664097912,0.8512908486051078,0.8314056299514963,0,1.9242041110992432,0.23504352569580078,8.339237689971924
A211116-A211117_13,4,5,DT,0.8394123887376723,0.9009981049980078,0.9286920202658357,0.9009981049980078,0.8517247806005463,0.8314384322739916,0,1.8457679748535156,0.17966079711914062,7.951990604400635
