Dataset,T,CV,ML,Acc,b_Acc,Prec,Rec,F1,kap,ROC,tra-T,test-T,Al-Time
A211105-A211109_13,0,1,DT,0.8804558510481536,0.9521638839366492,0.9629835040493023,0.9521638839366492,0.9271323873121957,0.8741874075311501,0,1.3699951171875,0.1775975227355957,8.183105707168579
A211105-A211109_13,1,2,DT,0.8805147933957367,0.9531706440121649,0.963010447555381,0.9531706440121649,0.927705947650009,0.874249231829553,0,1.3366808891296387,0.16561651229858398,7.1975908279418945
A211105-A211109_13,2,3,DT,0.8804558510481536,0.9520989426670329,0.9629356106499506,0.9520989426670329,0.9271059599755478,0.8741865368969659,0,1.1797101497650146,0.14268112182617188,7.413042068481445
A211105-A211109_13,3,4,DT,0.8804558510481536,0.9520989426670329,0.9652173756959656,0.9520989426670329,0.9306643388646353,0.874056221584122,0,1.361388921737671,0.16151785850524902,7.280367612838745
A211105-A211109_13,4,5,DT,0.8805147933957367,0.951221744451569,0.9629819467597376,0.951221744451569,0.9266315102683879,0.8742486169069463,0,1.432452917098999,0.16947102546691895,7.610460042953491
