Dataset,T,CV,ML,Acc,b_Acc,Prec,Rec,F1,kap,ROC,tra-T,test-T,Al-Time
A211228-I211102_13,0,1,DT,0.5313242654606171,0.6429564353759212,0.7085406028964382,0.6429564353759212,0.6337134783461738,0.5109680998591957,0,1.4915039539337158,0.22566914558410645,8.677301168441772
A211228-I211102_13,1,2,DT,0.5313500753450087,0.6440159454451178,0.7083931189580616,0.6440159454451178,0.6342558588674018,0.5109881311999465,0,1.51967453956604,0.2082347869873047,8.822838068008423
A211228-I211102_13,2,3,DT,0.5312984555762256,0.6409298275249945,0.7086098091857288,0.6409298275249945,0.6323466662676557,0.5109411886286248,0,1.442711353302002,0.20899367332458496,8.612478733062744
A211228-I211102_13,3,4,DT,0.531453314882575,0.6421106653940382,0.7085477573396385,0.6421106653940382,0.6332933671028729,0.5110902576015179,0,1.5164458751678467,0.2042369842529297,8.72278380393982
A211228-I211102_13,4,5,DT,0.5313500753450087,0.6442660919888127,0.7083163370574449,0.6442660919888127,0.6343865387370944,0.5109784840327509,0,1.5029027462005615,0.2095944881439209,8.753332614898682
