Dataset,T,CV,ML,Acc,b_Acc,Prec,Rec,F1,kap,ROC,tra-T,test-T,Al-Time
A211125-I211112_13,0,1,DT,0.8246440536013401,0.80427089086139,0.8057963788484914,0.80427089086139,0.7643768980575497,0.814811390228506,0,1.4147067070007324,0.2051403522491455,8.603843212127686
A211125-I211112_13,1,2,DT,0.8246748448122968,0.8043248532345034,0.7782816508083024,0.8043248532345034,0.7635981029267409,0.8148873917337802,0,1.2213809490203857,0.18527579307556152,8.314147233963013
A211125-I211112_13,2,3,DT,0.8247015305284593,0.8043240790532695,0.8005446369030589,0.8043240790532695,0.7618396343960671,0.8149548399250919,0,1.3768484592437744,0.21350502967834473,8.430766105651855
A211125-I211112_13,3,4,DT,0.8245681019476467,0.8036650927887383,0.8057632602536456,0.8036650927887383,0.7631664846052715,0.8147293213416191,0,1.389075756072998,0.20879173278808594,8.723870754241943
A211125-I211112_13,4,5,DT,0.8247815876769469,0.8045002296825763,0.8058347203689256,0.8045002296825763,0.7647832378365239,0.814956522740016,0,1.3204364776611328,0.20998167991638184,8.20206880569458
