Dataset,T,CV,ML,Acc,b_Acc,Prec,Rec,F1,kap,ROC,tra-T,test-T,Al-Time
A211118-A211105_13,0,1,DT,0.848779961011918,0.7862815365862378,0.823530696871949,0.7862815365862378,0.7754375743990908,0.8402328741431777,0,1.067946195602417,0.1585381031036377,6.262691020965576
A211118-A211105_13,1,2,DT,0.8485999734172168,0.7849358222786026,0.8231564782540043,0.7849358222786026,0.7742397072894843,0.84004244856497,0,1.1480810642242432,0.14248037338256836,6.2801127433776855
A211118-A211105_13,2,3,DT,0.8485224402994993,0.7847086810752594,0.8233293337652857,0.7847086810752594,0.7740502113656306,0.8399604803984557,0,1.0927643775939941,0.1348729133605957,6.28457498550415
A211118-A211105_13,3,4,DT,0.8485279783793364,0.7837423932180447,0.8233470287527839,0.7837423932180447,0.7732049263136529,0.8399658043810793,0,1.1362881660461426,0.13943982124328613,6.225242376327515
A211118-A211105_13,4,5,DT,0.8486664303752602,0.787120500285034,0.8231710279365033,0.787120500285034,0.7761062926268847,0.840113440195674,0,1.1045715808868408,0.13571834564208984,6.299840927124023
