Dataset,T,CV,ML,Acc,b_Acc,Prec,Rec,F1,kap,ROC,tra-T,test-T,Al-Time
A211228-I211104_13,0,1,DT,0.7375629572719101,0.7237852297786106,0.7542271402890107,0.7237852297786106,0.7259341927659655,0.723135554175718,0,1.5102856159210205,0.160355806350708,6.839075803756714
A211228-I211104_13,1,2,DT,0.7376935167191415,0.7239854695010942,0.754378864481362,0.7239854695010942,0.7263306830891321,0.7232726695510456,0,1.4072306156158447,0.1750493049621582,6.940614938735962
A211228-I211104_13,2,3,DT,0.7375303174101023,0.7236164107083122,0.754240115613836,0.7236164107083122,0.7259151471686814,0.7230997762593732,0,1.5259323120117188,0.17352557182312012,6.801681995391846
A211228-I211104_13,3,4,DT,0.737595597133718,0.7222902503898949,0.7544051455412378,0.7222902503898949,0.7248754241676604,0.7231680216930134,0,1.4826443195343018,0.17276740074157715,7.056791543960571
A211228-I211104_13,4,5,DT,0.7373018383774473,0.721647396619887,0.7540586506957497,0.721647396619887,0.7244114913312832,0.7228572432565641,0,1.50742769241333,0.16753816604614258,6.940825939178467
