Dataset,T,CV,ML,Acc,b_Acc,Prec,Rec,F1,kap,ROC,tra-T,test-T,Al-Time
A211122-I211112_13,0,1,DT,0.8531464512102999,0.8323097844517211,0.8181764174868147,0.8323097844517211,0.8108447702362601,0.84484362492836,0,1.6454546451568604,0.20929598808288574,8.34548544883728
A211122-I211112_13,1,2,DT,0.8532265083587874,0.8320930440807363,0.8508767816585628,0.8320930440807363,0.8129406530531504,0.8448438226600146,0,1.575289011001587,0.1923198699951172,8.36458969116211
A211122-I211112_13,2,3,DT,0.8536001083850626,0.8334593771269473,0.8201095663838635,0.8334593771269473,0.8122364351823627,0.845321663746107,0,1.5348179340362549,0.19437289237976074,8.25961685180664
A211122-I211112_13,3,4,DT,0.8535467369527375,0.8334553015689692,0.8511084028896829,0.8334553015689692,0.8148977388058849,0.8451849942062324,0,1.5773491859436035,0.20067310333251953,8.286492824554443
A211122-I211112_13,4,5,DT,0.8533065655072749,0.8324478278008255,0.8510365917212048,0.8324478278008255,0.8135895959560754,0.844930380997203,0,1.53578782081604,0.18645191192626953,8.711566925048828
