Dataset,T,CV,ML,Acc,b_Acc,Prec,Rec,F1,kap,ROC,tra-T,test-T,Al-Time
A211103-A211126_13,0,1,DT,0.606637144833141,0.7833668858777455,0.6703999563295008,0.7833668858777455,0.6847108240253852,0.5766646628953841,0,2.7050836086273193,0.487015962600708,20.485790967941284
A211103-A211126_13,1,2,DT,0.5985800972317333,0.7669107076527859,0.6695343090571747,0.7669107076527859,0.6788834827257766,0.5681254343029367,0,2.7881743907928467,0.46614718437194824,20.094754695892334
A211103-A211126_13,2,3,DT,0.6053890373854486,0.7833433506542786,0.6706131637542462,0.7833433506542786,0.6848124746759939,0.5754792503603707,0,2.9026575088500977,0.4785139560699463,20.18634271621704
A211103-A211126_13,3,4,DT,0.6054773989746657,0.78325814033194,0.6702385958410464,0.78325814033194,0.6844815796593268,0.57556134434945,0,2.8076260089874268,0.4496583938598633,20.977149963378906
A211103-A211126_13,4,5,DT,0.6057203933450129,0.7834049805953348,0.6705717131784409,0.7834049805953348,0.684792085928146,0.5757966852554497,0,2.7008583545684814,0.4894444942474365,20.765871047973633
