Dataset,T,CV,ML,Acc,b_Acc,Prec,Rec,F1,kap,ROC,tra-T,test-T,Al-Time
A211117-A211109_13,0,1,DT,0.788809568610026,0.7922703987849758,0.765062973591224,0.7922703987849758,0.7487901942897341,0.7770194223147318,0,1.5680031776428223,0.17273306846618652,7.4571919441223145
A211117-A211109_13,1,2,DT,0.7889569244789837,0.7934742178915474,0.7672457732153987,0.7934742178915474,0.7507103869546585,0.7771518157490344,0,1.5856084823608398,0.17255878448486328,7.437218427658081
A211117-A211109_13,2,3,DT,0.7887098200218087,0.7928732187204833,0.7817858193086977,0.7928732187204833,0.7589729221601954,0.7773101598469636,0,1.5541117191314697,0.17267489433288574,7.468545198440552
A211117-A211109_13,3,4,DT,0.78867581482128,0.7934244715404521,0.7653003536509636,0.7934244715404521,0.7493903846851288,0.7768843146211772,0,1.5510056018829346,0.17956924438476562,7.477240085601807
A211117-A211109_13,4,5,DT,0.7887098200218087,0.7920743725048174,0.765344872909335,0.7920743725048174,0.7486283248117104,0.7769221961154309,0,1.5773041248321533,0.17333555221557617,7.334212303161621
