Dataset,T,CV,ML,Acc,b_Acc,Prec,Rec,F1,kap,ROC,tra-T,test-T,Al-Time
A211223-A211116_13,0,1,DT,0.6807723093141753,0.6998218494097022,0.6696263956502164,0.6998218494097022,0.6367585818095985,0.6604382339753031,0,1.1348886489868164,0.23624062538146973,7.029800653457642
A211223-A211116_13,1,2,DT,0.6810768600042949,0.701105216052981,0.6691925753135954,0.701105216052981,0.6379671943792821,0.6607698102822239,0,1.223578929901123,0.25654006004333496,7.184920310974121
A211223-A211116_13,2,3,DT,0.6808699217148546,0.7005459703499408,0.6695701613738753,0.7005459703499408,0.6374891398998822,0.6605583112164788,0,1.1655793190002441,0.24991631507873535,6.950254678726196
A211223-A211116_13,3,4,DT,0.6784335161938972,0.6965275006893447,0.6695576856733062,0.6965275006893447,0.6328105104749646,0.6579623107543939,0,1.2157745361328125,0.24489784240722656,7.078009605407715
A211223-A211116_13,4,5,DT,0.6797571403471097,0.6990807187638669,0.6693459031041974,0.6990807187638669,0.6377515536462113,0.6593723864676395,0,1.1749732494354248,0.24215412139892578,7.043580532073975
