Dataset,T,CV,ML,Acc,b_Acc,Prec,Rec,F1,kap,ROC,tra-T,test-T,Al-Time
A211105-A211108_13,0,1,DT,0.9060963665601635,0.9472369002168698,0.9333826011773353,0.9472369002168698,0.9299948563033708,0.8987611119640899,0,1.4531192779541016,0.20313119888305664,8.812500476837158
A211105-A211108_13,1,2,DT,0.9060465330233431,0.9467604479537215,0.933273887388829,0.9467604479537215,0.9296712426742887,0.8987073323579218,0,1.422455072402954,0.20303559303283691,9.064477920532227
A211105-A211108_13,2,3,DT,0.9059717827181127,0.9462568580820228,0.9303023308230198,0.9462568580820228,0.924954737383401,0.8987209565612571,0,1.3912522792816162,0.1903674602508545,8.671589851379395
A211105-A211108_13,3,4,DT,0.9060963665601635,0.9480017605050487,0.9305043649697652,0.9480017605050487,0.9260635864416782,0.8988553590707211,0,1.473721981048584,0.20303106307983398,8.502077102661133
A211105-A211108_13,4,5,DT,0.905996699486523,0.945730223925418,0.930372971974694,0.945730223925418,0.9246628605043311,0.898747792306372,0,1.4218719005584717,0.20302772521972656,8.407567501068115
