Dataset,T,CV,ML,Acc,b_Acc,Prec,Rec,F1,kap,ROC,tra-T,test-T,Al-Time
A211102-A211115_13,0,1,DT,0.7619811136245382,0.7742604071682304,0.6864362690850633,0.7742604071682304,0.708273241061131,0.7432791596021829,0,1.0034222602844238,0.23440003395080566,8.915523290634155
A211102-A211115_13,1,2,DT,0.7618851687706881,0.774107444615917,0.6862941475870776,0.774107444615917,0.7080873305387567,0.743176419657458,0,1.3282198905944824,0.20425152778625488,10.164716482162476
A211102-A211115_13,2,3,DT,0.7620290860514634,0.7744780850555412,0.7198697825125969,0.7744780850555412,0.7086543459005374,0.7433313391822505,0,1.3594648838043213,0.20311546325683594,9.125788450241089
A211102-A211115_13,3,4,DT,0.7621010446918509,0.7745330969695668,0.719770793581246,0.7745330969695668,0.7085933403602763,0.7434098811118195,0,1.3281197547912598,0.21875262260437012,8.968752145767212
A211102-A211115_13,4,5,DT,0.7619571274110757,0.7743436683102268,0.7196599516739063,0.7743436683102268,0.7084675683182104,0.7432541638185346,0,1.3282740116119385,0.203108549118042,9.062515020370483
