Dataset,T,CV,ML,Acc,b_Acc,Prec,Rec,F1,kap,ROC,tra-T,test-T,Al-Time
A211123-A211122_13,0,1,DT,0.9981213543085897,0.9913989511022069,0.9975669384509086,0.9913989511022069,0.993971543768811,0.9979745002628557,0,1.6120176315307617,0.18210625648498535,7.899296283721924
A211123-A211122_13,1,2,DT,0.9980925543156789,0.9915802961279697,0.997631793283587,0.9915802961279697,0.9941295151416036,0.9979434499320026,0,1.6893730163574219,0.16055941581726074,7.884698390960693
A211123-A211122_13,2,3,DT,0.9981213543085897,0.9915003725691324,0.9974867669236577,0.9915003725691324,0.9939994827015457,0.9979745032244215,0,1.5999524593353271,0.15853595733642578,7.739583730697632
A211123-A211122_13,3,4,DT,0.9981789542944113,0.9917689015530468,0.9976383226510986,0.9917689015530468,0.9942460378090028,0.9980366060616078,0,1.511096715927124,0.1756281852722168,7.917680263519287
A211123-A211122_13,4,5,DT,0.998059323554628,0.9913364119899931,0.9975056626580173,0.9913364119899931,0.993908117527463,0.9979076208399675,0,1.5197103023529053,0.1789414882659912,7.963804006576538
