Dataset,T,CV,ML,Acc,b_Acc,Prec,Rec,F1,kap,ROC,tra-T,test-T,Al-Time
A211228-A211109_13,0,1,DT,0.8307085096880816,0.7535667597908872,0.7767902142676546,0.7535667597908872,0.7590870326132745,0.8200416540384332,0,1.454270362854004,0.18413376808166504,8.38190507888794
A211228-A211109_13,1,2,DT,0.8311029700142142,0.7553498262970652,0.7795646584923925,0.7553498262970652,0.7614647020680771,0.8203803806091834,0,1.3885514736175537,0.18938446044921875,8.070730447769165
A211228-A211109_13,2,3,DT,0.8310281585730511,0.7562957687094971,0.7795979362407697,0.7562957687094971,0.7621686893758955,0.8203017001076538,0,1.5849311351776123,0.18486309051513672,7.9851672649383545
A211228-A211109_13,3,4,DT,0.8309578811586252,0.7544041325299807,0.7795260055699439,0.7544041325299807,0.7609949509478088,0.8202257727568774,0,1.5163731575012207,0.15820813179016113,7.984070539474487
A211228-A211109_13,4,5,DT,0.8311211061211627,0.7549889673912378,0.7796291649971068,0.7549889673912378,0.7614868146289043,0.8203996032509606,0,1.5097737312316895,0.16443848609924316,8.049773931503296
