Dataset,T,CV,ML,Acc,b_Acc,Prec,Rec,F1,kap,ROC,tra-T,test-T,Al-Time
A211112-A211102_13,0,1,DT,0.7436590642365284,0.7309638778437857,0.7326663080755477,0.7309638778437857,0.6964138013806143,0.7304569444775448,0,1.260021686553955,0.14070606231689453,5.830864906311035
A211112-A211102_13,1,2,DT,0.7430906494351202,0.7295440735176861,0.7299019437744252,0.7295440735176861,0.6928797746689275,0.7296145572458819,0,1.429152250289917,0.13974547386169434,5.763206958770752
A211112-A211102_13,2,3,DT,0.7429238013093336,0.7300885634742702,0.7302944628290188,0.7300885634742702,0.6933849085991775,0.7294707420679658,0,1.362544298171997,0.1285114288330078,5.955742597579956
A211112-A211102_13,3,4,DT,0.7431443801874921,0.7292518591562022,0.7057043924266903,0.7292518591562022,0.6718706364827745,0.7302360587622044,0,1.4034862518310547,0.13604044914245605,5.848142623901367
A211112-A211102_13,4,5,DT,0.7434752485047297,0.7298037702487848,0.7322568258174228,0.7298037702487848,0.6953394805361249,0.7302624623819578,0,1.4057402610778809,0.15113067626953125,5.897252082824707
