Dataset,T,CV,ML,Acc,b_Acc,Prec,Rec,F1,kap,ROC,tra-T,test-T,Al-Time
A211122-A211118_13,0,1,DT,0.9721199180506309,0.9180499177995869,0.9456793801814228,0.9180499177995869,0.9162232461101385,0.9705502893786948,0,1.6059517860412598,0.1282339096069336,5.823047637939453
A211122-A211118_13,1,2,DT,0.9721199180506309,0.9181115378079622,0.9455720578981024,0.9181115378079622,0.916159127282197,0.9705504019099196,0,1.6178264617919922,0.1347801685333252,5.71615195274353
A211122-A211118_13,2,3,DT,0.9718485427744096,0.9175815060598674,0.9453992056123914,0.9175815060598674,0.9155858657866056,0.9702634736813529,0,1.5922775268554688,0.15412378311157227,5.919435739517212
A211122-A211118_13,3,4,DT,0.9719648464642188,0.9177283426674666,0.945621273201658,0.9177283426674666,0.9158080903234725,0.9703862374874805,0,1.6211013793945312,0.14108633995056152,5.7175133228302
A211122-A211118_13,4,5,DT,0.9719648464642188,0.9177831108090841,0.9454779948182784,0.9177831108090841,0.9158624940798765,0.9703863514168272,0,1.613051176071167,0.1384108066558838,5.71012544631958
