Dataset,T,CV,ML,Acc,b_Acc,Prec,Rec,F1,kap,ROC,tra-T,test-T,Al-Time
A211206-A211115_13,0,1,DT,0.8856005225304349,0.7687002059557677,0.8154604654770184,0.7687002059557677,0.7363559852191095,0.8748810743818669,0,1.6736829280853271,0.23341870307922363,9.864710092544556
A211206-A211115_13,1,2,DT,0.8856189734638675,0.7692574882020129,0.820636406806181,0.7692574882020129,0.7602819173502549,0.8748779947476583,0,1.76279878616333,0.23015189170837402,9.321847677230835
A211206-A211115_13,2,3,DT,0.8733361870777042,0.7515372327712598,0.7788774834065567,0.7515372327712598,0.7351799275062202,0.8614606533706042,0,1.588892936706543,0.21593689918518066,9.216830253601074
A211206-A211115_13,3,4,DT,0.8853791113292422,0.7676453607816921,0.819578364448993,0.7676453607816921,0.7563153647399846,0.8746171760911944,0,1.7840003967285156,0.2131190299987793,9.537994384765625
A211206-A211115_13,4,5,DT,0.8853791113292422,0.7676420837139765,0.8429830165684236,0.7676420837139765,0.7345440965451704,0.8746365091151599,0,1.8042232990264893,0.21676945686340332,9.53458571434021
