Dataset,T,CV,ML,Acc,b_Acc,Prec,Rec,F1,kap,ROC,tra-T,test-T,Al-Time
A211225-A211206_13,0,1,DT,0.9207814934456715,0.880928217090098,0.888312137440156,0.880928217090098,0.8773241452361911,0.9153852510185556,0,1.1956367492675781,0.15974760055541992,7.488446474075317
A211225-A211206_13,1,2,DT,0.9074832200965901,0.8645947202896512,0.8525467413976046,0.8645947202896512,0.8529800616589296,0.9011711914903666,0,1.164306402206421,0.19287395477294922,7.115669250488281
A211225-A211206_13,2,3,DT,0.9074535211525018,0.8638400502468871,0.8526080575905769,0.8638400502468871,0.8524876361098518,0.9011392363472346,0,1.1925663948059082,0.15595054626464844,7.253835439682007
A211225-A211206_13,3,4,DT,0.9076020158729433,0.8650364548730567,0.8526519634487204,0.8650364548730567,0.8532525132999098,0.9012982620751775,0,1.2767465114593506,0.18922758102416992,7.934462308883667
A211225-A211206_13,4,5,DT,0.9075426179847668,0.8641475704179046,0.8523498613947005,0.8641475704179046,0.8526314523386015,0.9012347366681729,0,1.2174484729766846,0.1744081974029541,7.916300296783447
