Dataset,T,CV,ML,Acc,b_Acc,Prec,Rec,F1,kap,ROC,tra-T,test-T,Al-Time
A211118-I211122_13,0,1,DT,0.9420944109469211,0.918342349038112,0.9178902735539296,0.918342349038112,0.8904146659852761,0.9388755532617914,0,1.1277353763580322,0.17238521575927734,7.859792709350586
A211118-I211122_13,1,2,DT,0.942060938218269,0.9184343435844327,0.9180063765865362,0.9184343435844327,0.8905396833504831,0.9388402988592816,0,1.0719366073608398,0.19154095649719238,7.723956108093262
A211118-I211122_13,2,3,DT,0.9819693568326765,0.9505316467108408,0.9443086301163809,0.9505316467108408,0.942357228877219,0.9809426357104426,0,1.0843496322631836,0.17705035209655762,7.923837900161743
A211118-I211122_13,3,4,DT,0.9420899479164342,0.9187352704432461,0.9182403784502069,0.9187352704432461,0.890838187502487,0.9388710897052194,0,1.107877492904663,0.20209097862243652,7.7016637325286865
A211118-I211122_13,4,5,DT,0.9422059867090952,0.9189921412944357,0.9183890784387897,0.9189921412944357,0.8912222413491189,0.9389933828231861,0,1.1121695041656494,0.18234968185424805,7.590131998062134
