Dataset,T,CV,ML,Acc,b_Acc,Prec,Rec,F1,kap,ROC,tra-T,test-T,Al-Time
A211116-I211112_13,0,1,DT,0.8789761717082143,0.8831540985788674,0.8982744833696884,0.8831540985788674,0.8694100641919348,0.8721115044747838,0,1.7286036014556885,0.1913449764251709,8.538404941558838
A211116-I211112_13,1,2,DT,0.8788961145597267,0.883073719013378,0.8659716815160401,0.883073719013378,0.8662396817073249,0.8721408609568153,0,1.7740557193756104,0.17879056930541992,8.591848611831665
A211116-I211112_13,2,3,DT,0.8789269057706834,0.883191344765524,0.8980408052965139,0.883191344765524,0.8693936985526574,0.8720595465696643,0,1.9342200756072998,0.1921238899230957,8.533691167831421
A211116-I211112_13,3,4,DT,0.8788694288435642,0.8831922542970142,0.8928461055161364,0.8831922542970142,0.8665764130728334,0.8720565987047297,0,1.7643439769744873,0.19704842567443848,8.445834398269653
A211116-I211112_13,4,5,DT,0.879060334351496,0.8833604238830617,0.8984331781515612,0.8833604238830617,0.8695810866639851,0.8721998927328056,0,1.7985570430755615,0.19932293891906738,8.554750442504883
