Dataset,T,CV,ML,Acc,b_Acc,Prec,Rec,F1,kap,ROC,tra-T,test-T,Al-Time
A211115-A211125_13,0,1,DT,0.9094134132249986,0.9101888244463475,0.876355778026903,0.9101888244463475,0.8741633265017483,0.904917135892797,0,2.101344108581543,0.1690988540649414,6.48570990562439
A211115-A211125_13,1,2,DT,0.8915580443273258,0.9035911439010873,0.8697741354209675,0.9035911439010873,0.8628968168175633,0.8863145643074056,0,2.0918753147125244,0.15664887428283691,6.574912786483765
A211115-A211125_13,2,3,DT,0.9040045174344736,0.908822934090089,0.8737676763345469,0.908822934090089,0.8707916597776572,0.8992794168655623,0,1.7629482746124268,0.15303945541381836,6.419499158859253
A211115-A211125_13,3,4,DT,0.9097401952326426,0.9109852221167973,0.8763074216156196,0.9109852221167973,0.8746657016153382,0.905260276014795,0,2.1565425395965576,0.16039562225341797,6.836826324462891
A211115-A211125_13,4,5,DT,0.9035287228313439,0.907385252384057,0.8735358094551908,0.907385252384057,0.8697531186806329,0.8987773725798258,0,2.025951862335205,0.16217780113220215,6.151644468307495
