Dataset,T,CV,ML,Acc,b_Acc,Prec,Rec,F1,kap,ROC,tra-T,test-T,Al-Time
A211103-A211207_13,0,1,DT,0.8466685567164763,0.7934536907822226,0.7832909559136473,0.7934536907822226,0.7402102520590634,0.7000114720466024,0,2.9153664112091064,0.9440252780914307,46.33956265449524
A211103-A211207_13,1,2,DT,0.8459643979154133,0.7942933359815154,0.7885904774079988,0.7942933359815154,0.7362384718338654,0.6975949887854334,0,2.3219826221466064,0.8296051025390625,46.12108564376831
A211103-A211207_13,2,3,DT,0.8444431383124621,0.7917818066402259,0.7883487515195527,0.7917818066402259,0.733842537412768,0.6947319491589979,0,3.1894495487213135,0.839289665222168,46.16262125968933
A211103-A211207_13,3,4,DT,0.8455249229190053,0.7929424605731427,0.7885500588899085,0.7929424605731427,0.7351059442224046,0.6967759307029011,0,2.538839340209961,0.8586647510528564,45.67210030555725
A211103-A211207_13,4,5,DT,0.8462940041627195,0.7937458791150794,0.7836676419126657,0.7937458791150794,0.7403907552727609,0.6993089108078854,0,2.6774165630340576,0.8570575714111328,43.90306901931763
