Dataset,T,CV,ML,Acc,b_Acc,Prec,Rec,F1,kap,ROC,tra-T,test-T,Al-Time
A211108-A211117_13,0,1,DT,0.6358059279372258,0.6929567031895801,0.6722697836772109,0.6929567031895801,0.6144662211027364,0.6177197479228764,0,1.9165430068969727,0.18857598304748535,8.08025050163269
A211108-A211117_13,1,2,DT,0.6363241739623452,0.6933503092942513,0.7035189093399704,0.6933503092942513,0.6332892489839399,0.6181039872560283,0,1.7605915069580078,0.18720579147338867,8.192673444747925
A211108-A211117_13,2,3,DT,0.6361624989203207,0.693199989817771,0.711277123046021,0.693199989817771,0.6369642688770845,0.617998104584704,0,1.7605576515197754,0.14075541496276855,7.54005765914917
A211108-A211117_13,3,4,DT,0.6365367877162403,0.693160753513975,0.698514707723017,0.693160753513975,0.6361011874594495,0.6183824058952464,0,1.9997093677520752,0.17266416549682617,7.604430675506592
A211108-A211117_13,4,5,DT,0.6365079962704004,0.6929579262663446,0.6835256773358582,0.6929579262663446,0.6144289832064788,0.6184340549628103,0,1.7716009616851807,0.19749855995178223,7.857465505599976
