Dataset,T,CV,ML,Acc,b_Acc,Prec,Rec,F1,kap,ROC,tra-T,test-T,Al-Time
A211117-I211115_13,0,1,DT,0.9607567004136126,0.9057085207957181,0.9077581496706216,0.9057085207957181,0.8998641191465571,0.9585419371602418,0,1.5209174156188965,0.20115995407104492,7.620039463043213
A211117-I211115_13,1,2,DT,0.9607855313203446,0.9057499669083795,0.9099656094379015,0.9057499669083795,0.9011051670202609,0.9585659535616317,0,1.5926580429077148,0.18533802032470703,7.831898212432861
A211117-I211115_13,2,3,DT,0.961025049622426,0.9058973638312593,0.9079252491705976,0.9058973638312593,0.9001857175737457,0.9588252852675584,0,1.5097143650054932,0.17322063446044922,7.724728345870972
A211117-I211115_13,3,4,DT,0.9610117430500882,0.9065753476080248,0.9077428583388709,0.9065753476080248,0.9004692987320608,0.958811596863251,0,1.5098774433135986,0.18893957138061523,7.6922447681427
A211117-I211115_13,4,5,DT,0.9611248489149599,0.9060504031317953,0.9080339277283914,0.9060504031317953,0.9004276427981915,0.9589318785388007,0,1.526362657546997,0.19546914100646973,7.668418645858765
