Dataset,T,CV,ML,Acc,b_Acc,Prec,Rec,F1,kap,ROC,tra-T,test-T,Al-Time
A211208-A211108_13,0,1,DT,0.8607612647751645,0.7680410030498,0.7681445837477521,0.7680410030498,0.742632134135352,0.8488995005789974,0,1.3628947734832764,0.2066516876220703,8.986654996871948
A211208-A211108_13,1,2,DT,0.8608110983119848,0.7711758974477128,0.768284719646522,0.7711758974477128,0.7447535808158439,0.848953919750879,0,1.4255692958831787,0.21465373039245605,9.20925521850586
A211208-A211108_13,2,3,DT,0.860661597701524,0.7679723858906987,0.7681445842318145,0.7679723858906987,0.7425736926297082,0.8487912783768427,0,1.4427902698516846,0.2241966724395752,8.978636741638184
A211208-A211108_13,3,4,DT,0.8607363480067544,0.7692038358082196,0.7682213992981898,0.7692038358082196,0.7434515351847248,0.8488723767707071,0,1.544182538986206,0.20157217979431152,8.973490953445435
A211208-A211108_13,4,5,DT,0.860686514469934,0.7690414819550602,0.7681644817906759,0.7690414819550602,0.7433353933992742,0.848818167212515,0,1.397416114807129,0.18582534790039062,9.46541428565979
