Dataset,T,CV,ML,Acc,b_Acc,Prec,Rec,F1,kap,ROC,tra-T,test-T,Al-Time
A211112-A211228_13,0,1,DT,0.8235102142307662,0.78107108211989,0.7843533597062444,0.78107108211989,0.7724527970728009,0.8134849963762316,0,1.3668410778045654,0.15144586563110352,6.3019866943359375
A211112-A211228_13,1,2,DT,0.8198399809365441,0.7731857111835713,0.7797234135323817,0.7731857111835713,0.7600233228393553,0.8095538435894499,0,1.539452075958252,0.20264554023742676,6.47185754776001
A211112-A211228_13,2,3,DT,0.8194022466904441,0.7739761568858798,0.7781003628608189,0.7739761568858798,0.7589613227366615,0.8090567963956892,0,1.5056970119476318,0.17302966117858887,6.404592990875244
A211112-A211228_13,3,4,DT,0.8233418549053432,0.7784814416966931,0.7834308573477841,0.7784814416966931,0.769609214759278,0.813270136667442,0,1.4307360649108887,0.14555811882019043,6.458532810211182
A211112-A211228_13,4,5,DT,0.8197726372063748,0.7727836463927242,0.7795135863945798,0.7727836463927242,0.7595168454369399,0.8094792657615053,0,1.372633695602417,0.14807415008544922,6.27499532699585
