Dataset,T,CV,ML,Acc,b_Acc,Prec,Rec,F1,kap,ROC,tra-T,test-T,Al-Time
A211102-A211123_13,0,1,DT,0.863182738423896,0.8083059797366106,0.7753221669420908,0.8083059797366106,0.7634069111343695,0.8530989990266132,0,1.295212984085083,0.17123651504516602,7.854502201080322
A211102-A211123_13,1,2,DT,0.8631264412614895,0.8081900485326249,0.7752210670186324,0.8081900485326249,0.7629063992559798,0.8530387234355437,0,1.2668042182922363,0.19547080993652344,7.858886957168579
A211102-A211123_13,2,3,DT,0.8631264412614895,0.808222653574749,0.7752359737326322,0.808222653574749,0.7630486129553834,0.8530388096262865,0,1.2500102519989014,0.15774130821228027,7.688462972640991
A211102-A211123_13,3,4,DT,0.8631264412614895,0.8081696039568104,0.7749709434701856,0.8081696039568104,0.7630134636055039,0.8530390336872706,0,1.3124144077301025,0.18978381156921387,7.638162851333618
A211102-A211123_13,4,5,DT,0.8630419955178797,0.8079711191764751,0.7750446258048208,0.8079711191764751,0.762839119365028,0.8529478537974989,0,1.2643201351165771,0.17187285423278809,7.711053133010864
