Dataset,T,CV,ML,Acc,b_Acc,Prec,Rec,F1,kap,ROC,tra-T,test-T,Al-Time
A211124-I211213_13,0,1,DT,0.8033088889891247,0.7882745357045121,0.814658597145545,0.7882745357045121,0.7851969288814831,0.7917869992422542,0,1.1966233253479004,0.1767411231994629,7.707205295562744
A211124-I211213_13,1,2,DT,0.8030619924079301,0.7881773027064349,0.8071525641685227,0.7881773027064349,0.7853653275109297,0.7915227353311134,0,1.2161121368408203,0.18188929557800293,7.263351678848267
A211124-I211213_13,2,3,DT,0.7597625044809355,0.7582912420495912,0.7855128354942623,0.7582912420495912,0.7346640066743602,0.7460636205543352,0,1.1405003070831299,0.17873239517211914,7.046798229217529
A211124-I211213_13,3,4,DT,0.7595464699723903,0.755244338225433,0.7861876406176244,0.755244338225433,0.7333295483189017,0.7458340110719387,0,1.1250770092010498,0.16301774978637695,7.257258653640747
A211124-I211213_13,4,5,DT,0.8032780269164753,0.7889853969614138,0.8069346936949852,0.7889853969614138,0.78556680230896,0.7917531938418343,0,1.114501953125,0.17898821830749512,7.327868461608887
