Dataset,T,CV,ML,Acc,b_Acc,Prec,Rec,F1,kap,ROC,tra-T,test-T,Al-Time
A211228-A211123_13,0,1,DT,0.847750820098087,0.7669645327616944,0.7487667342590644,0.7669645327616944,0.7347417111286451,0.8362526155155899,0,1.453761100769043,0.1733098030090332,8.183252811431885
A211228-A211123_13,1,2,DT,0.8481730488161356,0.7678838468009823,0.7486582200872636,0.7678838468009823,0.7369766766839627,0.836709739882418,0,1.5562033653259277,0.17313170433044434,8.013921022415161
A211228-A211123_13,2,3,DT,0.847750820098087,0.7664815992559725,0.7489379559367073,0.7664815992559725,0.7345705401971796,0.8362509977178767,0,1.5274479389190674,0.17318177223205566,7.969015598297119
A211228-A211123_13,3,4,DT,0.8478352658416967,0.7673757235604683,0.7490078715770403,0.7673757235604683,0.7352050781366825,0.8363432583794281,0,1.5529258251190186,0.18910717964172363,7.992521047592163
A211228-A211123_13,4,5,DT,0.8475537800296643,0.7661761026242218,0.7489229172718105,0.7661761026242218,0.7341039741796145,0.8360387000888871,0,1.4588665962219238,0.17223572731018066,8.280763626098633
