Dataset,T,CV,ML,Acc,b_Acc,Prec,Rec,F1,kap,ROC,tra-T,test-T,Al-Time
A211105-A211110_13,0,1,DT,0.7329855752890536,0.7517947241765096,0.7496921518608917,0.7517947241765096,0.6774901229829237,0.713957640780519,0,1.3542170524597168,0.18750572204589844,8.08393907546997
A211105-A211110_13,1,2,DT,0.7328758014021503,0.7515173919338061,0.7474275696630327,0.7515173919338061,0.6758022706853046,0.7138832287144974,0,1.499398946762085,0.2109227180480957,8.413359642028809
A211105-A211110_13,2,3,DT,0.7325739232131661,0.7510300983021883,0.74964972041459,0.7510300983021883,0.6763873454823869,0.7135138348071113,0,1.4363436698913574,0.1827700138092041,7.71296501159668
A211105-A211110_13,3,4,DT,0.7329855752890536,0.752039376372363,0.7497973783243175,0.752039376372363,0.6774438903528827,0.7139595874408213,0,1.4529662132263184,0.17934370040893555,8.06033992767334
A211105-A211110_13,4,5,DT,0.7330679057042312,0.7521756501467007,0.7494496852156268,0.7521756501467007,0.6778762913237741,0.7140486613525358,0,1.3448259830474854,0.19833970069885254,7.7595055103302
