Dataset,T,CV,ML,Acc,b_Acc,Prec,Rec,F1,kap,ROC,tra-T,test-T,Al-Time
I211102-I211118_13,0,1,DT,0.7958232673720089,0.7996697310617108,0.7500474483430273,0.7996697310617108,0.752520942371478,0.7848331513852556,0,1.845715045928955,0.20524072647094727,7.778408050537109
I211102-I211118_13,1,2,DT,0.7957362706979587,0.7994898738167829,0.7497580877932847,0.7994898738167829,0.7522597339009356,0.7847416137503922,0,1.8666985034942627,0.23200750350952148,7.683786869049072
I211102-I211118_13,2,3,DT,0.7954953568313581,0.798986754587744,0.7497973072622831,0.798986754587744,0.7515889094895545,0.7844878601760381,0,1.7933788299560547,0.18830108642578125,7.860145330429077
I211102-I211118_13,3,4,DT,0.7953503623746077,0.798622597744539,0.7495702569409773,0.798622597744539,0.7513864536380612,0.7843338059241207,0,1.9020326137542725,0.20461606979370117,8.395301103591919
I211102-I211118_13,4,5,DT,0.7955310477745582,0.7991115602597152,0.7498737142838299,0.7991115602597152,0.7518974505975144,0.7845243126316062,0,1.800492763519287,0.18318557739257812,8.481908321380615
