Dataset,T,CV,ML,Acc,b_Acc,Prec,Rec,F1,kap,ROC,tra-T,test-T,Al-Time
I211118-A211112_13,0,1,DT,0.7372050041034012,0.8449724367969351,0.8513581770743047,0.8449724367969351,0.8047371410935846,0.7240351225959201,0,1.3811779022216797,0.1657547950744629,7.7223076820373535
I211118-A211112_13,1,2,DT,0.7364911714357812,0.8443788459723613,0.8152768630577193,0.8443788459723613,0.8019251678874659,0.7234579952576956,0,1.4885292053222656,0.17102479934692383,7.615602731704712
I211118-A211112_13,2,3,DT,0.7368799147038163,0.8451202291779941,0.815813625373421,0.8451202291779941,0.8030780135509309,0.7238636134670781,0,1.3488600254058838,0.17188596725463867,7.622933626174927
I211118-A211112_13,3,4,DT,0.7365843788860118,0.8447331082646109,0.8323676013087383,0.8447331082646109,0.8026753355432952,0.7235592821105621,0,1.52341890335083,0.1684279441833496,7.364310264587402
I211118-A211112_13,4,5,DT,0.7081515598607799,0.8138632625938292,0.8029175681601288,0.8138632625938292,0.7641670638128517,0.6937696977894495,0,1.3931858539581299,0.1616039276123047,7.2654619216918945
