Dataset,T,CV,ML,Acc,b_Acc,Prec,Rec,F1,kap,ROC,tra-T,test-T,Al-Time
I211112-I211115_13,0,1,DT,0.9886871957507679,0.9658520755846377,0.9479905785328098,0.9658520755846377,0.9535246444823998,0.9880558223835653,0,1.6651968955993652,0.16123461723327637,7.859117269515991
I211112-I211115_13,1,2,DT,0.9886117918408533,0.9657585020467229,0.9479240227802521,0.9657585020467229,0.9534442463275602,0.9879761927984619,0,1.838193655014038,0.17681455612182617,7.780514240264893
I211112-I211115_13,2,3,DT,0.988645058271698,0.9657832861132237,0.9479516723403115,0.9657832861132237,0.953470708354266,0.9880113234784449,0,1.985931396484375,0.18874835968017578,8.124642848968506
I211112-I211115_13,3,4,DT,0.9886583648440359,0.9658042329083639,0.9479630651059054,0.9658042329083639,0.9534868824000587,0.9880253756939451,0,1.87296462059021,0.17758440971374512,7.983105659484863
I211112-I211115_13,4,5,DT,0.9885829609341213,0.9657193854793519,0.9478934681856376,0.9657193854793519,0.9533891958532708,0.9879457790420542,0,1.7534074783325195,0.17216920852661133,7.803845405578613
