Dataset,T,CV,ML,Acc,b_Acc,Prec,Rec,F1,kap,ROC,tra-T,test-T,Al-Time
I211208-I211216_13,0,1,DT,0.7189123840929084,0.7544192628176284,0.8079730315794668,0.7544192628176284,0.7495344484516294,0.7049433211667256,0,1.372950792312622,0.15408730506896973,6.46785569190979
I211208-I211216_13,1,2,DT,0.7186888618632621,0.7515370536571048,0.7864307685318869,0.7515370536571048,0.7477102990255434,0.7047074269118685,0,1.1500942707061768,0.15623903274536133,6.6007795333862305
I211208-I211216_13,2,3,DT,0.7181264510918941,0.7475547840886299,0.803529080409683,0.7475547840886299,0.7476417058046166,0.7044896215954776,0,1.258436679840088,0.17333531379699707,4.596707582473755
I211208-I211216_13,3,4,DT,0.7187513519489697,0.7517799453160644,0.8025431235461604,0.7517799453160644,0.7478483908789507,0.704773738538882,0,1.1956725120544434,0.17305994033813477,6.4469895362854
I211208-I211216_13,4,5,DT,0.718383621829229,0.751597661652197,0.7907699359209287,0.751597661652197,0.7477351896506523,0.7043823963437674,0,1.337069034576416,0.1733705997467041,6.023690938949585
