Dataset,T,CV,ML,Acc,b_Acc,Prec,Rec,F1,kap,ROC,tra-T,test-T,Al-Time
I211213-I211216_13,0,1,DT,0.6980599231852639,0.7122092189203734,0.6980543400417295,0.7122092189203734,0.6784752853126925,0.6810064395623701,0,1.4581506252288818,0.17254257202148438,6.612648010253906
I211213-I211216_13,1,2,DT,0.7368013728591137,0.7279226203681607,0.7473677042997111,0.7279226203681607,0.7054377077259714,0.7219008511564371,0,1.4738478660583496,0.172255277633667,7.1111671924591064
I211213-I211216_13,2,3,DT,0.7588291280710272,0.74512782274679,0.7688939973642073,0.74512782274679,0.722119952560678,0.7449524641909254,0,1.4906609058380127,0.17244768142700195,7.01132607460022
I211213-I211216_13,3,4,DT,0.6981560617786601,0.7142833461565359,0.70079704007083,0.7142833461565359,0.6797778333637564,0.6811081336437765,0,1.4749035835266113,0.18827486038208008,6.965244293212891
I211213-I211216_13,4,5,DT,0.7369888431162364,0.7293000565651728,0.747444935857041,0.7293000565651728,0.7062988677901506,0.7220997158860789,0,1.444077730178833,0.17264723777770996,6.91833758354187
