Dataset,T,CV,ML,Acc,b_Acc,Prec,Rec,F1,kap,ROC,tra-T,test-T,Al-Time
I211102-A211208_13,0,1,DT,0.704719799741602,0.6826565897104789,0.7260241823980578,0.6826565897104789,0.6556100999236458,0.6803935548205937,0,1.8667585849761963,0.17617058753967285,6.798224687576294
I211102-A211208_13,1,2,DT,0.7049771883074936,0.6836686590874124,0.6932616845396201,0.6836686590874124,0.6565190554842738,0.6806885354516083,0,1.8131401538848877,0.1593797206878662,6.879836559295654
I211102-A211208_13,2,3,DT,0.704719799741602,0.682732180222143,0.7326945425840001,0.682732180222143,0.6586668500264494,0.680383474394928,0,1.8371012210845947,0.15492558479309082,6.797790050506592
I211102-A211208_13,3,4,DT,0.704719799741602,0.6830685662865764,0.759477261429329,0.6830685662865764,0.6558559024234605,0.6804019215616119,0,1.8415236473083496,0.1568448543548584,6.817134857177734
I211102-A211208_13,4,5,DT,0.7047147529069767,0.68241357443326,0.7264011900705687,0.68241357443326,0.6554961077755749,0.6804059956917923,0,1.8398423194885254,0.1576979160308838,6.774647951126099
