Dataset,T,CV,ML,Acc,b_Acc,Prec,Rec,F1,kap,ROC,tra-T,test-T,Al-Time
I211104-A211110_13,0,1,DT,0.814418800044754,0.7865342034457314,0.7456831608067629,0.7865342034457314,0.72467650207476,0.800549375147117,0,1.4734838008880615,0.19143199920654297,8.674946308135986
I211104-A211110_13,1,2,DT,0.8148663397375138,0.7872908999846147,0.7468153649548427,0.7872908999846147,0.7260983482222357,0.8010289521450358,0,1.536353588104248,0.1964409351348877,8.216944456100464
I211104-A211110_13,2,3,DT,0.8148937832092396,0.7861866979571864,0.7463345834576354,0.7861866979571864,0.7251888533182164,0.8010576427128424,0,1.5077881813049316,0.18874764442443848,8.253051996231079
I211104-A211110_13,3,4,DT,0.8153328787568529,0.7878793930476664,0.7468881855145363,0.7878793930476664,0.7262184615032276,0.8015273905167681,0,1.621750831604004,0.20743274688720703,8.642755270004272
I211104-A211110_13,4,5,DT,0.8146109043468348,0.7869265724564212,0.746694308694482,0.7869265724564212,0.7255260427723644,0.8007536553433069,0,1.542863130569458,0.2106456756591797,8.579869985580444
