Dataset,T,CV,ML,Acc,b_Acc,Prec,Rec,F1,kap,ROC,tra-T,test-T,Al-Time
I211112-A211102_13,0,1,DT,0.6743718450857571,0.7446871486767844,0.7618410556132638,0.7446871486767844,0.6810812978016169,0.6590877796158594,0,2.041414976119995,0.16556000709533691,6.428071022033691
I211112-A211102_13,1,2,DT,0.6745245535398668,0.7438164742527482,0.7618762378760656,0.7438164742527482,0.6803886905352059,0.6592489840053245,0,1.9024159908294678,0.16011428833007812,6.422491788864136
I211112-A211102_13,2,3,DT,0.6741569220762694,0.7454415981042283,0.7616660263627042,0.7454415981042283,0.6814714173090834,0.6588637095196632,0,1.9304125308990479,0.1532425880432129,6.62317967414856
I211112-A211102_13,3,4,DT,0.6741569220762694,0.7448881492699002,0.7617428137019231,0.7448881492699002,0.6808730525537998,0.6588665522717743,0,2.0285420417785645,0.17542576789855957,6.436702489852905
I211112-A211102_13,4,5,DT,0.6746291871102753,0.746498301846156,0.7621753104540221,0.746498301846156,0.6821321847397362,0.6593604953426486,0,2.0280601978302,0.14136505126953125,6.394440174102783
