Dataset,T,CV,ML,Acc,b_Acc,Prec,Rec,F1,kap,ROC,tra-T,test-T,Al-Time
I211213-I211125_13,0,1,DT,0.7782298106030551,0.7405190599474204,0.7670338058711256,0.7405190599474204,0.7191863653832108,0.7652955177026337,0,1.4789626598358154,0.17262554168701172,6.905759811401367
I211213-I211125_13,1,2,DT,0.795693185124273,0.7726229816491096,0.8294379448954655,0.7726229816491096,0.7526186080237458,0.7837933342953126,0,1.4982213973999023,0.16919827461242676,6.810839891433716
I211213-I211125_13,2,3,DT,0.7957653180219236,0.7727480690388828,0.8291589200470568,0.7727480690388828,0.7526643133873554,0.783869938329483,0,1.3527114391326904,0.17268681526184082,5.410226106643677
I211213-I211125_13,3,4,DT,0.7957340604329417,0.7717750035118139,0.8291287385590955,0.7717750035118139,0.7512530969400143,0.7838392677821399,0,1.3847911357879639,0.17708778381347656,6.445656061172485
I211213-I211125_13,4,5,DT,0.7727909901201975,0.739644752402544,0.7648909653220229,0.739644752402544,0.7192035892234169,0.759540199232247,0,1.0843555927276611,0.17300176620483398,5.6318440437316895
