Dataset,T,CV,ML,Acc,b_Acc,Prec,Rec,F1,kap,ROC,tra-T,test-T,Al-Time
I211220-I211201_13,0,1,DT,0.7546365333148991,0.758210959551107,0.7933118808876047,0.758210959551107,0.7298057164279524,0.7404494784049063,0,1.5581400394439697,0.15695786476135254,6.7195398807525635
I211220-I211201_13,1,2,DT,0.7544760569222109,0.7579446083683662,0.777269487807234,0.7579446083683662,0.7184307682928882,0.7403558791687193,0,1.5070135593414307,0.1727001667022705,6.701977729797363
I211220-I211201_13,2,3,DT,0.7543155805295227,0.7587892572155271,0.7934828368274789,0.7587892572155271,0.7298453059366838,0.7400998300590473,0,1.54494309425354,0.16008687019348145,6.55698561668396
I211220-I211201_13,3,4,DT,0.7543155805295227,0.7574005680118401,0.7775394335569666,0.7574005680118401,0.7172876515532328,0.7402727657416928,0,1.5066020488739014,0.17270398139953613,5.530164480209351
I211220-I211201_13,4,5,DT,0.7545896248308825,0.7567981251993748,0.7934788280801995,0.7567981251993748,0.7287438295303516,0.7403923951336693,0,1.5004982948303223,0.18893742561340332,6.339710474014282
