Dataset,T,CV,ML,Acc,b_Acc,Prec,Rec,F1,kap,ROC,tra-T,test-T,Al-Time
I211125-I211210_13,0,1,DT,0.7866302226800033,0.7707628135454806,0.8007944455676443,0.7707628135454806,0.7377379510925716,0.7747359724314195,0,1.564213514328003,0.18221068382263184,7.283571243286133
I211125-I211210_13,1,2,DT,0.8271879385208529,0.8002688387874495,0.8090426937161272,0.8002688387874495,0.7849715630367701,0.817304805193967,0,1.5944528579711914,0.17984724044799805,7.326845645904541
I211125-I211210_13,2,3,DT,0.7872208231553185,0.7763366551290111,0.7964622781998716,0.7763366551290111,0.7410289622909051,0.7753619118123725,0,1.568575143814087,0.17957854270935059,7.682441234588623
I211125-I211210_13,3,4,DT,0.8273414946444348,0.8045699499864217,0.8156163490838831,0.8045699499864217,0.7870163207871016,0.8174688174739454,0,1.513606071472168,0.185805082321167,7.3205201625823975
I211125-I211210_13,4,5,DT,0.827740740565748,0.8100003982066748,0.8204027876193907,0.8100003982066748,0.7897228827024433,0.817892561544385,0,1.5751328468322754,0.17335987091064453,7.111983776092529
