Dataset,T,CV,ML,Acc,b_Acc,Prec,Rec,F1,kap,ROC,tra-T,test-T,Al-Time
I211110-A211122_13,0,1,DT,0.6258925228572252,0.840199381779782,0.8012680080580536,0.840199381779782,0.7785105555262631,0.612474497276488,0,1.677295446395874,0.21456098556518555,8.805641412734985
I211110-A211122_13,1,2,DT,0.6261805227863328,0.8412488512624313,0.8288778955301012,0.8412488512624313,0.7988929395818863,0.6140006322605716,0,1.722158670425415,0.1745891571044922,8.778236389160156
I211110-A211122_13,2,3,DT,0.6262381227721544,0.8413909370246372,0.829002777926515,0.8413909370246372,0.7990882898302386,0.6140590559908473,0,1.779843807220459,0.21880125999450684,8.539034605026245
I211110-A211122_13,3,4,DT,0.6262093227792436,0.8412775583398299,0.8020923438747548,0.8412775583398299,0.7795072812596865,0.6128006838846645,0,1.7184064388275146,0.21213483810424805,8.464347839355469
I211110-A211122_13,4,5,DT,0.6259213228501359,0.8403298645660915,0.8020871039762114,0.8403298645660915,0.7789737033235228,0.6124956556487235,0,1.5930702686309814,0.1904454231262207,8.16139554977417
