Dataset,T,CV,ML,Acc,b_Acc,Prec,Rec,F1,kap,ROC,tra-T,test-T,Al-Time
I211103-A211109_13,0,1,DT,0.6716140455080264,0.8772895466923042,0.8390916048579152,0.8772895466923042,0.8089617909490536,0.6601901557462857,0,1.5893137454986572,0.17566490173339844,7.768304109573364
I211103-A211109_13,1,2,DT,0.6712898625963197,0.8780139272565568,0.8386927945640572,0.8780139272565568,0.8092944751244552,0.6598577387423583,0,1.6196646690368652,0.18881011009216309,7.784300088882446
I211103-A211109_13,2,3,DT,0.6714077472914858,0.8770134136350546,0.831457806781268,0.8770134136350546,0.7965147870327384,0.6610506481857263,0,1.598900556564331,0.17310857772827148,7.750531196594238
I211103-A211109_13,3,4,DT,0.6718498148983585,0.878429476960983,0.8392571967831918,0.878429476960983,0.8097780841811834,0.6604316196925284,0,1.5733840465545654,0.18887019157409668,7.820362567901611
I211103-A211109_13,4,5,DT,0.6717614013769839,0.8783811833201031,0.8318904754901213,0.8783811833201031,0.7975727914728641,0.661413932428421,0,1.5873143672943115,0.1889336109161377,7.848264932632446
