Dataset,T,CV,ML,Acc,b_Acc,Prec,Rec,F1,kap,ROC,tra-T,test-T,Al-Time
I211102-A211223_13,0,1,DT,0.7841151302994943,0.746353046135287,0.8111225772335525,0.746353046135287,0.7077493202377091,0.7723287388215686,0,1.829606533050537,0.14216852188110352,5.564121723175049
I211102-A211223_13,1,2,DT,0.7843982886036561,0.7468703121697933,0.8111402819949421,0.7468703121697933,0.7084249321276117,0.7726270352559585,0,1.8404905796051025,0.14457368850708008,5.5381224155426025
I211102-A211223_13,2,3,DT,0.7842364838584208,0.7464574539403226,0.7755621088421193,0.7464574539403226,0.7035512185042343,0.7725762235862528,0,1.8461318016052246,0.12579345703125,5.532793760299683
I211102-A211223_13,3,4,DT,0.7818903150525087,0.7384201818988761,0.8065042652099282,0.7384201818988761,0.6978640551528752,0.7699137543479841,0,1.8391599655151367,0.1338787078857422,5.552373170852661
I211102-A211223_13,4,5,DT,0.7840746791131855,0.7457480195175676,0.8109352297327482,0.7457480195175676,0.706672946158593,0.7722863109535708,0,1.918813705444336,0.1257014274597168,5.53311014175415
