Dataset,T,CV,ML,Acc,b_Acc,Prec,Rec,F1,kap,ROC,tra-T,test-T,Al-Time
I211102-A211105_13,0,1,DT,0.8863696779052767,0.8959030574697292,0.9099568413285423,0.8959030574697292,0.8656560659537991,0.8807368609225656,0,1.874077320098877,0.15693283081054688,6.244160175323486
I211102-A211105_13,1,2,DT,0.8865856630189181,0.8970994933004726,0.9101058090166867,0.8970994933004726,0.8666219804517552,0.8809627001238872,0,1.8482024669647217,0.14059019088745117,6.289717435836792
I211102-A211105_13,2,3,DT,0.8871560852421249,0.8957636569307379,0.915686177216599,0.8957636569307379,0.868079195271447,0.8815860112872709,0,1.8184025287628174,0.1394824981689453,6.259168386459351
I211102-A211105_13,3,4,DT,0.8876295910681848,0.8972887295550592,0.9158078137639282,0.8972887295550592,0.8692558307176897,0.8820798613603873,0,1.8603570461273193,0.15246820449829102,6.287816762924194
I211102-A211105_13,4,5,DT,0.8864056754242169,0.897262306256187,0.9099445980351304,0.897262306256187,0.8667935626567177,0.8807753957627912,0,1.8350636959075928,0.15678048133850098,6.306198358535767
