Dataset,T,CV,ML,Acc,b_Acc,Prec,Rec,F1,kap,ROC,tra-T,test-T,Al-Time
I211104-A211122_13,0,1,DT,0.701756134952336,0.735453674823809,0.671626513024155,0.735453674823809,0.678387353978407,0.6844707466751465,0,1.5522942543029785,0.15744996070861816,7.9186928272247314
I211104-A211122_13,1,2,DT,0.7021593348530868,0.7355587565505216,0.6717922331213014,0.7355587565505216,0.6788300205878702,0.6848946865198693,0,1.4962754249572754,0.21568012237548828,8.584582805633545
I211104-A211122_13,2,3,DT,0.7018425349310683,0.734769453057423,0.671720427746913,0.734769453057423,0.6781708001382439,0.6845552968784737,0,1.4849796295166016,0.17566967010498047,7.945852756500244
I211104-A211122_13,3,4,DT,0.7018425349310683,0.7350938511723214,0.6655441459714923,0.7350938511723214,0.6746756361722857,0.6845660384294632,0,1.319756031036377,0.17545628547668457,8.125794410705566
I211104-A211122_13,4,5,DT,0.7020441348814437,0.7351523964572176,0.6717175621580317,0.7351523964572176,0.678529119554166,0.684767539947396,0,1.4597585201263428,0.17002463340759277,8.441802978515625
