Dataset,T,CV,ML,Acc,b_Acc,Prec,Rec,F1,kap,ROC,tra-T,test-T,Al-Time
I211119-A211118_13,0,1,DT,0.9725075970166612,0.9191972556947544,0.9433086816428791,0.9191972556947544,0.915847096620739,0.9709641454189629,0,1.5804493427276611,0.14082598686218262,5.628740310668945
I211119-A211118_13,1,2,DT,0.9718366141908394,0.9172436114933177,0.9413368136420418,0.9172436114933177,0.9122840500786965,0.9702598749220517,0,1.5846037864685059,0.14132976531982422,5.620345115661621
I211119-A211118_13,2,3,DT,0.9716159353947914,0.9164837937462897,0.941217635628458,0.9164837937462897,0.9111185852743161,0.9700266532785891,0,1.5245392322540283,0.14120793342590332,5.584868431091309
I211119-A211118_13,3,4,DT,0.9714220959117762,0.9160249617801152,0.941126231237397,0.9160249617801152,0.9103727609794586,0.9698218005732236,0,1.5607707500457764,0.14412164688110352,5.340338706970215
I211119-A211118_13,4,5,DT,0.9727670437093123,0.9200797412341271,0.943392835421277,0.9200797412341271,0.9169300700234538,0.9712386797775111,0,1.5335345268249512,0.12569689750671387,5.251232147216797
