Dataset,T,CV,ML,Acc,b_Acc,Prec,Rec,F1,kap,ROC,tra-T,test-T,Al-Time
I211201-I211222_13,0,1,DT,0.8237941414498043,0.7862661867187223,0.7574872157873175,0.7862661867187223,0.7632376155640271,0.8133344734345125,0,1.2955801486968994,0.17702102661132812,7.122200012207031
I211201-I211222_13,1,2,DT,0.8240577922569197,0.7870017387601009,0.7891392649339852,0.7870017387601009,0.7639875012404008,0.8136213178361097,0,1.2418651580810547,0.16298604011535645,7.278908014297485
I211201-I211222_13,2,3,DT,0.8237345334412391,0.7860717217357684,0.757556096886629,0.7860717217357684,0.7630744328060776,0.813270039403551,0,1.2124216556549072,0.16814351081848145,6.982726812362671
I211201-I211222_13,3,4,DT,0.8240577922569197,0.7868806992045857,0.7904791099814518,0.7868806992045857,0.7643903935643435,0.813610931400542,0,1.1544983386993408,0.16112422943115234,7.1015660762786865
I211201-I211222_13,4,5,DT,0.8239981842483545,0.7865098928195313,0.757964727277668,0.7865098928195313,0.7636767835598356,0.8135503630128561,0,1.2528870105743408,0.18226170539855957,7.451292037963867
