Dataset,T,CV,ML,Acc,b_Acc,Prec,Rec,F1,kap,ROC,tra-T,test-T,Al-Time
I211215-I211203_13,0,1,DT,0.8158311000413558,0.8174625832412966,0.7843967259422697,0.8174625832412966,0.7916919959804726,0.8053636216389597,0,1.181154727935791,0.17299151420593262,5.948930978775024
I211215-I211203_13,1,2,DT,0.8158007257128037,0.8172928039543695,0.784581583137622,0.8172928039543695,0.7916526363886215,0.8053327640262301,0,1.444812297821045,0.17265915870666504,6.311546325683594
I211215-I211203_13,2,3,DT,0.8158311000413558,0.8173174110919537,0.7662484341501414,0.8173174110919537,0.7718176494308902,0.8055259140250758,0,1.5411744117736816,0.16344857215881348,6.836260557174683
I211215-I211203_13,3,4,DT,0.81589184869846,0.8172905228892622,0.7846747484352808,0.8172905228892622,0.7917295437673336,0.8054286866769512,0,1.4621267318725586,0.1726839542388916,6.834789991378784
I211215-I211203_13,4,5,DT,0.8159222230270121,0.8174603021761891,0.7847439270148894,0.8174603021761891,0.7918388293371728,0.8054603345573345,0,1.5599260330200195,0.17276644706726074,7.151386499404907
