Dataset,T,CV,ML,Acc,b_Acc,Prec,Rec,F1,kap,ROC,tra-T,test-T,Al-Time
I211108-A211118_13,0,1,DT,0.7856612461194826,0.7571234104769166,0.7339252256793523,0.7571234104769166,0.7230752319416426,0.7742786864717874,0,1.5532424449920654,0.16779208183288574,6.614499092102051
I211108-A211118_13,1,2,DT,0.7857387819126888,0.7573218493580981,0.7338947809894442,0.7573218493580981,0.7231568495704009,0.7743612031802833,0,1.6551008224487305,0.14009690284729004,6.126081466674805
I211108-A211118_13,2,3,DT,0.7854286387398645,0.7566826505681893,0.7345367414086857,0.7566826505681893,0.7228925608793167,0.7740309038858209,0,1.6550209522247314,0.12867355346679688,6.089308500289917
I211108-A211118_13,3,4,DT,0.7854286387398645,0.7566509846207092,0.7337881408973207,0.7566509846207092,0.7225578048079186,0.7740351315998668,0,1.6128194332122803,0.14238548278808594,6.135130167007446
I211108-A211118_13,4,5,DT,0.7854674066364675,0.7566847715564758,0.7344841291511113,0.7566847715564758,0.7230082540600289,0.7740713080430778,0,1.6046948432922363,0.13573241233825684,5.982256650924683
