Dataset,T,CV,ML,Acc,b_Acc,Prec,Rec,F1,kap,ROC,tra-T,test-T,Al-Time
I211203-I211208_13,0,1,DT,0.8629490025892972,0.8168745344053814,0.8437087385240681,0.8168745344053814,0.7972045882789609,0.8548682343359616,0,1.5738577842712402,0.15690112113952637,5.792137622833252
I211203-I211208_13,1,2,DT,0.8630580550631106,0.8171169458366652,0.8437975403420359,0.8171169458366652,0.7973965076675359,0.8549844529426189,0,1.5570223331451416,0.12578201293945312,5.208164215087891
I211203-I211208_13,2,3,DT,0.8626218451678569,0.8164735645869449,0.8435752107095912,0.8164735645869449,0.7966211012169292,0.854521888465769,0,1.493837833404541,0.11866879463195801,4.8379247188568115
I211203-I211208_13,3,4,DT,0.8630580550631106,0.8157096198073075,0.8436425527925071,0.8157096198073075,0.7964212306060625,0.8549852621605959,0,1.5878260135650635,0.1539444923400879,5.951189279556274
I211203-I211208_13,4,5,DT,0.8604771465161929,0.8136963509766989,0.8430506311689281,0.8136963509766989,0.7939639569851226,0.852242442245962,0,1.6045243740081787,0.14206504821777344,6.025191068649292
