Dataset,T,CV,ML,Acc,b_Acc,Prec,Rec,F1,kap,ROC,tra-T,test-T,Al-Time
I211216-I211210_13,0,1,DT,0.7527959026501424,0.743175817172625,0.7345231078609397,0.743175817172625,0.7212714349261715,0.7389130845362699,0,1.1601872444152832,0.15700531005859375,6.4123618602752686
I211216-I211210_13,1,2,DT,0.7729897141021219,0.7580529514105894,0.7408912025394097,0.7580529514105894,0.7378663790755882,0.7600128213908371,0,1.286449670791626,0.17208266258239746,6.494811773300171
I211216-I211210_13,2,3,DT,0.75307230367259,0.7436604408724253,0.7274292547375707,0.7436604408724253,0.7118730831731922,0.7395440754177087,0,1.2856824398040771,0.1727313995361328,6.540945768356323
I211216-I211210_13,3,4,DT,0.7529423715680207,0.7424226084846789,0.7273858091737553,0.7424226084846789,0.7109314543898253,0.7394048070973507,0,1.0506927967071533,0.17283391952514648,5.835078239440918
I211216-I211210_13,4,5,DT,0.7531030148973064,0.7445520167665368,0.7156543227616398,0.7445520167665368,0.6966720717655722,0.7401315693615418,0,1.1138808727264404,0.17267608642578125,6.8549721240997314
