Dataset,T,CV,ML,Acc,b_Acc,Prec,Rec,F1,kap,ROC,tra-T,test-T,Al-Time
I211223-A211124_13,0,1,DT,0.6734801118651917,0.695044271943345,0.6565122805566366,0.695044271943345,0.6393270922751817,0.657504820994169,0,1.427593469619751,0.12525534629821777,4.943578481674194
I211223-A211124_13,1,2,DT,0.6733643278291384,0.6946162265741118,0.6571645619095224,0.6946162265741118,0.639427728650231,0.6573837788332155,0,1.6150743961334229,0.12563180923461914,5.161652326583862
I211223-A211124_13,2,3,DT,0.6734029225078229,0.6948093757077473,0.6562745772624144,0.6948093757077473,0.6391544194905373,0.6574280243350519,0,1.6307930946350098,0.12560319900512695,5.383084774017334
I211223-A211124_13,3,4,DT,0.6732099491144006,0.6937742247568639,0.6547473582750162,0.6937742247568639,0.6374360900360159,0.6572216102998062,0,1.5527417659759521,0.13922429084777832,4.62705397605896
I211223-A211124_13,4,5,DT,0.6739432480094052,0.6958761582499479,0.6573633971954751,0.6958761582499479,0.6407513879964928,0.6579930822945956,0,1.5371112823486328,0.14107322692871094,4.8653388023376465
