Dataset,T,CV,ML,Acc,b_Acc,Prec,Rec,F1,kap,ROC,tra-T,test-T,Al-Time
I211118-A211110_13,0,1,DT,0.7472772909493541,0.8241747808848411,0.8331192298804756,0.8241747808848411,0.761493270815302,0.7294507531186283,0,1.573882818222046,0.1990830898284912,8.317713022232056
I211118-A211110_13,1,2,DT,0.773804572926804,0.8542550100031605,0.8366410949042644,0.8542550100031605,0.7931684866688449,0.7577763174383052,0,1.5402283668518066,0.1934986114501953,8.647983312606812
I211118-A211110_13,2,3,DT,0.7736947990399007,0.853925832365926,0.8365592987945298,0.853925832365926,0.7929166628163326,0.7576570027354153,0,1.4506282806396484,0.18023276329040527,8.061125755310059
I211118-A211110_13,3,4,DT,0.7738320163985298,0.8543374191307204,0.8359047146341546,0.8543374191307204,0.7929363632931538,0.7578084118484871,0,1.6568543910980225,0.21737074851989746,9.16335678100586
I211118-A211110_13,4,5,DT,0.7737496859833524,0.854178737176846,0.8365504837154053,0.854178737176846,0.7931442852027678,0.7577172171094683,0,1.7339892387390137,0.2023773193359375,8.038973569869995
