Dataset,T,CV,ML,Acc,b_Acc,Prec,Rec,F1,kap,ROC,tra-T,test-T,Al-Time
I211216-A211124_13,0,1,DT,0.6785716406301027,0.7150508952827834,0.6104799914285347,0.7150508952827834,0.6195725709426422,0.661789842668614,0,1.289320945739746,0.12645435333251953,4.212695121765137
I211216-A211124_13,1,2,DT,0.6784172619153649,0.7147583667731333,0.6526532965535156,0.7147583667731333,0.6545128227934589,0.661483849488818,0,1.3372719287872314,0.14145731925964355,4.182983160018921
I211216-A211124_13,2,3,DT,0.6783786672366804,0.7146883455597567,0.5997141870981867,0.7146883455597567,0.6084992823950358,0.661699913581232,0,1.4158985614776611,0.1419508457183838,5.2585608959198
I211216-A211124_13,3,4,DT,0.6781085044858892,0.7143585799759389,0.6277946720797817,0.7143585799759389,0.6340519504817,0.6613764558740491,0,1.0051939487457275,0.10989737510681152,4.795591354370117
I211216-A211124_13,4,5,DT,0.678262883200627,0.7149306624002656,0.6231129637557138,0.7149306624002656,0.6279538137741214,0.6613710655046121,0,1.2730238437652588,0.14194607734680176,5.363985776901245
