Dataset,T,CV,ML,Acc,b_Acc,Prec,Rec,F1,kap,ROC,tra-T,test-T,Al-Time
I211213-I211202_13,0,1,DT,0.8070904204157425,0.7582267502100851,0.7736862305655258,0.7582267502100851,0.7404720314799449,0.7955531334781474,0,1.5110983848571777,0.17331242561340332,6.27266788482666
I211213-I211202_13,1,2,DT,0.7938447159356432,0.7365215938607999,0.770126896703139,0.7365215938607999,0.6994313113393287,0.7815434847515457,0,1.494260549545288,0.16003632545471191,6.7307209968566895
I211213-I211202_13,2,3,DT,0.8306641643980586,0.7906311181181844,0.837947394438296,0.7906311181181844,0.7727718514374319,0.820550636289657,0,1.5260579586029053,0.1732025146484375,6.764427900314331
I211213-I211202_13,3,4,DT,0.8004984756436789,0.7481842317699233,0.7690988211726573,0.7481842317699233,0.7323395083492907,0.7885265946210721,0,1.4628593921661377,0.17333698272705078,6.7798943519592285
I211213-I211202_13,4,5,DT,0.8306641643980586,0.7915306602933745,0.8386677373448634,0.7915306602933745,0.7737235819655334,0.8205514678388364,0,1.462761640548706,0.17327666282653809,6.7807323932647705
