Dataset,T,CV,ML,Acc,b_Acc,Prec,Rec,F1,kap,ROC,tra-T,test-T,Al-Time
I211104-I211112_13,0,1,DT,0.8124938417578087,0.7980277077776041,0.7865680481315508,0.7980277077776041,0.7553445173213816,0.8023215733216243,0,1.6038312911987305,0.22020292282104492,9.012435674667358
I211104-I211112_13,1,2,DT,0.8124609977994548,0.7979120638140468,0.7864637506228661,0.7979120638140468,0.755324154276402,0.802286753227663,0,1.5412559509277344,0.22013378143310547,8.569137811660767
I211104-I211112_13,2,3,DT,0.8126211120964298,0.798121129760083,0.7683179316613065,0.798121129760083,0.7558018397029974,0.8024543714367988,0,1.5720274448394775,0.2513415813446045,8.616783618927002
I211104-I211112_13,3,4,DT,0.8126539560547837,0.7983098697519073,0.7534237038151648,0.7983098697519073,0.7559024557391768,0.8024887971929042,0,1.5696094036102295,0.20456743240356445,8.635085821151733
I211104-I211112_13,4,5,DT,0.8127812263934049,0.7992059800717002,0.7535368385734075,0.7992059800717002,0.7561575885055359,0.8026250360523972,0,1.572253942489624,0.20456528663635254,8.855670690536499
