Dataset,T,CV,ML,Acc,b_Acc,Prec,Rec,F1,kap,ROC,tra-T,test-T,Al-Time
I211208-I211209_13,0,1,DT,0.8665790277204783,0.8912411216122387,0.9027328837455986,0.8912411216122387,0.8598334678753526,0.8600734968653454,0,1.1643826961517334,0.1842961311340332,7.130149602890015
I211208-I211209_13,1,2,DT,0.8663972235235984,0.889626672213052,0.903033610543172,0.889626672213052,0.8611893478165951,0.8598022756440291,0,1.348134994506836,0.1732625961303711,6.42673397064209
I211208-I211209_13,2,3,DT,0.8665137646754445,0.8902216079923794,0.9032093647830841,0.8902216079923794,0.8617740752709041,0.8599235393570139,0,1.3683252334594727,0.14122438430786133,6.592013359069824
I211208-I211209_13,3,4,DT,0.8664578249225584,0.8908045493714161,0.9027411015840685,0.8908045493714161,0.8595655302040158,0.8599457697030028,0,1.3201186656951904,0.1731562614440918,5.807733774185181
I211208-I211209_13,4,5,DT,0.8666652681728445,0.8913041004797465,0.9037148588471101,0.8913041004797465,0.8626385096757769,0.8600839099525517,0,1.3146710395812988,0.17258739471435547,5.978534936904907
