Dataset,T,CV,ML,Acc,b_Acc,Prec,Rec,F1,kap,ROC,tra-T,test-T,Al-Time
I211223-I211213_13,0,1,DT,0.7539699308452172,0.7439038278060978,0.7140751134735998,0.7439038278060978,0.7037818379230874,0.740440503441967,0,1.2110755443572998,0.17284202575683594,6.873927116394043
I211223-I211213_13,1,2,DT,0.7539390687725679,0.7430572777045396,0.7140890461004963,0.7430572777045396,0.7032873329161095,0.7404078382292614,0,1.540029525756836,0.17319869995117188,6.574944734573364
I211223-I211213_13,2,3,DT,0.7540316549905158,0.7439876442662313,0.7141152568645143,0.7439876442662313,0.7038951646040712,0.7405058238587443,0,1.1329209804534912,0.17332077026367188,5.773961782455444
I211223-I211213_13,3,4,DT,0.7540007929178665,0.7440773300149144,0.7141206796318735,0.7440773300149144,0.7038769893604087,0.7404736144475661,0,1.5575571060180664,0.17331624031066895,5.962734222412109
I211223-I211213_13,4,5,DT,0.7539699308452172,0.7429675919558563,0.7141807793254723,0.7429675919558563,0.7033388854052689,0.7404395856639495,0,1.5797455310821533,0.15043306350708008,6.828747749328613
