Dataset,T,CV,ML,Acc,b_Acc,Prec,Rec,F1,kap,ROC,tra-T,test-T,Al-Time
I211108-A211112_13,0,1,DT,0.5819873192400637,0.6980123134493855,0.6240021501357972,0.6980123134493855,0.5895729459753716,0.5629643987856096,0,1.9165568351745605,0.2044994831085205,14.305404901504517
I211108-A211112_13,1,2,DT,0.579773073958975,0.6976598050814826,0.5904325461480586,0.6976598050814826,0.5891569788475477,0.5607678395636715,0,1.38865327835083,0.17783594131469727,8.259335994720459
I211108-A211112_13,2,3,DT,0.580220924390571,0.6977020220561653,0.5903076178274719,0.6977020220561653,0.589248219532431,0.5612169822139271,0,1.52095627784729,0.17335128784179688,8.167436361312866
I211108-A211112_13,3,4,DT,0.594136114704271,0.7013192972596255,0.624213529616928,0.7013192972596255,0.5922074277756785,0.5749421453713904,0,1.5999014377593994,0.18203210830688477,8.26152229309082
I211108-A211112_13,4,5,DT,0.5820486997560693,0.698328733553663,0.5918634165202474,0.698328733553663,0.5909048605893656,0.5629335922368142,0,1.4606752395629883,0.17254996299743652,8.005871057510376
