Dataset,T,CV,ML,Acc,b_Acc,Prec,Rec,F1,kap,ROC,tra-T,test-T,Al-Time
I211203-I211215_13,0,1,DT,0.7858174169675642,0.8025366119274051,0.8041227195639984,0.8025366119274051,0.7768315392570615,0.7736633286565209,0,1.5742030143737793,0.17219996452331543,7.080328941345215
I211203-I211215_13,1,2,DT,0.7858480366871348,0.8026905390472914,0.8041956364579861,0.8026905390472914,0.7771318468499293,0.7736947546250063,0,1.5736868381500244,0.17264938354492188,7.20611834526062
I211203-I211215_13,2,3,DT,0.7857867972479938,0.8017607252195594,0.8041809772694613,0.8017607252195594,0.7764060079726361,0.7736308410717628,0,1.621208906173706,0.1730947494506836,7.177059173583984
I211203-I211215_13,3,4,DT,0.785664318369712,0.7997573040419403,0.8041559563248664,0.7997573040419403,0.7751553936296045,0.7735003869556398,0,1.5881590843200684,0.17325139045715332,7.096746444702148
I211203-I211215_13,4,5,DT,0.7858174169675642,0.8019226065895412,0.8041476879130022,0.8019226065895412,0.7764863942146425,0.7736623600400476,0,1.5424745082855225,0.1883232593536377,4.824255466461182
