Dataset,T,CV,ML,Acc,b_Acc,Prec,Rec,F1,kap,ROC,tra-T,test-T,Al-Time
I211207-I211220_13,0,1,DT,0.7266096514883016,0.7343589963503779,0.6967270908539452,0.7343589963503779,0.6964254616211956,0.7111088269094431,0,1.4787437915802002,0.1887831687927246,7.204687833786011
I211207-I211220_13,1,2,DT,0.7064558832799838,0.7182372322339144,0.6922565639762349,0.7182372322339144,0.6891035479968787,0.6899213839456476,0,1.4786655902862549,0.17316102981567383,7.126725435256958
I211207-I211220_13,2,3,DT,0.7265185953066375,0.7337867558918328,0.6966463851304754,0.7337867558918328,0.6959409745050749,0.7110130373641468,0,1.2896583080291748,0.17270946502685547,7.128209114074707
I211207-I211220_13,3,4,DT,0.7063344750377649,0.719577311788858,0.6921765310130629,0.719577311788858,0.6896786065046046,0.6897947832833596,0,1.3053452968597412,0.17329621315002441,7.109416484832764
I211207-I211220_13,4,5,DT,0.7062737709166556,0.7187787533382406,0.6921902451627572,0.7187787533382406,0.6891744238373707,0.6897309600329671,0,1.2733042240142822,0.1739518642425537,6.841293096542358
