Dataset,T,CV,ML,Acc,b_Acc,Prec,Rec,F1,kap,ROC,tra-T,test-T,Al-Time
I211104-A211223_13,0,1,DT,0.8256771684169584,0.7931608547943192,0.8391007435397767,0.7931608547943192,0.765075097541793,0.8161297356854837,0,1.657604455947876,0.16976404190063477,6.600661993026733
I211104-A211223_13,1,2,DT,0.8257176196032672,0.7929370256773508,0.8056653806386999,0.7929370256773508,0.76454021455431,0.8161718514971553,0,1.788198709487915,0.1441054344177246,6.29102635383606
I211104-A211223_13,2,3,DT,0.8255962660443408,0.7924951507258023,0.8055226002986858,0.7924951507258023,0.7638785184011226,0.816044059406412,0,1.6012592315673828,0.14416027069091797,6.05795693397522
I211104-A211223_13,3,4,DT,0.8258389731621937,0.7930610607644702,0.8059055122671935,0.7930610607644702,0.7644132562643622,0.8163006274671705,0,1.6322388648986816,0.14406728744506836,6.210065603256226
I211104-A211223_13,4,5,DT,0.8256367172306496,0.7926318419714049,0.8056577417255717,0.7926318419714049,0.7640728473704395,0.8160869283510989,0,1.6719927787780762,0.1615445613861084,6.0577661991119385
