Dataset,T,CV,ML,Acc,b_Acc,Prec,Rec,F1,kap,ROC,tra-T,test-T,Al-Time
I211122-A211123_13,0,1,DT,0.8621628936741477,0.9238868451663004,0.9222624274372968,0.9238868451663004,0.9223168995513135,0.854199678286643,0,1.6056208610534668,0.1638495922088623,7.442443609237671
I211122-A211123_13,1,2,DT,0.8619615230547707,0.9234318349780043,0.922078980517442,0.9234318349780043,0.921954174809933,0.8539864067482061,0,1.5782475471496582,0.1883983612060547,7.739055871963501
I211122-A211123_13,2,3,DT,0.8621304145419901,0.9239005554437444,0.9223725261170713,0.9239005554437444,0.9223731540009238,0.854166130475667,0,1.6374304294586182,0.18961143493652344,7.748853921890259
I211122-A211123_13,3,4,DT,0.8622148602855998,0.9241518044965139,0.9223812390250726,0.9241518044965139,0.9225148969449966,0.854255121499555,0,1.540701150894165,0.1725330352783203,7.6943559646606445
I211122-A211123_13,4,5,DT,0.861853259280912,0.9232055248679976,0.9544442338600931,0.9232055248679976,0.9213267724980637,0.8538641618360048,0,1.607597827911377,0.1743934154510498,7.702621698379517
