Dataset,T,CV,ML,Acc,b_Acc,Prec,Rec,F1,kap,ROC,tra-T,test-T,Al-Time
I211213-A211124_13,0,1,DT,0.8210186620115546,0.8019101259268576,0.776772297066359,0.8019101259268576,0.7637772195878197,0.8108318602651043,0,1.0523490905761719,0.14128828048706055,5.80473780632019
I211213-A211124_13,1,2,DT,0.8417113474292975,0.8341959479721336,0.8123260844030732,0.8341959479721336,0.7974073217780604,0.8327363049663672,0,1.368194818496704,0.1263267993927002,2.8588778972625732
I211213-A211124_13,2,3,DT,0.8418271314653509,0.835080403451624,0.8163027067012931,0.835080403451624,0.8015731825393336,0.8328339346198511,0,1.1481647491455078,0.14136862754821777,3.0202291011810303
I211213-A211124_13,3,4,DT,0.821558987513137,0.8017915059228325,0.7745320872296408,0.8017915059228325,0.7473684153688132,0.8114733476599993,0,1.4314672946929932,0.12569689750671387,5.316289901733398
I211213-A211124_13,4,5,DT,0.8212888247623459,0.8020098707945629,0.7571877365902192,0.8020098707945629,0.7468939649566295,0.8111881230076049,0,1.4940288066864014,0.14145970344543457,5.679511070251465
