Dataset,T,CV,ML,Acc,b_Acc,Prec,Rec,F1,kap,ROC,tra-T,test-T,Al-Time
I211118-A211223_13,0,1,DT,0.7202520420070012,0.7428032048662312,0.6995391546327575,0.7428032048662312,0.6833633504849891,0.704722366068002,0,1.360196828842163,0.12565302848815918,5.38325572013855
I211118-A211223_13,1,2,DT,0.7202209257098405,0.742887436952856,0.7000025492231053,0.742887436952856,0.6834584218423341,0.7046895369494652,0,1.4840724468231201,0.12581610679626465,5.396037340164185
I211118-A211223_13,2,3,DT,0.720342279268767,0.742570627476068,0.7001098675250289,0.742570627476068,0.6833870991422384,0.7048170646467296,0,1.4492149353027344,0.1059412956237793,5.026402711868286
I211118-A211223_13,3,4,DT,0.720099572150914,0.7424855042854666,0.6994575683281912,0.7424855042854666,0.6830936766002746,0.7045610808264114,0,1.4093332290649414,0.12812471389770508,5.301880121231079
I211118-A211223_13,4,5,DT,0.7201804745235317,0.7421462968575837,0.6995214460509743,0.7421462968575837,0.6829615145850094,0.7046467492764246,0,1.533287525177002,0.14573407173156738,5.715395212173462
