Dataset,T,CV,ML,Acc,b_Acc,Prec,Rec,F1,kap,ROC,tra-T,test-T,Al-Time
I211210-A211124_13,0,1,DT,0.8066436286123135,0.7906303779481876,0.7603102697604148,0.7906303779481876,0.7684892270557787,0.7959010657187124,0,1.5056867599487305,0.14084410667419434,4.674033164978027
I211210-A211124_13,1,2,DT,0.8069137913631047,0.7959934306187272,0.7679951002743134,0.7959934306187272,0.7761178825220441,0.7961337802528483,0,1.444136142730713,0.13993406295776367,5.162587642669678
I211210-A211124_13,2,3,DT,0.8074927115433715,0.7974071722507878,0.77136973442581,0.7974071722507878,0.7784572536743837,0.7967538172612767,0,1.4435734748840332,0.1411890983581543,5.631158351898193
I211210-A211124_13,3,4,DT,0.8077242796154782,0.7927285281151213,0.7664413127915914,0.7927285281151213,0.7720539178980286,0.7970395731494502,0,1.3337631225585938,0.14116406440734863,4.881802320480347
I211210-A211124_13,4,5,DT,0.8073769275073182,0.7970728112403128,0.7709207613549132,0.7970728112403128,0.7778736620646113,0.7966312679679853,0,1.4903109073638916,0.14176726341247559,5.055585622787476
