Dataset,T,CV,ML,Acc,b_Acc,Prec,Rec,F1,kap,ROC,tra-T,test-T,Al-Time
I211125-I211223_13,0,1,DT,0.7460783930774763,0.7566631536898127,0.6985380038137634,0.7566631536898127,0.7074492591376597,0.7316563295300791,0,1.2688310146331787,0.1678781509399414,7.248814105987549
I211125-I211223_13,1,2,DT,0.7458647065716643,0.7562244046035886,0.698354083534339,0.7562244046035886,0.7068392894197735,0.7314308580971391,0,1.529104232788086,0.1930086612701416,7.517292022705078
I211125-I211223_13,2,3,DT,0.7848613450301803,0.7856506602280312,0.7357235971040592,0.7856506602280312,0.7454429397120097,0.7723499330133969,0,1.339684247970581,0.1531980037689209,7.091973781585693
I211125-I211223_13,3,4,DT,0.7847717345600012,0.7853453719223302,0.735623851448096,0.7853453719223302,0.745073867791682,0.7722551240052271,0,1.4896624088287354,0.1848902702331543,7.7249109745025635
I211125-I211223_13,4,5,DT,0.7846821240898219,0.7851613636561128,0.7355292442599246,0.7851613636561128,0.7447987972951166,0.7721608464685762,0,1.441950798034668,0.1838665008544922,8.365118980407715
