Dataset,T,CV,ML,Acc,b_Acc,Prec,Rec,F1,kap,ROC,tra-T,test-T,Al-Time
I211110-A211208_13,0,1,DT,0.5834569807816538,0.7056346034149364,0.76408792858613,0.7056346034149364,0.6496727372374876,0.5658762255977299,0,1.7661588191986084,0.17249608039855957,6.942113399505615
I211110-A211208_13,1,2,DT,0.5835881984819121,0.7089146705106175,0.7558698262456136,0.7089146705106175,0.6460477033294183,0.5649867411124279,0,1.5587818622589111,0.15596985816955566,7.016230821609497
I211110-A211208_13,2,3,DT,0.5835932453165374,0.7074027811947979,0.7627581819440666,0.7074027811947979,0.6510693921464185,0.5660196189252751,0,1.7647454738616943,0.15566754341125488,7.137126445770264
I211110-A211208_13,3,4,DT,0.5835225896317829,0.7077245234608823,0.7712993782141049,0.7077245234608823,0.6552319015972684,0.5659259484346162,0,1.808837890625,0.1725451946258545,7.063636779785156
I211110-A211208_13,4,5,DT,0.5835225896317829,0.7074266716440978,0.7486486006434256,0.7074266716440978,0.6404791091728794,0.5649324520378822,0,1.7986013889312744,0.17935633659362793,7.336074352264404
