Dataset,T,CV,ML,Acc,b_Acc,Prec,Rec,F1,kap,ROC,tra-T,test-T,Al-Time
I211102-A211122_13,0,1,DT,0.7005465352500836,0.7367651986140442,0.6724112316442479,0.7367651986140442,0.6836712510498747,0.683123555536824,0,1.8429386615753174,0.17289161682128906,7.658923864364624
I211102-A211122_13,1,2,DT,0.7002009353351544,0.736393622864331,0.6719731078637264,0.736393622864331,0.68307212503167,0.6827599370898959,0,1.8084559440612793,0.1731123924255371,7.780707597732544
I211102-A211122_13,2,3,DT,0.7008345351791914,0.7368182312296213,0.6724316247225993,0.7368182312296213,0.6837916869868302,0.6834279547098314,0,1.823113203048706,0.18838977813720703,7.860945701599121
I211102-A211122_13,3,4,DT,0.7002297353280651,0.7363250195806749,0.7055641007719488,0.7363250195806749,0.683323847890719,0.6827877098349003,0,1.777963399887085,0.18966245651245117,7.514875173568726
I211102-A211122_13,4,5,DT,0.7001721353422437,0.7362654799739663,0.7057402257629787,0.7362654799739663,0.6834534319330446,0.682727080990494,0,1.8445830345153809,0.17323923110961914,7.780821800231934
