Dataset,T,CV,ML,Acc,b_Acc,Prec,Rec,F1,kap,ROC,tra-T,test-T,Al-Time
I211119-A211112_13,0,1,DT,0.772864810550174,0.8376360178174277,0.8136831762917988,0.8376360178174277,0.784214398168471,0.7611411993354875,0,1.373673439025879,0.1729879379272461,7.302764177322388
I211119-A211112_13,1,2,DT,0.7769136512540948,0.8426536164727778,0.8156904002749557,0.8426536164727778,0.791289625546838,0.7654425899029283,0,1.383075475692749,0.17189955711364746,7.235546827316284
I211119-A211112_13,2,3,DT,0.7735445429311243,0.8392430249836396,0.8151225027274541,0.8392430249836396,0.7869488724093742,0.7619439893200934,0,1.5596787929534912,0.1755661964416504,7.141472816467285
I211119-A211112_13,3,4,DT,0.77525865067439,0.838077342891369,0.8137775698926439,0.838077342891369,0.7846067873147714,0.7635801564292128,0,1.520932674407959,0.18895173072814941,7.347388744354248
I211119-A211112_13,4,5,DT,0.7772091870718993,0.8417278508478249,0.8154079088427423,0.8417278508478249,0.7901710207785693,0.765647108211145,0,1.5802733898162842,0.17203283309936523,7.337705135345459
