Dataset,T,CV,ML,Acc,b_Acc,Prec,Rec,F1,kap,ROC,tra-T,test-T,Al-Time
I211208-I211223_13,0,1,DT,0.6990030260766468,0.6762808806407279,0.7222168477267173,0.6762808806407279,0.6706180672395695,0.6837407490843228,0,1.2609984874725342,0.18628191947937012,7.315652132034302
I211208-I211223_13,1,2,DT,0.6995590705326309,0.6778561741000751,0.7316071334447868,0.6778561741000751,0.6723121516914382,0.6843267470628235,0,1.3056466579437256,0.17797589302062988,5.845594882965088
I211208-I211223_13,2,3,DT,0.6783030074652415,0.6672590002105604,0.7101500194464085,0.6672590002105604,0.6621814387924597,0.6625919254989842,0,1.0227940082550049,0.17269182205200195,6.716965436935425
I211208-I211223_13,3,4,DT,0.699349979435546,0.6777232478583828,0.7288318983649155,0.6777232478583828,0.6720234248819682,0.6841107574524853,0,1.2271723747253418,0.17318415641784668,6.370223045349121
I211208-I211223_13,4,5,DT,0.6778503597056181,0.6657443377849643,0.7061625735944979,0.6657443377849643,0.6580485428577423,0.6616766936363992,0,1.3676550388336182,0.17329740524291992,6.580381393432617
