Dataset,T,CV,ML,Acc,b_Acc,Prec,Rec,F1,kap,ROC,tra-T,test-T,Al-Time
I211112-A211108_13,0,1,DT,0.48497423031144044,0.7366025463974183,0.6774217234235369,0.7366025463974183,0.6433118077807715,0.4688815565231603,0,2.0179996490478516,0.20576810836791992,9.356242895126343
I211112-A211108_13,1,2,DT,0.4852233979955418,0.7377414257048944,0.6776157022154556,0.7377414257048944,0.644247390460939,0.4691325254584353,0,1.8800654411315918,0.20676660537719727,9.519108772277832
I211112-A211108_13,2,3,DT,0.4852080645995971,0.7391570247737895,0.6804008612290406,0.7391570247737895,0.6451521638991283,0.4691177055059572,0,1.6711573600769043,0.206709623336792,9.984712600708008
I211112-A211108_13,3,4,DT,0.48465031232210865,0.7367136586816084,0.6757586369620119,0.7367136586816084,0.6432405926991813,0.4685564522141168,0,2.0180327892303467,0.20580744743347168,9.650126934051514
I211112-A211108_13,4,5,DT,0.4849243967746202,0.7381460437632323,0.6803183318895877,0.7381460437632323,0.6443517213872514,0.4688324526011032,0,2.0285725593566895,0.21372127532958984,9.93899655342102
