Dataset,T,CV,ML,Acc,b_Acc,Prec,Rec,F1,kap,ROC,tra-T,test-T,Al-Time
I211103-A211228_13,0,1,DT,0.6109500905255142,0.6960534529925057,0.7048303472670974,0.6960534529925057,0.6429302468714483,0.59309378405476,0,1.49066162109375,0.1584177017211914,6.682417631149292
I211103-A211228_13,1,2,DT,0.6105900605834557,0.6959018508179512,0.674660736802841,0.6959018508179512,0.6153149337190379,0.5940812013059342,0,1.4898815155029297,0.17257094383239746,6.607288837432861
I211103-A211228_13,2,3,DT,0.6107247480437942,0.693927454202704,0.6434274566462117,0.693927454202704,0.6134038826636609,0.5942140285932473,0,1.5351462364196777,0.15708565711975098,6.589275360107422
I211103-A211228_13,3,4,DT,0.6107817312000912,0.6950589241321782,0.7047417374245952,0.6950589241321782,0.641777109553215,0.5929146865759793,0,1.5253229141235352,0.16535305976867676,6.671777009963989
I211103-A211228_13,4,5,DT,0.6092664972712839,0.6921313832147972,0.7014154634308221,0.6921313832147972,0.6383941956476703,0.5913517708762077,0,1.5952858924865723,0.17478322982788086,7.37919807434082
