Dataset,T,CV,ML,Acc,b_Acc,Prec,Rec,F1,kap,ROC,tra-T,test-T,Al-Time
I211130-I211220_13,0,1,DT,0.7837298946783499,0.7890382136991176,0.7699714807509828,0.7890382136991176,0.7519864325708134,0.7710546127422302,0,1.38372802734375,0.18894195556640625,7.227814197540283
I211130-I211220_13,1,2,DT,0.7833960220122482,0.7874967728270837,0.7700956758960772,0.7874967728270837,0.7511046091978535,0.770701011543715,0,1.232569694519043,0.17262887954711914,7.253517389297485
I211130-I211220_13,2,3,DT,0.7835781343755764,0.7893196712937685,0.7701363599400632,0.7893196712937685,0.7521978737937752,0.7708949669546249,0,1.2868928909301758,0.17190217971801758,7.377997875213623
I211130-I211220_13,3,4,DT,0.7837088817133505,0.788428287588601,0.7699763642562923,0.788428287588601,0.7516584302149059,0.7710329634690956,0,1.3681228160858154,0.1889209747314453,7.364241123199463
I211130-I211220_13,4,5,DT,0.7835477823150218,0.7881169702598502,0.7700997714667305,0.7881169702598502,0.7515155061686113,0.7708623136528832,0,1.1180155277252197,0.15575909614562988,6.982665061950684
