Dataset,T,CV,ML,Acc,b_Acc,Prec,Rec,F1,kap,ROC,tra-T,test-T,Al-Time
I211122-A211223_13,0,1,DT,0.698193698949825,0.7258175934032725,0.7027615074179541,0.7258175934032725,0.6824537894608447,0.6823476988543198,0,1.6565237045288086,0.1263415813446045,4.683587074279785
I211122-A211223_13,1,2,DT,0.6980723453908985,0.7257753478333895,0.7026751029848539,0.7257753478333895,0.6824538446825577,0.6822199247604055,0,1.6795353889465332,0.13053393363952637,5.290862083435059
I211122-A211223_13,2,3,DT,0.698193698949825,0.7258929082237451,0.7032543616399292,0.7258929082237451,0.6826047061860306,0.6823472929743037,0,1.6194024085998535,0.12559819221496582,5.358877182006836
I211122-A211223_13,3,4,DT,0.6981532477635162,0.7258059633334295,0.70296700531809,0.7258059633334295,0.6825298924768967,0.6823047199939734,0,1.487766981124878,0.13145685195922852,5.472063779830933
I211122-A211223_13,4,5,DT,0.697708284714119,0.7215139336598395,0.7024100724512864,0.7215139336598395,0.6801555010799011,0.6818330390445326,0,1.5961215496063232,0.12620162963867188,5.489838123321533
