Dataset,T,CV,ML,Acc,b_Acc,Prec,Rec,F1,kap,ROC,tra-T,test-T,Al-Time
I211209-I211213_13,0,1,DT,0.969021601076849,0.9065896123398032,0.9170066708784101,0.9065896123398032,0.9052024472206556,0.9673165433470405,0,1.3204500675201416,0.181687593460083,6.43878436088562
I211209-I211213_13,1,2,DT,0.9337771141113266,0.879281441047283,0.9035488587171232,0.879281441047283,0.8744625916774108,0.9301205826753877,0,1.4592843055725098,0.17293858528137207,6.054653644561768
I211209-I211213_13,2,3,DT,0.9688672907136023,0.9044228682562736,0.9172286841048312,0.9044228682562736,0.9038438080546018,0.9671524123368186,0,1.429602861404419,0.17269372940063477,6.3581836223602295
I211209-I211213_13,3,4,DT,0.9688672907136023,0.9043088267726939,0.9172401054579776,0.9043088267726939,0.9036487428045548,0.9671535393727507,0,1.301238775253296,0.17255520820617676,6.752007246017456
I211209-I211213_13,4,5,DT,0.968836428640953,0.9044476971855049,0.9171073078097054,0.9044476971855049,0.9037871458195503,0.9671210072598426,0,1.45926833152771,0.17160248756408691,6.678187131881714
