Dataset,T,CV,ML,Acc,b_Acc,Prec,Rec,F1,kap,ROC,tra-T,test-T,Al-Time
I211223-I211215_13,0,1,DT,0.9290140685834611,0.9090890991664836,0.9308923539320566,0.9090890991664836,0.8957304015363126,0.925111060948838,0,1.556394338607788,0.17282629013061523,6.796874284744263
I211223-I211215_13,1,2,DT,0.9287078713877563,0.9075188716115903,0.9307674634024624,0.9075188716115903,0.894308431486159,0.9247875984589313,0,1.2902910709381104,0.18777060508728027,6.619163513183594
I211223-I211215_13,2,3,DT,0.9287691108268973,0.9069033571578433,0.9304784992012609,0.9069033571578433,0.8944842424020775,0.9248516501442262,0,1.5413196086883545,0.17275619506835938,6.482209205627441
I211223-I211215_13,3,4,DT,0.9282791953137697,0.9057821901611046,0.9304572306398174,0.9057821901611046,0.8931880642024181,0.924334589387297,0,1.5905911922454834,0.15766453742980957,6.403388023376465
I211223-I211215_13,4,5,DT,0.929136547461743,0.909364704382381,0.9310767670041189,0.909364704382381,0.8960024386640939,0.925240185361524,0,1.1015396118164062,0.17334675788879395,6.194782972335815
