Dataset,T,CV,ML,Acc,b_Acc,Prec,Rec,F1,kap,ROC,tra-T,test-T,Al-Time
I211122-A211112_13,0,1,DT,0.7319990270051537,0.805479720854478,0.7871834654512558,0.805479720854478,0.7628619688840703,0.7182098569127795,0,1.3957576751708984,0.1889050006866455,7.1260552406311035
I211122-A211112_13,1,2,DT,0.7312601874606426,0.8049767913784778,0.8040604919219174,0.8049767913784778,0.7621438115319964,0.7174485224986806,0,1.6016271114349365,0.17868852615356445,7.153766632080078
I211122-A211112_13,2,3,DT,0.7478988540030327,0.809956274688919,0.7740334806017323,0.809956274688919,0.7507010318136754,0.7348528718720986,0,1.563716173171997,0.17334318161010742,6.880234956741333
I211122-A211112_13,3,4,DT,0.7312010802970818,0.8053992571968771,0.8034724263884743,0.8053992571968771,0.7626250513511253,0.7173937102341084,0,1.5895957946777344,0.17916440963745117,6.950015544891357
I211122-A211112_13,4,5,DT,0.7476919789305695,0.8100748321436704,0.7905668070541293,0.8100748321436704,0.75062783724797,0.7346447322947821,0,1.615863561630249,0.18892621994018555,6.8027873039245605
