Dataset,T,CV,ML,Acc,b_Acc,Prec,Rec,F1,kap,ROC,tra-T,test-T,Al-Time
I211115-I211122_13,0,1,DT,0.8844075103877035,0.8951362455786943,0.851190085622327,0.8951362455786943,0.8656899926295332,0.8783652830357475,0,1.3461799621582031,0.15068769454956055,7.157970428466797
I211115-I211122_13,1,2,DT,0.8843361018999121,0.8954812780452404,0.8510139914350074,0.8954812780452404,0.8657170538457953,0.8782923940217549,0,1.3917615413665771,0.16974115371704102,7.199724912643433
I211115-I211122_13,2,3,DT,0.8846685976711907,0.8952985908994547,0.8514236101707093,0.8952985908994547,0.8658909307539902,0.8786395829520456,0,1.3654108047485352,0.1593620777130127,7.265785217285156
I211115-I211122_13,3,4,DT,0.8844476776620861,0.8949020920013745,0.8512199166427928,0.8949020920013745,0.8655601420505656,0.8784078853754363,0,1.3930068016052246,0.165114164352417,7.297053575515747
I211115-I211122_13,4,5,DT,0.8844320570553817,0.89379731007304,0.8511894001777952,0.89379731007304,0.8649793966064375,0.8783901485647916,0,1.4500014781951904,0.1582047939300537,7.170507907867432
