Dataset,T,CV,ML,Acc,b_Acc,Prec,Rec,F1,kap,ROC,tra-T,test-T,Al-Time
I211201-I211207_13,0,1,DT,0.7952620479422228,0.7792874289948772,0.7807792832606744,0.7792874289948772,0.7677338357021884,0.7831443702965954,0,1.4120030403137207,0.17801785469055176,6.702749490737915
I211201-I211207_13,1,2,DT,0.7948167792886466,0.7796939203774902,0.7806306173914674,0.7796939203774902,0.7671848084802891,0.7826700405844116,0,1.6467797756195068,0.16083598136901855,7.7747461795806885
I211201-I211207_13,2,3,DT,0.7950076087116078,0.7796419712795913,0.7808172837786687,0.7796419712795913,0.7675174322407858,0.7828738721812973,0,1.4451353549957275,0.17516875267028809,6.794605493545532
I211201-I211207_13,3,4,DT,0.7953256577498764,0.780889524303128,0.7785634066066813,0.780889524303128,0.7674993678031287,0.7832159933123571,0,1.4003291130065918,0.2146470546722412,6.609657526016235
I211201-I211207_13,4,5,DT,0.7952302430383958,0.7799100998193388,0.7780568756366945,0.7799100998193388,0.7666134324138876,0.7831151455297347,0,1.234269380569458,0.1332690715789795,6.8556129932403564
