Dataset,T,CV,ML,Acc,b_Acc,Prec,Rec,F1,kap,ROC,tra-T,test-T,Al-Time
I211201-I211124_13,0,1,DT,0.9623599981254979,0.8982771916784116,0.913481532589845,0.8982771916784116,0.8896269078597718,0.9601645620245566,0,1.4626095294952393,0.1752004623413086,6.574760437011719
I211201-I211124_13,1,2,DT,0.9620553915366231,0.8977457823553211,0.9135406642301569,0.8977457823553211,0.8892526334040126,0.959841825059512,0,1.4474565982818604,0.18886232376098633,6.954461336135864
I211201-I211124_13,2,3,DT,0.9622686161488355,0.897988593711464,0.9142533979121988,0.897988593711464,0.8895906848275863,0.9600674573630045,0,1.447296142578125,0.15779733657836914,7.0484230518341064
I211201-I211124_13,3,4,DT,0.962177234172173,0.8981116244815278,0.9129657020793758,0.8981116244815278,0.889170536087326,0.9599708541276332,0,1.3689112663269043,0.19974637031555176,7.923553943634033
I211201-I211124_13,4,5,DT,0.9622076948310605,0.8983367685481848,0.9137747370883634,0.8983367685481848,0.8898014231992698,0.9600031583666873,0,1.4161646366119385,0.1740434169769287,8.006259202957153
