Dataset,T,CV,ML,Acc,b_Acc,Prec,Rec,F1,kap,ROC,tra-T,test-T,Al-Time
I211216-I211220_13,0,1,DT,0.92713637647762,0.9078096096186019,0.922646600718521,0.9078096096186019,0.889014711533188,0.9231222177670699,0,0.7393465042114258,0.12627696990966797,6.277179956436157
I211216-I211220_13,1,2,DT,0.92713637647762,0.9070025979308073,0.9226166965879612,0.9070025979308073,0.8886188582445397,0.9231219156517589,0,1.321610927581787,0.17330050468444824,6.339412212371826
I211216-I211220_13,2,3,DT,0.9268118429070736,0.9052282017671005,0.9222179974871357,0.9052282017671005,0.8871294549289009,0.9227801464611385,0,1.179612636566162,0.17329835891723633,6.119434118270874
I211216-I211220_13,3,4,DT,0.9271457155731753,0.9073574943063487,0.9225083956469601,0.9073574943063487,0.8888421281584408,0.9231324626061271,0,1.3092429637908936,0.18894481658935547,4.768362522125244
I211216-I211220_13,4,5,DT,0.9269846161748465,0.9067471225878813,0.9225086055507783,0.9067471225878813,0.8881984286400909,0.9229620173229678,0,1.2747595310211182,0.17370867729187012,7.093449115753174
