Dataset,T,CV,ML,Acc,b_Acc,Prec,Rec,F1,kap,ROC,tra-T,test-T,Al-Time
I211118-A211208_13,0,1,DT,0.7271100815568475,0.7320925089345717,0.8003245858120229,0.7320925089345717,0.6487879760175264,0.7042150743196999,0,1.6197295188903809,0.14249348640441895,6.548086166381836
I211118-A211208_13,1,2,DT,0.7265196019056848,0.7303013149061418,0.7669514562371124,0.7303013149061418,0.6470731277789985,0.7035843406931158,0,1.6648242473602295,0.14124250411987305,6.439467430114746
I211118-A211208_13,2,3,DT,0.726585210755814,0.7303611890508518,0.7680446308764727,0.7303611890508518,0.6472878035727023,0.7036576841333219,0,1.4859273433685303,0.15704679489135742,6.579302549362183
I211118-A211208_13,3,4,DT,0.7260653867894057,0.7317938309405935,0.7677677555259195,0.7317938309405935,0.6479782738617683,0.7031029680697596,0,1.3605177402496338,0.14397549629211426,6.616891622543335
I211118-A211208_13,4,5,DT,0.7259013646640827,0.7323620884527476,0.767739343836636,0.7323620884527476,0.6483875761179562,0.7029294983201764,0,1.575617790222168,0.1536087989807129,6.583980560302734
