Dataset,T,CV,ML,Acc,b_Acc,Prec,Rec,F1,kap,ROC,tra-T,test-T,Al-Time
I211210-I211209_13,0,1,DT,0.9216237445604417,0.8872211839036968,0.9046160878627345,0.8872211839036968,0.8638530406681866,0.9175917418152709,0,1.4599268436431885,0.17259931564331055,7.249175310134888
I211210-I211209_13,1,2,DT,0.8813750923588628,0.8602910757010626,0.8807447903048613,0.8602910757010626,0.8184726259358117,0.8754473201114688,0,1.45896315574646,0.1633739471435547,6.46967339515686
I211210-I211209_13,2,3,DT,0.8828598266333825,0.8649199312936832,0.8797536371636017,0.8649199312936832,0.8205505199427024,0.877015383247607,0,1.3490440845489502,0.17238283157348633,6.732113838195801
I211210-I211209_13,3,4,DT,0.9217309624201402,0.8888779759430854,0.9049746883542369,0.8888779759430854,0.8649849296806236,0.9177055587465609,0,1.3645071983337402,0.17266011238098145,6.542480945587158
I211210-I211209_13,4,5,DT,0.8810767470101367,0.8598781674292881,0.8805289898433352,0.8598781674292881,0.8180374031790925,0.8751346616365002,0,1.333331823348999,0.1254737377166748,5.614572763442993
