Dataset,T,CV,ML,Acc,b_Acc,Prec,Rec,F1,kap,ROC,tra-T,test-T,Al-Time
I211201-I211220_13,0,1,DT,0.8234654114922241,0.8079286842374449,0.7859237283585172,0.8079286842374449,0.7836657871927266,0.8130866301578131,0,1.2836785316467285,0.17124485969543457,7.083179235458374
I211201-I211220_13,1,2,DT,0.8241028047638727,0.8105370129898868,0.7861826508163093,0.8105370129898868,0.7855355983266062,0.8137627269829028,0,1.1201272010803223,0.1519148349761963,6.6968512535095215
I211201-I211220_13,2,3,DT,0.8239206924005444,0.8103150570974271,0.7862755630527544,0.8103150570974271,0.7853991794510846,0.8135704243624126,0,1.3954846858978271,0.19439482688903809,7.203813552856445
I211201-I211220_13,3,4,DT,0.8236475238555522,0.8082630450219979,0.7860002522134815,0.8082630450219979,0.7839507620127731,0.8132800456441833,0,1.3849377632141113,0.17123961448669434,7.194805383682251
I211201-I211220_13,4,5,DT,0.8235261156133334,0.808765993062974,0.7861046879747954,0.808765993062974,0.7842646026643167,0.8131520084638127,0,1.3213603496551514,0.16949033737182617,7.182498931884766
