Dataset,T,CV,ML,Acc,b_Acc,Prec,Rec,F1,kap,ROC,tra-T,test-T,Al-Time
I211119-A211125_13,0,1,DT,0.9581248464124564,0.9329001938413835,0.9360658794965329,0.9329001938413835,0.9267545965794552,0.9559109886202044,0,1.580371618270874,0.14145636558532715,6.216142654418945
I211119-A211125_13,1,2,DT,0.9583209156170429,0.9328609089368205,0.9360936991217449,0.9328609089368205,0.9267793862847813,0.956116676938459,0,1.5991370677947998,0.1565108299255371,6.407895565032959
I211119-A211125_13,2,3,DT,0.9586607689049927,0.9339370402055677,0.9365187250053038,0.9339370402055677,0.9276650630484681,0.9564756829728323,0,1.5957765579223633,0.15692400932312012,6.418898582458496
I211119-A211125_13,3,4,DT,0.9570843725001177,0.9306427670198735,0.9356880534729359,0.9306427670198735,0.924962911195331,0.9548140870045099,0,1.6133761405944824,0.17232751846313477,5.969765663146973
I211119-A211125_13,4,5,DT,0.981404796637021,0.9446925000378097,0.9568559944017626,0.9446925000378097,0.9483245457837977,0.9803940797548811,0,1.4154341220855713,0.15766501426696777,6.309711694717407
