Dataset,T,CV,ML,Acc,b_Acc,Prec,Rec,F1,kap,ROC,tra-T,test-T,Al-Time
I211108-A211102_13,0,1,DT,0.8933557682790606,0.8855130253199175,0.9056328321802845,0.8855130253199175,0.8751082755618562,0.8880762121128262,0,1.6812212467193604,0.16198158264160156,6.616350173950195
I211108-A211102_13,1,2,DT,0.8929457178004326,0.8871604813355979,0.9052708715991825,0.8871604813355979,0.8759992524951746,0.8876465622268546,0,1.6618866920471191,0.17198729515075684,6.548672676086426
I211108-A211102_13,2,3,DT,0.8932454788399813,0.885111939674578,0.9054888917019359,0.885111939674578,0.8747714400118949,0.8879604344179561,0,1.584648609161377,0.16151070594787598,6.411402463912964
I211108-A211102_13,3,4,DT,0.8928778473763839,0.8830290658461001,0.9052304258119677,0.8830290658461001,0.872873314373131,0.8875747065294141,0,1.5540180206298828,0.168745756149292,6.594004392623901
I211108-A211102_13,4,5,DT,0.8928721915077132,0.8849049763893635,0.905223918602763,0.8849049763893635,0.8743868011804633,0.8875691812476854,0,1.6903982162475586,0.14135074615478516,6.552152872085571
