Dataset,T,CV,ML,Acc,b_Acc,Prec,Rec,F1,kap,ROC,tra-T,test-T,Al-Time
I211201-I211125_13,0,1,DT,0.9696897564072047,0.9165098280413517,0.9575749963033812,0.9165098280413517,0.9236965874916944,0.9679555783325121,0,1.5731747150421143,0.18892908096313477,7.210332870483398
I211201-I211125_13,1,2,DT,0.9701033183537349,0.9173509305892809,0.9576224232131957,0.9173509305892809,0.9247393226875916,0.9683929961575641,0,1.5465564727783203,0.18422532081604004,7.540365219116211
I211201-I211125_13,2,3,DT,0.9699398171190602,0.9156461310831928,0.9576021337452015,0.9156461310831928,0.9225687455736532,0.9682200531376881,0,1.5722153186798096,0.20441865921020508,7.550219535827637
I211201-I211125_13,3,4,DT,0.9698147867631324,0.9173880810054724,0.9576685496985518,0.9173880810054724,0.9247636133196875,0.9680878657677287,0,1.5657856464385986,0.20094037055969238,7.770724058151245
I211201-I211125_13,4,5,DT,0.9697907424639155,0.9170320920642024,0.9574935517836609,0.9170320920642024,0.9245009550323579,0.9680624390815912,0,1.5104873180389404,0.1889193058013916,7.60518217086792
