Dataset,T,CV,ML,Acc,b_Acc,Prec,Rec,F1,kap,ROC,tra-T,test-T,Al-Time
I211112-A211208_13,0,1,DT,0.5160262233527132,0.6891586633746201,0.7362363008728326,0.6891586633746201,0.6124390261992925,0.49837250928363663,0,1.8884623050689697,0.14853239059448242,7.2323198318481445
I211112-A211208_13,1,2,DT,0.5163921188630491,0.6914475236560913,0.7401393102832418,0.6914475236560913,0.6128176105246776,0.498757061782355,0,1.9037809371948242,0.15999484062194824,7.356125831604004
I211112-A211208_13,2,3,DT,0.5157360303617571,0.6890668971465898,0.7380505176120162,0.6890668971465898,0.6121720452169549,0.4980754101017648,0,2.1434288024902344,0.1635572910308838,7.435306787490845
I211112-A211208_13,3,4,DT,0.5159883720930233,0.6896061032298261,0.7415014649377613,0.6896061032298261,0.6125762118611218,0.49832859073134994,0,1.6872828006744385,0.16269278526306152,6.976940155029297
I211112-A211208_13,4,5,DT,0.5166116561692506,0.6912506562498923,0.742345018784173,0.6912506562498923,0.6127910306539055,0.49898303079107886,0,1.9303960800170898,0.17151141166687012,7.116793632507324
