Dataset,T,CV,ML,Acc,b_Acc,Prec,Rec,F1,kap,ROC,tra-T,test-T,Al-Time
I211215-I211209_13,0,1,DT,0.7233476212785497,0.7076299534360521,0.7069001035158861,0.7076299534360521,0.6574281481850899,0.7086169999698446,0,1.506120204925537,0.18819975852966309,6.6364476680755615
I211215-I211209_13,1,2,DT,0.7234688240764696,0.7079420726747201,0.6751631754364237,0.7079420726747201,0.6576256430091256,0.7087471688090281,0,1.490290641784668,0.17168664932250977,5.616349220275879
I211215-I211209_13,2,3,DT,0.7237461920178634,0.7092494503294511,0.7081624365857158,0.7092494503294511,0.6587769246630266,0.7090396748994503,0,1.4752559661865234,0.1808795928955078,7.088459253311157
I211215-I211209_13,3,4,DT,0.7236110042817219,0.7081566037039271,0.6752531975790377,0.7081566037039271,0.6578190204083572,0.7088957286623179,0,1.5419328212738037,0.18292236328125,6.653502702713013
I211215-I211209_13,4,5,DT,0.7235084480680973,0.7081899120338969,0.7086461417987285,0.7081899120338969,0.6583595755246112,0.7087886418238676,0,1.302053451538086,0.17490792274475098,6.977280139923096
