Dataset,T,CV,ML,Acc,b_Acc,Prec,Rec,F1,kap,ROC,tra-T,test-T,Al-Time
I211108-A211115_13,0,1,DT,0.44827834340139266,0.6923117169392771,0.602924321705563,0.6923117169392771,0.5931093755553631,0.4338188844266143,0,1.5889830589294434,0.22026467323303223,10.0017831325531
I211108-A211115_13,1,2,DT,0.44837428825524284,0.6926672682921317,0.6365646915863369,0.6926672682921317,0.5934608112387046,0.4339158532153582,0,1.5425152778625488,0.20777606964111328,9.89905071258545
I211108-A211115_13,2,3,DT,0.44844624689563045,0.6926935669267428,0.6366876808884113,0.6926935669267428,0.5936063930460983,0.43398114947974,0,1.4808812141418457,0.20534825325012207,9.72307538986206
I211108-A211115_13,3,4,DT,0.4483023296148552,0.692221878983996,0.6031378269716027,0.692221878983996,0.5932716164412744,0.4338366494020196,0,1.5504231452941895,0.22045516967773438,9.879645824432373
I211108-A211115_13,4,5,DT,0.4483023296148552,0.6923724122879205,0.6031571028683401,0.6923724122879205,0.5930790157878728,0.4338496373451888,0,1.5195534229278564,0.24028778076171875,9.835849046707153
