Dataset,T,CV,ML,Acc,b_Acc,Prec,Rec,F1,kap,ROC,tra-T,test-T,Al-Time
I211119-A211108_13,0,1,DT,0.8066439604628386,0.7763989838505266,0.7754381955273195,0.7763989838505266,0.7329696314456903,0.7912950446946351,0,1.38377046585083,0.21971440315246582,8.740517854690552
I211119-A211108_13,1,2,DT,0.806653543835304,0.7773225962376273,0.769976198331913,0.7773225962376273,0.7333863216266169,0.7913049083556641,0,1.5774343013763428,0.19951629638671875,8.235430240631104
I211119-A211108_13,2,3,DT,0.8066439604628386,0.7766408191750205,0.7774084323521617,0.7766408191750205,0.7330330948081077,0.7912946614903309,0,1.5799062252044678,0.19461798667907715,8.801616907119751
I211119-A211108_13,3,4,DT,0.8067033773721243,0.7776615268816652,0.7792871833353304,0.7776615268816652,0.733755030552907,0.7913578976326353,0,1.6070411205291748,0.18844056129455566,8.66851258277893
I211119-A211108_13,4,5,DT,0.8065941269260183,0.7775246868951953,0.7797861479714193,0.7775246868951953,0.7335655329480644,0.7912415398160344,0,1.5748791694641113,0.18898510932922363,8.649587154388428
