Dataset,T,CV,ML,Acc,b_Acc,Prec,Rec,F1,kap,ROC,tra-T,test-T,Al-Time
I211108-A211117_13,0,1,DT,0.5009711576154482,0.6289335301235472,0.5813182904969737,0.6289335301235472,0.5259205165202732,0.4820833651101041,0,1.6381564140319824,0.20074033737182617,8.081633806228638
I211108-A211117_13,1,2,DT,0.4973434354396122,0.6273490433923358,0.57821196506181,0.6273490433923358,0.5229706136383431,0.4784944722894974,0,1.432117223739624,0.17322325706481934,8.071427345275879
I211108-A211117_13,2,3,DT,0.4990133392983303,0.6281434295275287,0.5804836702365448,0.6281434295275287,0.5248369957122097,0.4801452170865974,0,1.4630038738250732,0.18895292282104492,8.038381099700928
I211108-A211117_13,3,4,DT,0.4976889327896918,0.6279163395019893,0.5834582560449794,0.6279163395019893,0.5262000675228506,0.47882046238210973,0,1.5992250442504883,0.19083189964294434,8.38267469406128
I211108-A211117_13,4,5,DT,0.49852388471905085,0.6280772691574483,0.5835402233873085,0.6280772691574483,0.5265484521503088,0.47964271297000594,0,1.5627875328063965,0.19920945167541504,8.759320259094238
