Dataset,T,CV,ML,Acc,b_Acc,Prec,Rec,F1,kap,ROC,tra-T,test-T,Al-Time
I211108-I211112_13,0,1,DT,0.6950253719578283,0.7395547039541074,0.6613333106515203,0.7395547039541074,0.6758568341530077,0.6787932302767516,0,1.4250986576080322,0.1959552764892578,8.780266284942627
I211108-I211112_13,1,2,DT,0.6950253719578283,0.7395932619838937,0.661408477079155,0.7395932619838937,0.6759484584510057,0.6787941145497765,0,1.412898302078247,0.21065783500671387,9.418274879455566
I211108-I211112_13,2,3,DT,0.6949986862416658,0.7394889197413382,0.6610593833568761,0.7394889197413382,0.6757065714589916,0.6787685088245239,0,1.5964434146881104,0.21230578422546387,8.731078147888184
I211108-I211112_13,3,4,DT,0.6949986862416658,0.7394889197413382,0.661220416730134,0.7394889197413382,0.6757999790814186,0.6787670381322652,0,1.4315342903137207,0.22815871238708496,9.050636053085327
I211108-I211112_13,4,5,DT,0.6949720005255033,0.739504369033288,0.6611917657434078,0.739504369033288,0.6757671910554196,0.6787370948231424,0,1.5426013469696045,0.2040419578552246,9.526211023330688
