Dataset,T,CV,ML,Acc,b_Acc,Prec,Rec,F1,kap,ROC,tra-T,test-T,Al-Time
I211201-I211202_13,0,1,DT,0.9898574053056995,0.9731605708281152,0.9940353499762205,0.9731605708281152,0.979940237675384,0.9892860434775229,0,1.4185450077056885,0.22372961044311523,7.529546737670898
I211201-I211202_13,1,2,DT,0.9893752488051173,0.9712393817579914,0.9898475796018456,0.9712393817579914,0.9765287821774717,0.9887768661386358,0,1.2482635974884033,0.1643376350402832,6.915507555007935
I211201-I211202_13,2,3,DT,0.9899216928391106,0.9735741331161007,0.9940202386584566,0.9735741331161007,0.9800937664898821,0.9893539987388283,0,1.2507266998291016,0.15790510177612305,6.830329656600952
I211201-I211202_13,3,4,DT,0.9899859803725215,0.9735905372290188,0.99405338793951,0.9735905372290188,0.9801979845253341,0.989421913080324,0,1.257157325744629,0.16150379180908203,6.598952531814575
I211201-I211202_13,4,5,DT,0.9899859803725215,0.9735735160102075,0.9940802711264645,0.9735735160102075,0.9802508372086793,0.9894219327452203,0,1.4023780822753906,0.18908309936523438,7.225776433944702
