Dataset,T,CV,ML,Acc,b_Acc,Prec,Rec,F1,kap,ROC,tra-T,test-T,Al-Time
I211124-I211222_13,0,1,DT,0.7933688383086915,0.773016725557248,0.7527136086458964,0.773016725557248,0.7488558725071497,0.7814051441278649,0,1.4692931175231934,0.17998766899108887,7.772864818572998
I211124-I211222_13,1,2,DT,0.7930662130344374,0.7723048517222713,0.752702890993809,0.7723048517222713,0.748171692933825,0.7810809795395273,0,1.5521903038024902,0.1846332550048828,7.510523557662964
I211124-I211222_13,2,3,DT,0.7931556250472852,0.7724515863553766,0.7527017857336591,0.7724515863553766,0.7483475446313903,0.7811764133784626,0,1.5727925300598145,0.1913306713104248,7.468969345092773
I211124-I211222_13,3,4,DT,0.7540917458956448,0.7433732436643429,0.7280555062656566,0.7433732436643429,0.7016009999260904,0.7401871334716452,0,1.5810644626617432,0.17917752265930176,7.1899073123931885
I211124-I211222_13,4,5,DT,0.7542109619127751,0.7436208332370128,0.728103962051496,0.7436208332370128,0.7018499635716796,0.7403146690330147,0,1.5853641033172607,0.18939948081970215,7.615562677383423
