Dataset,T,CV,ML,Acc,b_Acc,Prec,Rec,F1,kap,ROC,tra-T,test-T,Al-Time
I211115-A211125_13,0,1,DT,0.851408299740143,0.8902712891016091,0.8488683746686992,0.8902712891016091,0.841194756816352,0.8442568827358033,0,1.574521541595459,0.15705108642578125,6.263054847717285
I211115-A211125_13,1,2,DT,0.8506187944096748,0.8894667510280478,0.8490879955712197,0.8894667510280478,0.8423002986219056,0.8433944042572301,0,1.5852668285369873,0.16017866134643555,6.440869569778442
I211115-A211125_13,2,3,DT,0.8496672052034152,0.8873771687352193,0.846065162220419,0.8873771687352193,0.8397316944732347,0.8423976424777718,0,1.7035436630249023,0.15648341178894043,6.315104246139526
I211115-A211125_13,3,4,DT,0.8514422850689379,0.8901362823741883,0.8352742332074745,0.8901362823741883,0.8255733646958604,0.8446282778764427,0,1.4337525367736816,0.16983413696289062,6.284021377563477
I211115-A211125_13,4,5,DT,0.8511285743415996,0.887855689755501,0.8480810629225658,0.887855689755501,0.8417618454442307,0.8439145111122733,0,1.5208275318145752,0.1447925567626953,6.473661184310913
