Dataset,T,CV,ML,Acc,b_Acc,Prec,Rec,F1,kap,ROC,tra-T,test-T,Al-Time
I211213-I211207_13,0,1,DT,0.9687724775041469,0.9216914410570725,0.931342966800344,0.9216914410570725,0.919116276767377,0.9670304035402613,0,1.350276231765747,0.17189264297485352,6.652970552444458
I211213-I211207_13,1,2,DT,0.9686452578888394,0.9201662379835801,0.930759160955681,0.9201662379835801,0.9180384819787485,0.9668959598849941,0,1.445749282836914,0.17262792587280273,6.777416706085205
I211213-I211207_13,2,3,DT,0.9668323783707081,0.9164171452023915,0.9301653837460809,0.9164171452023915,0.9130628846710751,0.9649821558688483,0,1.4903719425201416,0.17197513580322266,6.38388729095459
I211213-I211207_13,3,4,DT,0.9685498431773588,0.9199604725522705,0.9314143247768077,0.9199604725522705,0.9180928050878053,0.9667952363383366,0,1.6023368835449219,0.1883702278137207,7.013309478759766
I211213-I211207_13,4,5,DT,0.9668323783707081,0.9163862086420743,0.9305414203622188,0.9163862086420743,0.9133467068826577,0.9649820654077155,0,1.2398827075958252,0.17160749435424805,6.560449600219727
