Dataset,T,CV,ML,Acc,b_Acc,Prec,Rec,F1,kap,ROC,tra-T,test-T,Al-Time
I211201-A211124_13,0,1,DT,0.920328707909534,0.8967409243750086,0.9064610023233538,0.8967409243750086,0.8878837436452692,0.9160482127793482,0,1.3681695461273193,0.14191317558288574,5.853012561798096
I211201-A211124_13,1,2,DT,0.9201743291947962,0.8963391911731693,0.9055795032895596,0.8963391911731693,0.8867547415079285,0.915885321592225,0,1.5105862617492676,0.15593886375427246,5.648108005523682
I211201-A211124_13,2,3,DT,0.9209462227684854,0.8982459360071094,0.9075857810342879,0.8982459360071094,0.8911215435702876,0.9166987767024113,0,1.4481303691864014,0.1413102149963379,5.914402723312378
I211201-A211124_13,3,4,DT,0.9201743291947962,0.8961674147135452,0.9067439609488775,0.8961674147135452,0.887601289694084,0.9158836379667958,0,1.492913007736206,0.1418914794921875,5.963953495025635
I211201-A211124_13,4,5,DT,0.9200199504800585,0.8958305385807606,0.9133592916518039,0.8958305385807606,0.889491024512267,0.9157201182844777,0,1.4631531238555908,0.14185667037963867,5.711267471313477
