Dataset,T,CV,ML,Acc,b_Acc,Prec,Rec,F1,kap,ROC,tra-T,test-T,Al-Time
I211209-I211203_13,0,1,DT,0.8420721834235607,0.8442548854459727,0.8101742162016135,0.8442548854459727,0.8176629809355035,0.8333716546867723,0,1.442516565322876,0.18819236755371094,7.135504245758057
I211209-I211203_13,1,2,DT,0.8301117074344674,0.8355609772569541,0.8028227868195124,0.8355609772569541,0.8057693206141449,0.8208267795720546,0,1.459585189819336,0.18795418739318848,7.21344518661499
I211209-I211203_13,2,3,DT,0.8300205844488111,0.8354220372770925,0.8028078192130315,0.8354220372770925,0.8056552740697845,0.8207310601547744,0,1.5056726932525635,0.1720726490020752,6.4300878047943115
I211209-I211203_13,3,4,DT,0.8423221875124126,0.8443886312115171,0.8101734572833447,0.8443886312115171,0.817793952798977,0.8336353640386388,0,1.395637035369873,0.17253804206848145,6.886665105819702
I211209-I211203_13,4,5,DT,0.8301724560915716,0.8353968741892479,0.8148285495719523,0.8353968741892479,0.8118851912976418,0.8209485933110173,0,1.00295090675354,0.1409587860107422,6.979151248931885
