Dataset,T,CV,ML,Acc,b_Acc,Prec,Rec,F1,kap,ROC,tra-T,test-T,Al-Time
I211110-I211103_13,0,1,DT,0.799752956675275,0.7618355020214863,0.7905072758484756,0.7618355020214863,0.7449752631388292,0.7882719783158039,0,1.8168373107910156,0.2088603973388672,7.808077573776245
I211110-I211103_13,1,2,DT,0.7996234581582821,0.7594309329278257,0.7904548169711152,0.7594309329278257,0.7431593919147622,0.7881332597338865,0,1.6950740814208984,0.18298864364624023,7.62820029258728
I211110-I211103_13,2,3,DT,0.7998201962898674,0.7602262542286977,0.7905632710528845,0.7602262542286977,0.7438630723167868,0.7883428429252752,0,1.7861089706420898,0.1813032627105713,7.635090351104736
I211110-I211103_13,3,4,DT,0.7998127252215794,0.7618743425055758,0.7905355900206266,0.7618743425055758,0.7449659375004256,0.7883349923003977,0,1.7262678146362305,0.20329070091247559,7.471160173416138
I211110-I211103_13,4,5,DT,0.7998525709191158,0.7646118730434279,0.7905550563862634,0.7646118730434279,0.7468520965272408,0.7883782973494959,0,1.750464916229248,0.16253328323364258,7.431619644165039
