Dataset,T,CV,ML,Acc,b_Acc,Prec,Rec,F1,kap,ROC,tra-T,test-T,Al-Time
I211201-I211203_13,0,1,DT,0.7735687265913228,0.7714412574705298,0.7652569056061523,0.7714412574705298,0.7442038096510647,0.7604927685726178,0,1.4068305492401123,0.16650104522705078,7.348534107208252
I211201-I211203_13,1,2,DT,0.7738420955482916,0.7719460196766854,0.7654937140701408,0.7719460196766854,0.7445868359117643,0.7607824888084689,0,1.4289600849151611,0.17885375022888184,7.252549171447754
I211201-I211203_13,2,3,DT,0.7738117212197396,0.7719388010398078,0.7654497715822394,0.7719388010398078,0.7445627831347756,0.7607505535665373,0,1.3946173191070557,0.1929636001586914,7.265019178390503
I211201-I211203_13,3,4,DT,0.7736505036297323,0.7716358957101362,0.7653402135753384,0.7716358957101362,0.7443473304840827,0.760579502644708,0,1.4890718460083008,0.2205648422241211,7.246525287628174
I211201-I211203_13,4,5,DT,0.7737416266153886,0.7714195576293298,0.7652656702045704,0.7714195576293298,0.7442061453030365,0.7606756791828125,0,1.2927234172821045,0.17399930953979492,8.047534465789795
