Dataset,T,CV,ML,Acc,b_Acc,Prec,Rec,F1,kap,ROC,tra-T,test-T,Al-Time
I211110-A211118_13,0,1,DT,0.8009059759221541,0.8203976906350465,0.8357736504954564,0.8203976906350465,0.7923105970899724,0.791001362259714,0,1.6625261306762695,0.13747382164001465,6.066786289215088
I211110-A211118_13,1,2,DT,0.8198247094644364,0.8368748999871792,0.8470856866559087,0.8368748999871792,0.8099255836955407,0.8108588226948392,0,1.6804194450378418,0.14397096633911133,5.926824331283569
I211110-A211118_13,2,3,DT,0.8199022452576425,0.836997498204301,0.847122508745299,0.836997498204301,0.8100626499200949,0.8109402001447572,0,1.7371206283569336,0.1482861042022705,6.211938381195068
I211110-A211118_13,3,4,DT,0.8007002078555687,0.8198215443996063,0.8123426551033808,0.8198215443996063,0.7678541427263299,0.791579134845109,0,1.4870376586914062,0.12468552589416504,6.0827507972717285
I211110-A211118_13,4,5,DT,0.8010789403839215,0.820657532646326,0.8337256553518337,0.820657532646326,0.7914980049821917,0.7911201725672363,0,1.721930742263794,0.17400813102722168,6.063108205795288
