Dataset,T,CV,ML,Acc,b_Acc,Prec,Rec,F1,kap,ROC,tra-T,test-T,Al-Time
I211118-A211116_13,0,1,DT,0.62029166585323,0.8881371121237396,0.8539857284421135,0.8881371121237396,0.8465636637923087,0.6095972028022618,0,1.4242334365844727,0.20937037467956543,9.302831172943115
I211118-A211116_13,1,2,DT,0.6208675790172383,0.8886719023769403,0.8550454377187491,0.8886719023769403,0.8476242493703828,0.6101844093191917,0,1.365488052368164,0.19822406768798828,8.841450452804565
I211118-A211116_13,2,3,DT,0.6201393905081701,0.8879828369058764,0.8538476774633839,0.8879828369058764,0.8461718353147668,0.6094399247058006,0,1.5054559707641602,0.1946849822998047,9.004461765289307
I211118-A211116_13,3,4,DT,0.6210530425785292,0.8893304280362795,0.8539331870454513,0.8893304280362795,0.8475397021479218,0.6103609200388824,0,1.4575812816619873,0.2098407745361328,8.480551481246948
I211118-A211116_13,4,5,DT,0.6211291802510591,0.8903488860755597,0.8552185216089753,0.8903488860755597,0.8478999990857731,0.6104598896690905,0,1.4486351013183594,0.1954195499420166,8.646717309951782
