Dataset,T,CV,ML,Acc,b_Acc,Prec,Rec,F1,kap,ROC,tra-T,test-T,Al-Time
I211119-I211108_13,0,1,DT,0.8076002055853767,0.7959028823283241,0.7975977634605074,0.7959028823283241,0.7635724694314673,0.796660874421534,0,1.5351312160491943,0.14075422286987305,7.189288139343262
I211119-I211108_13,1,2,DT,0.8076601295741018,0.795986519042562,0.7978117581401031,0.795986519042562,0.7637476954584365,0.796724497946657,0,1.5702176094055176,0.17429494857788086,7.411741018295288
I211119-I211108_13,2,3,DT,0.807450395613564,0.7956700878679513,0.79782267240837,0.7956700878679513,0.7632935971770284,0.79650162560431,0,1.4716949462890625,0.17336654663085938,7.3051981925964355
I211119-I211108_13,3,4,DT,0.80756563405342,0.7877932938167997,0.7977033380070001,0.7877932938167997,0.7589273647631862,0.7966254777276466,0,1.5826599597930908,0.17267203330993652,7.197620153427124
I211119-I211108_13,4,5,DT,0.8077200535628268,0.7879068805176573,0.7976638632210751,0.7879068805176573,0.7592863872904463,0.7967894614431897,0,1.5664372444152832,0.18889880180358887,7.307260751724243
