Dataset,T,CV,ML,Acc,b_Acc,Prec,Rec,F1,kap,ROC,tra-T,test-T,Al-Time
I211115-A211208_13,0,1,DT,0.5517199612403101,0.6770294558252604,0.7192622429452239,0.6770294558252604,0.5816470640369843,0.5371360907512533,0,1.430797815322876,0.14162564277648926,6.800285816192627
I211115-A211208_13,1,2,DT,0.5503270348837209,0.6718748743447348,0.710206495074478,0.6718748743447348,0.5872936443459885,0.5318279584614602,0,1.4530165195465088,0.16373276710510254,6.375241041183472
I211115-A211208_13,2,3,DT,0.5513540657299741,0.6751501346710536,0.7128025875526434,0.6751501346710536,0.5881488415694042,0.5329014595359105,0,1.5385782718658447,0.20418977737426758,7.849456071853638
I211115-A211208_13,3,4,DT,0.551109294250646,0.675209719388545,0.7262641743737365,0.675209719388545,0.5879946121830397,0.5326422914652458,0,1.6508910655975342,0.17230820655822754,6.634857416152954
I211115-A211208_13,4,5,DT,0.55043049499354,0.6736384802353103,0.7455936219848579,0.6736384802353103,0.5863321297404347,0.531954208483647,0,1.6295037269592285,0.15676403045654297,6.612471342086792
