Dataset,T,CV,ML,Acc,b_Acc,Prec,Rec,F1,kap,ROC,tra-T,test-T,Al-Time
I211103-I211104_13,0,1,DT,0.9716836645023927,0.9400686858867382,0.9828700150751474,0.9400686858867382,0.9433812125658801,0.9701021573538628,0,1.508873462677002,0.1766812801361084,7.363853931427002
I211103-I211104_13,1,2,DT,0.9714878253315457,0.9396912178263434,0.9824108687593562,0.9396912178263434,0.9427841191212462,0.9698951775701495,0,1.5474565029144287,0.1558074951171875,7.070038080215454
I211103-I211104_13,2,3,DT,0.9725071933233908,0.9397735371354052,0.9712034334895362,0.9397735371354052,0.9367926719657802,0.9709761029418869,0,1.5999095439910889,0.15599298477172852,7.09097146987915
I211103-I211104_13,3,4,DT,0.9717163043642006,0.9402669615250222,0.9826011303548121,0.9402669615250222,0.9434549380656754,0.970136630395157,0,1.5173602104187012,0.19081878662109375,7.080807447433472
I211103-I211104_13,4,5,DT,0.9717815840878163,0.9402778253897623,0.9823000974341117,0.9402778253897623,0.9434279142288793,0.9702057183675203,0,1.570744276046753,0.19266939163208008,7.193601131439209
