Dataset,T,CV,ML,Acc,b_Acc,Prec,Rec,F1,kap,ROC,tra-T,test-T,Al-Time
I211223-I211125_13,0,1,DT,0.7255487510188772,0.7114296364044026,0.6701290285462478,0.7114296364044026,0.6679753018023421,0.7098464103487996,0,1.3339927196502686,0.17273306846618652,5.806659936904907
I211223-I211125_13,1,2,DT,0.7257218699732387,0.711248540884244,0.6659314007613663,0.711248540884244,0.6650352196571381,0.7100368339273191,0,1.5685417652130127,0.15714073181152344,6.22837233543396
I211223-I211125_13,2,3,DT,0.7256184794866061,0.7109043556168643,0.6700683630015728,0.7109043556168643,0.66778702111613,0.7099195752502987,0,1.537170648574829,0.15687131881713867,7.237052917480469
I211223-I211125_13,3,4,DT,0.7257675541417508,0.7109628866175938,0.6680946373762876,0.7109628866175938,0.6665421905801072,0.7100806470771823,0,1.5996873378753662,0.18876099586486816,7.299157381057739
I211223-I211125_13,4,5,DT,0.7257362965527688,0.7068079655796884,0.6676346598622527,0.7068079655796884,0.6648387670337724,0.7100422466351536,0,1.568666934967041,0.17214274406433105,7.11298131942749
