Dataset,T,CV,ML,Acc,b_Acc,Prec,Rec,F1,kap,ROC,tra-T,test-T,Al-Time
I211202-I211203_13,0,1,DT,0.7819800791134435,0.8013997697227572,0.7897175159180471,0.8013997697227572,0.776878768512767,0.769641762266387,0,1.272435188293457,0.16079306602478027,7.251226186752319
I211202-I211203_13,1,2,DT,0.782162325084756,0.8015073050575018,0.7898452428641493,0.8015073050575018,0.7770007124398581,0.7698340479557095,0,1.2133359909057617,0.1840052604675293,6.82809853553772
I211202-I211203_13,2,3,DT,0.782131950756204,0.8016137062436108,0.8004662900062753,0.8016137062436108,0.7769387835040976,0.7698026350400314,0,1.2262344360351562,0.15045785903930664,6.93145489692688
I211202-I211203_13,3,4,DT,0.7818889561277871,0.8009306000162077,0.7679927881386791,0.8009306000162077,0.7763951957850668,0.7695454420941985,0,1.2666127681732178,0.1434333324432373,6.82393741607666
I211202-I211203_13,4,5,DT,0.7818889561277871,0.8015518611117171,0.7897873064502311,0.8015518611117171,0.7770059640438298,0.76954509632285,0,1.2538981437683105,0.16233563423156738,7.515043020248413
