Dataset,T,CV,ML,Acc,b_Acc,Prec,Rec,F1,kap,ROC,tra-T,test-T,Al-Time
I211115-A211225_13,0,1,DT,0.7648537721494,0.7334401237634061,0.6952055232959673,0.7334401237634061,0.6947737955894422,0.7524197199211841,0,1.4966115951538086,0.14739012718200684,6.404437303543091
I211115-A211225_13,1,2,DT,0.7683329723446081,0.7410827686650162,0.6835588337311148,0.7410827686650162,0.6779294949087048,0.7562965736147422,0,1.538963794708252,0.15644192695617676,6.278106689453125
I211115-A211225_13,2,3,DT,0.7628221824373045,0.7312706142356676,0.6750148848995209,0.7312706142356676,0.6748336217795676,0.7503901768292939,0,1.4420483112335205,0.17954230308532715,6.146007537841797
I211115-A211225_13,3,4,DT,0.7634884122619188,0.7326397344067619,0.6803744483606331,0.7326397344067619,0.6771420003336793,0.7510866061646433,0,1.596958875656128,0.16061782836914062,6.15262770652771
I211115-A211225_13,4,5,DT,0.7646289538546741,0.7335285351550414,0.6993571565479958,0.7335285351550414,0.69579370387015,0.7521817681036509,0,1.5143945217132568,0.1486070156097412,6.079435586929321
