Dataset,T,CV,ML,Acc,b_Acc,Prec,Rec,F1,kap,ROC,tra-T,test-T,Al-Time
I211223-I211201_13,0,1,DT,0.7496642340091447,0.7182395056562901,0.6570929127947188,0.7182395056562901,0.660004335593104,0.7351612106287744,0,1.4276809692382812,0.125382661819458,6.552910566329956
I211223-I211201_13,1,2,DT,0.7495679481735318,0.7174397651012089,0.6572096866762875,0.7174397651012089,0.6597169401234504,0.7350669844335,0,1.5220038890838623,0.1412372589111328,6.216684103012085
I211223-I211201_13,2,3,DT,0.7496963292876824,0.7181835446324566,0.6572790477302191,0.7181835446324566,0.6599587419059415,0.7351968165713083,0,1.504411220550537,0.17019939422607422,6.1481664180755615
I211223-I211201_13,3,4,DT,0.7498568056803705,0.7179911447284387,0.6570547293758284,0.7179911447284387,0.6604030378877327,0.735365384527382,0,1.395867109298706,0.15702056884765625,6.708674430847168
I211223-I211201_13,4,5,DT,0.7497605198447576,0.7175465362741364,0.6569098324105207,0.7175465362741364,0.6600996575251524,0.7352604080678514,0,1.475914478302002,0.17255091667175293,5.839673042297363
