Dataset,T,CV,ML,Acc,b_Acc,Prec,Rec,F1,kap,ROC,tra-T,test-T,Al-Time
I211115-A211122_13,0,1,DT,0.7703067642321811,0.8740495606627395,0.8698028185292586,0.8740495606627395,0.8299278863720347,0.7589619986116224,0,1.8489229679107666,0.20160126686096191,8.028079748153687
I211115-A211122_13,1,2,DT,0.7830917457004933,0.8980666837830612,0.8724296049279353,0.8980666837830612,0.8467867556128904,0.7735128606962518,0,1.5166137218475342,0.17849230766296387,7.360455513000488
I211115-A211122_13,2,3,DT,0.7720901484085788,0.880896455272358,0.8649414328196571,0.880896455272358,0.8256169428503095,0.7621575970190502,0,1.5392065048217773,0.20392918586730957,7.86102557182312
I211115-A211122_13,3,4,DT,0.7720613484156681,0.880480980729107,0.8687931206290218,0.880480980729107,0.8340660902431739,0.7608035271065747,0,1.6302120685577393,0.20036745071411133,8.320947885513306
I211115-A211122_13,4,5,DT,0.7722341483731328,0.8806952407099191,0.8715984267153983,0.8806952407099191,0.8343098975986053,0.7609827786250958,0,1.4997661113739014,0.17294526100158691,7.598351955413818
