Dataset,T,CV,ML,Acc,b_Acc,Prec,Rec,F1,kap,ROC,tra-T,test-T,Al-Time
I211213-I211130_13,0,1,DT,0.783254727780576,0.7348214653859032,0.728363959644525,0.7348214653859032,0.709820086177594,0.7708826786247883,0,1.3612022399902344,0.1726834774017334,3.8902766704559326
I211213-I211130_13,1,2,DT,0.805106562673301,0.7620566043291032,0.7919747884342675,0.7620566043291032,0.7331282117668957,0.7939770762410681,0,0.7567329406738281,0.11026191711425781,5.588688611984253
I211213-I211130_13,2,3,DT,0.8051905103510031,0.762257633595411,0.7921595801146245,0.762257633595411,0.7333346188860471,0.7940656479371053,0,1.0066983699798584,0.157545804977417,5.772428750991821
I211213-I211130_13,3,4,DT,0.8052057735651307,0.7611056297390881,0.7920599471027862,0.7611056297390881,0.732747913541116,0.7940812306027675,0,1.5251007080078125,0.15693092346191406,5.930115699768066
I211213-I211130_13,4,5,DT,0.8047936667836847,0.7607480819075894,0.7918362334693761,0.7607480819075894,0.7320749621302804,0.7936471685504944,0,1.4311325550079346,0.1570725440979004,5.913011789321899
