Dataset,T,CV,ML,Acc,b_Acc,Prec,Rec,F1,kap,ROC,tra-T,test-T,Al-Time
I211103-A211123_13,0,1,DT,0.5564822934597854,0.7193194893106613,0.6926446037618695,0.7193194893106613,0.654049503336856,0.5415841649981649,0,1.568549394607544,0.19252753257751465,8.303069353103638
I211103-A211123_13,1,2,DT,0.5553563502116556,0.7162186599791406,0.6490582924073256,0.7162186599791406,0.637511533348086,0.5427624941090881,0,1.6693179607391357,0.18883490562438965,8.395108461380005
I211103-A211123_13,2,3,DT,0.5570171165026471,0.7205711387385532,0.693107262635802,0.7205711387385532,0.6560869399045313,0.5421459855946086,0,1.607217788696289,0.18913602828979492,8.162964820861816
I211103-A211123_13,3,4,DT,0.5553844987928589,0.7162763965154358,0.6585735771781203,0.7162763965154358,0.6484530170860837,0.5404473923141742,0,1.6831550598144531,0.2044379711151123,9.245420455932617
I211103-A211123_13,4,5,DT,0.5554689445364687,0.7164059207243106,0.6908726986898706,0.7164059207243106,0.6481599117911933,0.5405404771029064,0,1.4265563488006592,0.18954682350158691,8.306332111358643
