Dataset,T,CV,ML,Acc,b_Acc,Prec,Rec,F1,kap,ROC,tra-T,test-T,Al-Time
I211202-I211223_13,0,1,DT,0.8091572709705733,0.7480723551376075,0.73297159379211,0.7480723551376075,0.7052195050273323,0.7979748182801725,0,1.206460952758789,0.15044760704040527,6.642237424850464
I211202-I211223_13,1,2,DT,0.8093962322243846,0.7492309455417265,0.7330566500010035,0.7492309455417265,0.7074523814941365,0.7982273294521713,0,1.2226226329803467,0.17075848579406738,6.758860111236572
I211202-I211223_13,2,3,DT,0.8089183097167619,0.7478624249313339,0.7325837725057721,0.7478624249313339,0.7050380023197617,0.7977226864045673,0,1.1834218502044678,0.15746784210205078,7.036683797836304
I211202-I211223_13,3,4,DT,0.809131996222574,0.7476248940333364,0.7016485584241713,0.7476248940333364,0.7048414380871444,0.7979388120935593,0,1.3424997329711914,0.1564476490020752,7.422820568084717
I211202-I211223_13,4,5,DT,0.809067660500394,0.7476343374159784,0.7014773901669819,0.7476343374159784,0.7049267798033222,0.7978703329119274,0,1.3290038108825684,0.15633678436279297,6.874218225479126
