Dataset,T,CV,ML,Acc,b_Acc,Prec,Rec,F1,kap,ROC,tra-T,test-T,Al-Time
I211130-I211124_13,0,1,DT,0.9232344533483293,0.8562357786937631,0.8761220596449871,0.8562357786937631,0.8296846404975331,0.9188173105875497,0,1.2153327465057373,0.16415786743164062,7.210251569747925
I211130-I211124_13,1,2,DT,0.9230212287361169,0.8562167571359699,0.8887425080862309,0.8562167571359699,0.8376125825854395,0.9185824029873986,0,1.1110594272613525,0.15790152549743652,7.042246341705322
I211130-I211124_13,2,3,DT,0.9231430713716668,0.8559563631645728,0.8755350517947897,0.8559563631645728,0.8291402528866091,0.9187207676739041,0,1.2501378059387207,0.17302536964416504,6.9899163246154785
I211130-I211124_13,3,4,DT,0.9229907680772295,0.8559467690749231,0.8890193662367855,0.8559467690749231,0.8379415003107122,0.9185481089415583,0,1.287233591079712,0.17439889907836914,7.229591131210327
I211130-I211124_13,4,5,DT,0.9234172173016543,0.8565603083663347,0.8891200758115423,0.8565603083663347,0.8381852892695512,0.9190018674898882,0,1.231335163116455,0.17972254753112793,6.734515428543091
