Dataset,T,CV,ML,Acc,b_Acc,Prec,Rec,F1,kap,ROC,tra-T,test-T,Al-Time
I211130-I211213_13,0,1,DT,0.7309610686823557,0.7451530921643511,0.7086159664090923,0.7451530921643511,0.713207049518695,0.7159311232949461,0,1.2865469455718994,0.18761658668518066,7.2337141036987305
I211130-I211213_13,1,2,DT,0.7310227928276544,0.7463250582748574,0.7094912818089447,0.7463250582748574,0.7139685332637298,0.7159966710577463,0,1.3705930709838867,0.16692852973937988,7.098166227340698
I211130-I211213_13,2,3,DT,0.6910920188306123,0.7129762113509618,0.6528382957469333,0.7129762113509618,0.6593149993599867,0.6750405130898204,0,1.3709971904754639,0.16846036911010742,6.878481864929199
I211130-I211213_13,3,4,DT,0.7308993445370571,0.744693405674045,0.7084403348634445,0.744693405674045,0.7128293225303352,0.7158656636600349,0,1.2405366897583008,0.17107772827148438,7.402592420578003
I211130-I211213_13,4,5,DT,0.7309610686823557,0.7440806320607181,0.7121767059924978,0.7440806320607181,0.7123775573147553,0.7159311573248679,0,1.3327155113220215,0.18623590469360352,8.065359830856323
