Dataset,T,CV,ML,Acc,b_Acc,Prec,Rec,F1,kap,ROC,tra-T,test-T,Al-Time
I211108-A211108_13,0,1,DT,0.727546637482103,0.900266340061598,0.8852718179407468,0.900266340061598,0.8462163433777842,0.7134052607439154,0,1.5718328952789307,0.22072768211364746,9.279879331588745
I211108-A211108_13,1,2,DT,0.7271479691875409,0.9017173401426289,0.8851373175980893,0.9017173401426289,0.8471240780628616,0.7129924695164642,0,1.541294813156128,0.19330334663391113,9.304005861282349
I211108-A211108_13,2,3,DT,0.7274968039452828,0.9013941607160056,0.8853962641314019,0.9013941607160056,0.8469820475676129,0.7133557502115735,0,1.5552709102630615,0.20433950424194336,9.451236009597778
I211108-A211108_13,3,4,DT,0.7276463045557436,0.9005002808134536,0.885382060055809,0.9005002808134536,0.8463903700463244,0.713510052377063,0,1.479151725769043,0.20434308052062988,9.155625581741333
I211108-A211108_13,4,5,DT,0.7274469704084625,0.9017853199194439,0.8851534128879718,0.9017853199194439,0.8472777658815703,0.7133016415764881,0,1.5258426666259766,0.1889510154724121,9.407600402832031
