Dataset,T,CV,ML,Acc,b_Acc,Prec,Rec,F1,kap,ROC,tra-T,test-T,Al-Time
I211125-I211215_13,0,1,DT,0.7637806403289971,0.7047465579429742,0.7064724079603939,0.7047465579429742,0.6734094904455923,0.7500350610177688,0,1.3769688606262207,0.17208600044250488,7.182818412780762
I211125-I211215_13,1,2,DT,0.7650972882705276,0.7123550360236215,0.7069639442757268,0.7123550360236215,0.6826210848998135,0.7514351919455869,0,1.4661171436309814,0.18545103073120117,7.115721940994263
I211125-I211215_13,2,3,DT,0.7640562178051314,0.7080889524286995,0.7063112478907472,0.7080889524286995,0.6769518061316347,0.7503348219715429,0,1.404017448425293,0.16312527656555176,7.085486650466919
I211125-I211215_13,3,4,DT,0.7644848938791181,0.709921483567313,0.710036843078327,0.709921483567313,0.6823363984230236,0.7504908076540945,0,1.5150806903839111,0.1132352352142334,7.01386570930481
I211125-I211215_13,4,5,DT,0.7641786966834133,0.7090817487577457,0.7064614493451868,0.7090817487577457,0.6785270899167801,0.7504618531122759,0,1.461296558380127,0.17930960655212402,7.414474248886108
