Dataset,T,CV,ML,Acc,b_Acc,Prec,Rec,F1,kap,ROC,tra-T,test-T,Al-Time
I211112-A211223_13,0,1,DT,0.7163438350836251,0.7275449614914058,0.6937274322387754,0.7275449614914058,0.6634691079327665,0.7013966066788782,0,1.7561309337615967,0.1419057846069336,5.737526178359985
I211112-A211223_13,1,2,DT,0.7159393232205368,0.7259397943698273,0.6932117137173585,0.7259397943698273,0.6616279928727294,0.7009716827248731,0,1.68764066696167,0.1249074935913086,5.779242515563965
I211112-A211223_13,2,3,DT,0.7161011279657721,0.7255294620196728,0.6899350337965926,0.7255294620196728,0.6567625201803785,0.7013016039565834,0,1.9927635192871094,0.13044023513793945,5.671322345733643
I211112-A211223_13,3,4,DT,0.7164247374562427,0.72801180341579,0.6935004946774579,0.72801180341579,0.6637615361225434,0.7014859981028161,0,1.9464969635009766,0.125471830368042,5.684545040130615
I211112-A211223_13,4,5,DT,0.7160202255931544,0.7265847756156962,0.6935832820113912,0.7265847756156962,0.6623793169282888,0.7010564143657578,0,1.8120534420013428,0.14831852912902832,5.610137939453125
