Dataset,T,CV,ML,Acc,b_Acc,Prec,Rec,F1,kap,ROC,tra-T,test-T,Al-Time
I211122-I211104_13,0,1,DT,0.7880919741090573,0.7942354468984031,0.8013100688903692,0.7942354468984031,0.7795862444302669,0.776153592989128,0,1.6294384002685547,0.15575242042541504,6.656086206436157
I211122-I211104_13,1,2,DT,0.7879940545236338,0.7957811459728714,0.8013019897454517,0.7957811459728714,0.7807701683265444,0.7760499678508422,0,1.632556676864624,0.1706068515777588,6.625783205032349
I211122-I211104_13,2,3,DT,0.7882225335562887,0.796402005995256,0.8020897244139851,0.796402005995256,0.7815139102254491,0.7762907153995604,0,1.598249912261963,0.17167019844055176,6.6504902839660645
I211122-I211104_13,3,4,DT,0.7882878132799044,0.7947118083973808,0.8021865835114769,0.7947118083973808,0.7802389257882127,0.7763600024407239,0,1.6155707836151123,0.1731734275817871,6.663668870925903
I211122-I211104_13,4,5,DT,0.7879940545236338,0.7959684964132134,0.8011376226008851,0.7959684964132134,0.7807975501357112,0.7760502749770671,0,1.629411220550537,0.17331290245056152,6.572207927703857
