Dataset,T,CV,ML,Acc,b_Acc,Prec,Rec,F1,kap,ROC,tra-T,test-T,Al-Time
I211110-I211108_13,0,1,DT,0.7752689088994038,0.7385161527774233,0.7586963203652491,0.7385161527774233,0.7175191739657777,0.7625168599633386,0,1.9000566005706787,0.190321683883667,7.949009895324707
I211110-I211108_13,1,2,DT,0.7750292129445034,0.737792499713821,0.7354903541553982,0.737792499713821,0.6962224194491317,0.7626849798233561,0,1.7394258975982666,0.14681124687194824,7.923387289047241
I211110-I211108_13,2,3,DT,0.7750292129445034,0.7378146302199102,0.7623370456618942,0.7378146302199102,0.7167826918965791,0.7622616094394843,0,1.6552743911743164,0.1697089672088623,7.820217609405518
I211110-I211108_13,3,4,DT,0.7752043753730844,0.7382780062694485,0.7409360982458458,0.7382780062694485,0.6966402854630205,0.7628703039009987,0,1.7217066287994385,0.16897940635681152,7.767946243286133
I211110-I211108_13,4,5,DT,0.7747249834632839,0.7371475801699408,0.7621774056452649,0.7371475801699408,0.7161017865723043,0.7619402469814321,0,1.6406021118164062,0.20500516891479492,8.02071475982666
