Dataset,T,CV,ML,Acc,b_Acc,Prec,Rec,F1,kap,ROC,tra-T,test-T,Al-Time
I211209-I211202_13,0,1,DT,0.7799561361214342,0.7626242311169211,0.8109941060531476,0.7626242311169211,0.7099050927757622,0.767637895955936,0,1.4316108226776123,0.17331528663635254,6.145633935928345
I211209-I211202_13,1,2,DT,0.7777060724520501,0.7594365274895618,0.7854181141726493,0.7594365274895618,0.7124536676195735,0.7649078917708163,0,1.3331780433654785,0.17316484451293945,5.583351373672485
I211209-I211202_13,2,3,DT,0.7802132862550781,0.7629099721472916,0.8190981522488314,0.7629099721472916,0.7107502630365138,0.7679092692042413,0,1.4158964157104492,0.17282366752624512,6.661536455154419
I211209-I211202_13,3,4,DT,0.7553216478378372,0.7292004497639648,0.727971852639667,0.7292004497639648,0.6827215914236857,0.7412122277759341,0,1.4790163040161133,0.15704584121704102,6.7815470695495605
I211209-I211202_13,4,5,DT,0.7782846602527489,0.7587775347565672,0.7866480304487635,0.7587775347565672,0.7127716224308415,0.7655177700699876,0,1.4791326522827148,0.15706849098205566,6.827739000320435
