Dataset,T,CV,ML,Acc,b_Acc,Prec,Rec,F1,kap,ROC,tra-T,test-T,Al-Time
I211215-I211208_13,0,1,DT,0.8020529827249696,0.760042049053284,0.7386122978327377,0.760042049053284,0.7365136870389883,0.7906132834274678,0,1.4745125770568848,0.15698933601379395,5.461681604385376
I211215-I211208_13,1,2,DT,0.8039432256044023,0.7605508273422512,0.739376276405538,0.7605508273422512,0.7372877554933548,0.7926324822110036,0,1.4899024963378906,0.14124059677124023,5.801060438156128
I211215-I211208_13,2,3,DT,0.8041976813766337,0.7608638972073527,0.7229758927842592,0.7608638972073527,0.7250365996242105,0.7929637806945066,0,3.367933511734009,0.21382570266723633,6.006465196609497
I211215-I211208_13,3,4,DT,0.8042703830258426,0.7610419401779427,0.7229952512246037,0.7610419401779427,0.7252705388057075,0.7930397647046994,0,1.4933445453643799,0.13751816749572754,5.710907936096191
I211215-I211208_13,4,5,DT,0.8041976813766337,0.7621749201983843,0.738649689296806,0.7621749201983843,0.7380709322870994,0.792900965513633,0,1.4283111095428467,0.14135098457336426,5.413492918014526
