Dataset,T,CV,ML,Acc,b_Acc,Prec,Rec,F1,kap,ROC,tra-T,test-T,Al-Time
I211216-I211130_13,0,1,DT,0.7708966120752375,0.7838993096009903,0.7209060583956348,0.7838993096009903,0.7288276270136895,0.7586625379929139,0,1.36427640914917,0.1574079990386963,6.10022497177124
I211216-I211130_13,1,2,DT,0.7706651199943018,0.7834182295391692,0.7459138059248397,0.7834182295391692,0.7488439747152289,0.7582099824626466,0,1.3656988143920898,0.15728139877319336,6.1628944873809814
I211216-I211130_13,2,3,DT,0.7704666982106425,0.7833548017201248,0.7459116291087139,0.7833548017201248,0.7486777857187742,0.7579993373216285,0,1.3706943988800049,0.15082025527954102,5.630484104156494
I211216-I211130_13,3,4,DT,0.7706981902915783,0.7825154869287064,0.7205474175626398,0.7825154869287064,0.7278016285876316,0.7584518044298675,0,1.3662395477294922,0.16733598709106445,6.438217401504517
I211216-I211130_13,4,5,DT,0.770433627913366,0.7829371494773482,0.720582555631436,0.7829371494773482,0.7280506199369605,0.7581740962396921,0,1.4076111316680908,0.15694904327392578,6.101722240447998
