Dataset,T,CV,ML,Acc,b_Acc,Prec,Rec,F1,kap,ROC,tra-T,test-T,Al-Time
I211115-A211102_13,0,1,DT,0.718558319075831,0.7374631893786925,0.7422790215802544,0.7374631893786925,0.6962129266190608,0.704972465834139,0,1.5109097957611084,0.12849831581115723,6.09632682800293
I211115-A211102_13,1,2,DT,0.7179729366684106,0.7369518375220959,0.7269414823420174,0.7369518375220959,0.6790876231318479,0.7055079896071963,0,1.6372277736663818,0.15667176246643066,6.081315517425537
I211115-A211102_13,2,3,DT,0.7179983880774289,0.7367460562213627,0.741795638956955,0.7367460562213627,0.6955928051623346,0.7043884010897609,0,1.6089651584625244,0.13406896591186523,6.020437955856323
I211115-A211102_13,3,4,DT,0.7186940599239285,0.7404886577993819,0.742112702749292,0.7404886577993819,0.6984734707556607,0.7051155340061491,0,1.6016061305999756,0.13284087181091309,6.411590337753296
I211115-A211102_13,4,5,DT,0.718340568132008,0.7372285667129458,0.7272762201305433,0.7372285667129458,0.6795718798349376,0.7058882125840849,0,1.6615509986877441,0.1546623706817627,6.267692565917969
