Dataset,T,CV,ML,Acc,b_Acc,Prec,Rec,F1,kap,ROC,tra-T,test-T,Al-Time
I211210-I211203_13,0,1,DT,0.8817644213807235,0.8862206265347278,0.848699090163627,0.8862206265347278,0.8590060092131826,0.8752984279512617,0,1.4590375423431396,0.17268896102905273,6.672883033752441
I211210-I211203_13,1,2,DT,0.8815821754094109,0.8859932344976604,0.8548823990189951,0.8859932344976604,0.8647414826714399,0.8750661860531638,0,1.489670991897583,0.1592411994934082,6.587894439697266
I211210-I211203_13,2,3,DT,0.8689160804031841,0.8768558462649777,0.8408517239143938,0.8768558462649777,0.8505014695060121,0.8617402250910561,0,1.5296051502227783,0.16613388061523438,6.777658700942993
I211210-I211203_13,3,4,DT,0.881612549737963,0.8861817838357718,0.8548940909814252,0.8861817838357718,0.8648381875836108,0.8750985860667463,0,1.4847993850708008,0.1727592945098877,6.415588617324829
I211210-I211203_13,4,5,DT,0.8817340470521714,0.8861066845020914,0.8548391667084729,0.8861066845020914,0.8648393978245811,0.8752270374393589,0,1.5071384906768799,0.1726698875427246,6.509761095046997
