Dataset,T,CV,ML,Acc,b_Acc,Prec,Rec,F1,kap,ROC,tra-T,test-T,Al-Time
I211208-I211201_13,0,1,DT,0.6861822419292719,0.7290818914936767,0.7650125047352617,0.7290818914936767,0.733129080586894,0.6685462595783175,0,1.3845784664154053,0.15704846382141113,6.854574203491211
I211208-I211201_13,1,2,DT,0.6864093777466151,0.7288934032897288,0.7397314813987776,0.7288934032897288,0.712638807240099,0.6694663575693147,0,1.2739624977111816,0.15774250030517578,6.826257228851318
I211208-I211201_13,2,3,DT,0.6862884032352041,0.7283201613167768,0.7649588960905839,0.7283201613167768,0.7328694067474086,0.6686600977619254,0,1.3509128093719482,0.17331361770629883,6.800784349441528
I211208-I211201_13,3,4,DT,0.6862908721027839,0.7304751307790176,0.7649793557476052,0.7304751307790176,0.7339181282785248,0.6686649126745998,0,1.337238073348999,0.1675586700439453,5.708010673522949
I211208-I211201_13,4,5,DT,0.6862069306050701,0.7275824397813639,0.764945886362791,0.7275824397813639,0.7320515182854476,0.6685721307400889,0,1.2549736499786377,0.17268586158752441,6.545873403549194
