Dataset,T,CV,ML,Acc,b_Acc,Prec,Rec,F1,kap,ROC,tra-T,test-T,Al-Time
I211202-I211209_13,0,1,DT,0.7875524726536187,0.819817429442674,0.8369418856440829,0.819817429442674,0.7740940149072317,0.7762947747286463,0,1.46274995803833,0.24396276473999023,8.439712524414062
I211202-I211209_13,1,2,DT,0.787335706111185,0.8190177347968418,0.8368495569762531,0.8190177347968418,0.7733617676007997,0.776067547141754,0,1.359354019165039,0.19911932945251465,8.184008598327637
I211202-I211209_13,2,3,DT,0.7874918712546587,0.8211540640098779,0.8370935843392111,0.8211540640098779,0.7747426850086503,0.7762325772000367,0,1.5755681991577148,0.19414520263671875,8.021406173706055
I211202-I211209_13,3,4,DT,0.7874942020776956,0.8183602594967789,0.8059082225220852,0.8183602594967789,0.773861482715798,0.7762304821988576,0,1.2543349266052246,0.15306711196899414,6.902064561843872
I211202-I211209_13,4,5,DT,0.7870676614619389,0.8176055801346976,0.8364452301607218,0.8176055801346976,0.7722507503671352,0.7757854149470512,0,1.221740484237671,0.16388463973999023,6.857287406921387
