Dataset,T,CV,ML,Acc,b_Acc,Prec,Rec,F1,kap,ROC,tra-T,test-T,Al-Time
I211215-I211124_13,0,1,DT,0.7914686723838981,0.7582117787081332,0.7161445800307014,0.7582117787081332,0.7047239115093246,0.7791611875338812,0,1.551720380783081,0.17241406440734863,6.684862375259399
I211215-I211124_13,1,2,DT,0.791407751066123,0.7578585815930087,0.7336845593158902,0.7578585815930087,0.7217875892672961,0.7789429210888738,0,1.5067124366760254,0.1725294589996338,6.513679504394531
I211215-I211124_13,2,3,DT,0.7893668869206617,0.7467127980467717,0.7335747375835374,0.7467127980467717,0.7143854643821416,0.7767852128163539,0,1.5083885192871094,0.180556058883667,7.120014667510986
I211215-I211124_13,3,4,DT,0.7913468297483481,0.7578597872138898,0.7336882851344407,0.7578597872138898,0.7214499777853114,0.7788730834983042,0,1.4476244449615479,0.17267656326293945,6.090372085571289
I211215-I211124_13,4,5,DT,0.791590515019448,0.7584972173040899,0.7336269757679335,0.7584972173040899,0.7224499093354171,0.7791571094460995,0,1.52695631980896,0.17332744598388672,6.449726104736328
