Dataset,T,CV,ML,Acc,b_Acc,Prec,Rec,F1,kap,ROC,tra-T,test-T,Al-Time
I211108-A211110_13,0,1,DT,0.6770895564923866,0.7281912039882992,0.6740817902649708,0.7281912039882992,0.6361080538594457,0.6543350822694989,0,1.6327152252197266,0.20668244361877441,8.423747539520264
I211108-A211110_13,1,2,DT,0.677171886907564,0.7278825294109891,0.673955690539736,0.7278825294109891,0.6358439003191236,0.6544156573149724,0,1.6516549587249756,0.21395063400268555,8.60158371925354
I211108-A211110_13,2,3,DT,0.6775476513665794,0.7281920262098652,0.6723098108394587,0.7281920262098652,0.6351500745371645,0.6548821505525942,0,1.5966973304748535,0.22301197052001953,8.438710927963257
I211108-A211110_13,3,4,DT,0.6768974521903057,0.7276725552357993,0.6731688972933602,0.7276725552357993,0.6350134049543826,0.6541799081331046,0,1.6496951580047607,0.19756674766540527,8.78632402420044
I211108-A211110_13,4,5,DT,0.6771444434358382,0.7278915923152116,0.6726189720900836,0.7278915923152116,0.6350165633474099,0.6544404422154347,0,1.6733736991882324,0.2476789951324463,8.520297050476074
