Dataset,T,CV,ML,Acc,b_Acc,Prec,Rec,F1,kap,ROC,tra-T,test-T,Al-Time
I211102-A211123_13,0,1,DT,0.7147206253315578,0.7471059671917671,0.7239840930478406,0.7471059671917671,0.7002019200896552,0.698694386860842,0,1.8846588134765625,0.19353437423706055,8.00066351890564
I211102-A211123_13,1,2,DT,0.7147206253315578,0.7474960096127216,0.7238323522626212,0.7474960096127216,0.7007616423586885,0.6986982287361203,0,1.8104500770568848,0.18924236297607422,8.001999139785767
I211102-A211123_13,2,3,DT,0.7147769224939643,0.7474885273865307,0.7266198894850658,0.7474885273865307,0.7006912453925714,0.6987566060810899,0,1.828202724456787,0.18878889083862305,7.8379387855529785
I211102-A211123_13,3,4,DT,0.7146924767503545,0.7469109098794008,0.7264870501890793,0.7469109098794008,0.7001514069892252,0.6986653771049951,0,1.8459429740905762,0.17500853538513184,7.922707796096802
I211102-A211123_13,4,5,DT,0.7149176653999805,0.7478955966256884,0.7237194957563126,0.7478955966256884,0.7012905164061726,0.6989074244036086,0,1.8535540103912354,0.17319536209106445,7.737869739532471
