Dataset,T,CV,ML,Acc,b_Acc,Prec,Rec,F1,kap,ROC,tra-T,test-T,Al-Time
I211108-I211119_13,0,1,DT,0.7987614487926727,0.7912308647974402,0.758670366089696,0.7912308647974402,0.7566833605045973,0.7874884584615467,0,1.5121283531188965,0.19164729118347168,8.18440556526184
I211108-I211119_13,1,2,DT,0.7987320348984542,0.7911958723560704,0.7602061416454425,0.7911958723560704,0.7574807234841603,0.7874449744834245,0,1.5079777240753174,0.17600750923156738,7.957350254058838
I211108-I211119_13,2,3,DT,0.7982614125909568,0.7898119233809265,0.7573844007450873,0.7898119233809265,0.7550602488476341,0.7869602702985146,0,1.846907615661621,0.2123861312866211,8.996516704559326
I211108-I211119_13,3,4,DT,0.7984673098504869,0.7904853124687982,0.7582121410831523,0.7904853124687982,0.7558127150055658,0.7871756016458217,0,1.767104148864746,0.2578251361846924,9.267476797103882
I211108-I211119_13,4,5,DT,0.7984378959562684,0.7904847279214052,0.7595930772181878,0.7904847279214052,0.756717154266615,0.7871340718804039,0,1.6727750301361084,0.1923830509185791,9.750396966934204
