Dataset,T,CV,ML,Acc,b_Acc,Prec,Rec,F1,kap,ROC,tra-T,test-T,Al-Time
I211207-I211124_13,0,1,DT,0.8305004920567974,0.8159980794920962,0.8011211844058106,0.8159980794920962,0.7743371835096889,0.8206804466399767,0,1.5105209350585938,0.188889741897583,7.458005428314209
I211207-I211124_13,1,2,DT,0.8306223346923474,0.8162601219858228,0.8060686089126832,0.8162601219858228,0.7909428557852743,0.8206490240127478,0,1.1335477828979492,0.18872547149658203,6.419235706329346
I211207-I211124_13,2,3,DT,0.8307746379867847,0.8163079729810498,0.7935952687748623,0.8163079729810498,0.7791439205368408,0.8208883648616568,0,1.289865493774414,0.18894553184509277,5.340170383453369
I211207-I211124_13,3,4,DT,0.8308050986456722,0.8163019594581151,0.793829781734791,0.8163019594581151,0.7795756138850823,0.8209178414364451,0,1.496762990951538,0.18878650665283203,6.168015956878662
I211207-I211124_13,4,5,DT,0.8303177281034725,0.8156011109280664,0.7935525331247248,0.8156011109280664,0.7786022196702214,0.8204027544333394,0,1.3214194774627686,0.1889021396636963,7.0657148361206055
