Dataset,T,CV,ML,Acc,b_Acc,Prec,Rec,F1,kap,ROC,tra-T,test-T,Al-Time
I211124-I211215_13,0,1,DT,0.7940941627037683,0.7594609812292625,0.7473094697815753,0.7594609812292625,0.7359746048570145,0.781999428030783,0,1.3219044208526611,0.15017962455749512,6.832297325134277
I211124-I211215_13,1,2,DT,0.7542484860904035,0.7289146745300333,0.7272543104278916,0.7289146745300333,0.6907308411958176,0.7401622454178632,0,1.3517849445343018,0.1624619960784912,6.822001695632935
I211124-I211215_13,2,3,DT,0.7944309796190436,0.7607200574952423,0.7500588892879292,0.7607200574952423,0.7390672735711664,0.7823490902143867,0,1.385540246963501,0.1654832363128662,6.863648176193237
I211124-I211215_13,3,4,DT,0.794002303545057,0.7593826494171243,0.7473237992526774,0.7593826494171243,0.7359681204709425,0.7819017808744585,0,1.388310432434082,0.16278791427612305,6.8341004848480225
I211124-I211215_13,4,5,DT,0.7589639229042568,0.7331529526572533,0.7270872079253179,0.7331529526572533,0.6970678024791527,0.745103466907895,0,1.3188762664794922,0.16433405876159668,7.073479652404785
