Dataset,T,CV,ML,Acc,b_Acc,Prec,Rec,F1,kap,ROC,tra-T,test-T,Al-Time
I211102-A211228_13,0,1,DT,0.6731575661975917,0.7048644765522593,0.7050097768913023,0.7048644765522593,0.6644008969404859,0.6590435377424307,0,1.8593807220458984,0.17319893836975098,6.659174919128418
I211102-A211228_13,1,2,DT,0.6735512680047347,0.7146790794106971,0.7092742310793693,0.7146790794106971,0.6700708672846433,0.6595046748510313,0,1.7655329704284668,0.1725296974182129,6.607976913452148
I211102-A211228_13,2,3,DT,0.6755482686185987,0.714209628553763,0.7090611508993139,0.714209628553763,0.6699809392331091,0.6615181856658767,0,1.8575897216796875,0.1634504795074463,6.707008123397827
I211102-A211228_13,3,4,DT,0.6746961114176114,0.7114849504142641,0.7091595393212717,0.7114849504142641,0.6677954318699337,0.6606508313464625,0,1.8197410106658936,0.17347145080566406,6.556678533554077
I211102-A211228_13,4,5,DT,0.6758849872694449,0.7159780235014455,0.7097101461642121,0.7159780235014455,0.6707646658404293,0.6618744689624347,0,1.8312182426452637,0.17317461967468262,6.707989692687988
