Dataset,T,CV,ML,Acc,b_Acc,Prec,Rec,F1,kap,ROC,tra-T,test-T,Al-Time
I211122-A211110_13,0,1,DT,0.797036527260867,0.8519755161173868,0.8319649127698525,0.8519755161173868,0.7952377343532643,0.7824492204416575,0,1.7335577011108398,0.20465683937072754,8.225933074951172
I211122-A211110_13,1,2,DT,0.7978323879409163,0.8540268884748682,0.8325653263552982,0.8540268884748682,0.7987920408273329,0.7833038774386921,0,1.6031441688537598,0.18472838401794434,7.860189437866211
I211122-A211110_13,2,3,DT,0.7973510716675709,0.8524815528034845,0.8318361413430633,0.8524815528034845,0.7958504849705147,0.7827860229697327,0,1.6774444580078125,0.18429136276245117,7.7183778285980225
I211122-A211110_13,3,4,DT,0.7974207358650288,0.8528043547444414,0.8430827252392828,0.8528043547444414,0.8028976595489201,0.7828535500909118,0,1.6141843795776367,0.1775071620941162,7.945003509521484
I211122-A211110_13,4,5,DT,0.7975938408405302,0.8536340759359065,0.8332515834852436,0.8536340759359065,0.7985879191616452,0.7830488057432471,0,1.5748560428619385,0.1889200210571289,7.860689163208008
