Dataset,T,CV,ML,Acc,b_Acc,Prec,Rec,F1,kap,ROC,tra-T,test-T,Al-Time
I211202-I211220_13,0,1,DT,0.813033641756964,0.7756153994754899,0.7676284608539008,0.7756153994754899,0.7598032033901096,0.802037086312789,0,1.1940624713897705,0.16415977478027344,6.853279113769531
I211202-I211220_13,1,2,DT,0.8130639938175187,0.7759252250210864,0.767564723177361,0.7759252250210864,0.760097683382573,0.802069249264182,0,1.4516410827636719,0.20546793937683105,7.603439092636108
I211202-I211220_13,2,3,DT,0.8131550499991829,0.7750239938896719,0.7676413049922476,0.7750239938896719,0.7595292711135714,0.8021652726957558,0,1.667963981628418,0.22713136672973633,9.755990266799927
I211202-I211220_13,3,4,DT,0.8127604732119718,0.773680026924837,0.7675177873184552,0.773680026924837,0.7584471361967747,0.8017475124019577,0,1.4438912868499756,0.17270493507385254,8.105563163757324
I211202-I211220_13,4,5,DT,0.8132157541202922,0.7760536646109977,0.7676238774246975,0.7760536646109977,0.760228198979496,0.802229927636717,0,1.3929450511932373,0.2447521686553955,7.8816680908203125
