Dataset,T,CV,ML,Acc,b_Acc,Prec,Rec,F1,kap,ROC,tra-T,test-T,Al-Time
ACTIVE_Tr-ACTIVE_Te_1,0,1,DT,0.889843949050876,0.8513436724287805,0.8632434988947867,0.8513436724287805,0.8404818022361692,0.882082641026721,0,1.7237355709075928,0.18580007553100586,0
