Dataset,T,CV,ML,Acc,b_Acc,Prec,Rec,F1,kap,ROC,tra-T,test-T,Al-Time
A211228-A211109_1,0,1,DT,0.7462010523476057,0.608802150079443,0.6155164657396351,0.608802150079443,0.5778569531116149,0.7322530664543304,0,1.76627779006958,0.2504312992095947,0
A211228-A211109_1,1,2,DT,0.7462010523476057,0.6082803324564451,0.6153470719212608,0.6082803324564451,0.5775315673356645,0.7322529053350342,0,1.797407627105713,0.20323824882507324,0
A211228-A211109_1,2,3,DT,0.746167047147077,0.608788883658605,0.6156820748361915,0.608788883658605,0.5778124375593957,0.7322176457703835,0,1.6069698333740234,0.18757843971252441,0
A211228-A211109_1,3,4,DT,0.7461579790936027,0.6087790256391251,0.6154496585635778,0.6087790256391251,0.577803373791984,0.7322081038274215,0,1.7201802730560303,0.17197537422180176,0
A211228-A211109_1,4,5,DT,0.7461987853342371,0.6087817538916693,0.6155527023180101,0.6087817538916693,0.5778734627912471,0.7322494899218233,0,1.8921661376953125,0.20324420928955078,0
