Dataset,T,CV,ML,Acc,b_Acc,Prec,Rec,F1,kap,ROC,tra-T,test-T,Al-Time
results/vs_1,0,1,DT,0.6359267210598741,0.5573397711073397,0.49751075666319555,0.5573397711073397,0.48643091128169863,0.6197772318921606,0,1.8857014179229736,0.19672036170959473,0
