Dataset,T,CV,ML,Acc,b_Acc,Prec,Rec,F1,kap,ROC,tra-T,test-T,Al-Time
A211118-I211118_1,0,1,DT,0.9264030444374549,0.9036010196550495,0.9073735328108012,0.9036010196550495,0.8913778487701955,0.9222159292245456,0,1.1968600749969482,0.1899096965789795,0
A211118-I211118_1,1,2,DT,0.9263829682819049,0.9035859667888545,0.9078447640381415,0.9035859667888545,0.8915278236969826,0.9221944452503728,0,1.1359591484069824,0.20453667640686035,0
A211118-I211118_1,2,3,DT,0.9263851989658549,0.9035765032416505,0.9078104765809544,0.9035765032416505,0.8915100500121758,0.9221967583320033,0,1.1171619892120361,0.1888113021850586,0
A211118-I211118_1,3,4,DT,0.926416428541155,0.9036379749415306,0.907705193999791,0.9036379749415306,0.8915643870073431,0.922229752944737,0,1.1321542263031006,0.20406389236450195,0
A211118-I211118_1,4,5,DT,0.9263963523856049,0.9035803801272095,0.9077920979284517,0.9035803801272095,0.8915001064430778,0.9222086538248494,0,1.1640381813049316,0.18848013877868652,0
