Dataset,T,CV,ML,Acc,b_Acc,Prec,Rec,F1,kap,ROC,tra-T,test-T,Al-Time
A211105-A211105_1,0,1,DT,0.9562325550485136,0.9382279578076659,0.9454406543937416,0.9382279578076659,0.9402075337846303,0.9538707415381679,0,1.270136833190918,0.14204931259155273,0
A211105-A211105_1,1,2,DT,0.9562325550485136,0.9382279578076659,0.9454406543937416,0.9382279578076659,0.9402075337846303,0.9538707415381679,0,1.3728647232055664,0.14407038688659668,0
A211105-A211105_1,2,3,DT,0.9562325550485136,0.9382279578076659,0.9454406543937416,0.9382279578076659,0.9402075337846303,0.9538707415381679,0,1.3326025009155273,0.12972164154052734,0
A211105-A211105_1,3,4,DT,0.9562325550485136,0.9382279578076659,0.9454406543937416,0.9382279578076659,0.9402075337846303,0.9538707415381679,0,1.3407859802246094,0.16022968292236328,0
A211105-A211105_1,4,5,DT,0.9562325550485136,0.9382279578076659,0.9454406543937416,0.9382279578076659,0.9402075337846303,0.9538707415381679,0,1.3566548824310303,0.16676759719848633,0
