Dataset,T,CV,ML,Acc,b_Acc,Prec,Rec,F1,kap,ROC,tra-T,test-T,Al-Time
A211207-A211126_1,0,1,DT,0.7173661109515693,0.7047432700836652,0.7049423349811645,0.7047432700836652,0.6511041522386658,0.6847379164073542,0,6.2300825119018555,0.48642826080322266,0
A211207-A211126_1,1,2,DT,0.7167909109909922,0.7036534741864083,0.7053724608845484,0.7036534741864083,0.6502363216136875,0.6840973989120688,0,5.9548115730285645,0.5086362361907959,0
A211207-A211126_1,2,3,DT,0.7174043443315191,0.7047883073381891,0.7158443066564273,0.7047883073381891,0.6570467111884397,0.6847760409116086,0,5.242741584777832,0.4547543525695801,0
A211207-A211126_1,3,4,DT,0.7168138510189621,0.7036994558715118,0.7054457760004497,0.7036994558715118,0.6504736621357117,0.6840716229875483,0,5.724419355392456,0.40868067741394043,0
A211207-A211126_1,4,5,DT,0.7174468258647966,0.7048145455710967,0.7160590452704624,0.7048145455710967,0.6571659393356981,0.6848216149557924,0,5.736959934234619,0.4697721004486084,0
