Dataset,T,CV,ML,Acc,b_Acc,Prec,Rec,F1,kap,ROC,tra-T,test-T,Al-Time
A211208-I211110_1,0,1,DT,0.5855411973816522,0.6254235428217287,0.5984475974615638,0.6254235428217287,0.5849046994705809,0.5634556657460312,0,1.3994266986846924,0.21983909606933594,0
A211208-I211110_1,1,2,DT,0.5831376862399523,0.624232835177166,0.6006452314869238,0.624232835177166,0.5947867609969829,0.5608195891792962,0,1.4156177043914795,0.18895530700683594,0
A211208-I211110_1,2,3,DT,0.5855840789363659,0.6254519986411449,0.6092593519127172,0.6254519986411449,0.599916267639416,0.5635062379753306,0,1.429520606994629,0.1887834072113037,0
A211208-I211110_1,3,4,DT,0.5834485775116263,0.6243381104397877,0.6000213063089038,0.6243381104397877,0.5946843768462695,0.5611631075483002,0,1.401395559310913,0.1889798641204834,0
A211208-I211110_1,4,5,DT,0.5855326210707096,0.6254685475234035,0.5878063638639855,0.6254685475234035,0.5851745725661037,0.5634489569229044,0,1.3993680477142334,0.188385009765625,0
