Dataset,T,CV,ML,Acc,b_Acc,Prec,Rec,F1,kap,ROC,tra-T,test-T,Al-Time
A211109-A211208_1,0,1,DT,0.7873819040697675,0.5855396665044934,0.5877260732936996,0.5855396665044934,0.5595408321757717,0.7691406764642332,0,1.9897716045379639,0.1819591522216797,0
A211109-A211208_1,1,2,DT,0.7878033147609819,0.5857675966310631,0.598316396931951,0.5857675966310631,0.5676690028022617,0.769588617451631,0,1.8450722694396973,0.17996621131896973,0
A211109-A211208_1,2,3,DT,0.7878235020994832,0.5859135890726836,0.5984013533865673,0.5859135890726836,0.5677690299442927,0.7696084589343417,0,1.9159245491027832,0.18272638320922852,0
A211109-A211208_1,3,4,DT,0.7880026647286822,0.5861847319785787,0.5981170521850783,0.5861847319785787,0.5680983339582055,0.769801686387418,0,1.8989489078521729,0.1716916561126709,0
A211109-A211208_1,4,5,DT,0.7880329457364341,0.586033568972924,0.5984639209293139,0.586033568972924,0.567888222418666,0.7698374661081933,0,1.8551695346832275,0.1896953582763672,0
