Dataset,T,CV,ML,Acc,b_Acc,Prec,Rec,F1,kap,ROC,tra-T,test-T,Al-Time
A211206-A211228_1,0,1,DT,0.6018742278134785,0.5446497591403112,0.4987832310065028,0.5446497591403112,0.47313383481445237,0.5861438754241657,0,1.6406261920928955,0.17305970191955566,0
A211206-A211228_1,1,2,DT,0.6160682140183745,0.566371730853394,0.5109157757726548,0.566371730853394,0.4875166811970008,0.6010384557958561,0,1.715224027633667,0.17498016357421875,0
A211206-A211228_1,2,3,DT,0.6161536887528201,0.5663848187618177,0.5063892798174494,0.5663848187618177,0.48492341258244404,0.6010951001566558,0,1.776909589767456,0.17559552192687988,0
A211206-A211228_1,3,4,DT,0.6163453593694554,0.5663405273794703,0.5232402827795749,0.5663405273794703,0.49925833847600076,0.6012037517956184,0,1.6693570613861084,0.1615910530090332,0
A211206-A211228_1,4,5,DT,0.6159412969884401,0.5660623257147799,0.5316538046347881,0.5660623257147799,0.5026507861492402,0.6008254552741594,0,1.7714929580688477,0.18259716033935547,0
