Dataset,T,CV,ML,Acc,b_Acc,Prec,Rec,F1,kap,ROC,tra-T,test-T,Al-Time
A211225-A211122_1,0,1,DT,0.5711791824789705,0.5291909185168844,0.5028653775482584,0.5291909185168844,0.466660003936822,0.5522542319772692,0,1.5438501834869385,0.2232069969177246,0
A211225-A211122_1,1,2,DT,0.5711747517108303,0.5291583577895306,0.5008881734517856,0.5291583577895306,0.46777186750002325,0.5521811683435265,0,1.6299383640289307,0.23926043510437012,0
A211225-A211122_1,2,3,DT,0.5711902593993208,0.5291858444268582,0.5016133935232912,0.5291858444268582,0.46970623461822664,0.5520017409678034,0,1.529632806777954,0.20026326179504395,0
A211225-A211122_1,3,4,DT,0.581959241363879,0.5500537482443789,0.516548390500715,0.5500537482443789,0.4827751153581429,0.5635682947027708,0,1.567495584487915,0.22634077072143555,0
A211225-A211122_1,4,5,DT,0.5712124132400214,0.5292318548964265,0.5097981505525112,0.5292318548964265,0.4721146821594596,0.5523276087263751,0,1.6159982681274414,0.21371245384216309,0
