Dataset,T,CV,ML,Acc,b_Acc,Prec,Rec,F1,kap,ROC,tra-T,test-T,Al-Time
A211102-A211208_1,0,1,DT,0.8513404392764858,0.7565180412140956,0.7594832162098741,0.7565180412140956,0.7407403885396935,0.8378999045710486,0,1.4313523769378662,0.17209506034851074,0
A211102-A211208_1,1,2,DT,0.8512975411821705,0.7564820834689379,0.7592298457865883,0.7564820834689379,0.7406657917686259,0.8378534301323894,0,1.467273473739624,0.17282891273498535,0
A211102-A211208_1,2,3,DT,0.8513000645994832,0.7564339313620132,0.7587016296825234,0.7564339313620132,0.7403197882216321,0.8378577923743936,0,1.7589483261108398,0.17327356338500977,0
A211102-A211208_1,3,4,DT,0.8513379158591732,0.7569542139074061,0.7594922574444964,0.7569542139074061,0.741144885890134,0.837897522936709,0,1.4612481594085693,0.1570878028869629,0
A211102-A211208_1,4,5,DT,0.8513379158591732,0.7564783019930016,0.759314499592067,0.7564783019930016,0.7406036323121579,0.8378971821343817,0,1.4648358821868896,0.15757250785827637,0
