Dataset,T,CV,ML,Acc,b_Acc,Prec,Rec,F1,kap,ROC,tra-T,test-T,Al-Time
A211115-A211108_1,0,1,DT,0.6373345191159531,0.5691140437278667,0.5627562377355614,0.5691140437278667,0.5337112819248592,0.6190778677178468,0,2.272247552871704,0.230743408203125,0
A211115-A211108_1,1,2,DT,0.6377351040850083,0.5696786374252687,0.5631195216512302,0.5696786374252687,0.5342173749854213,0.619501528209375,0,2.3006839752197266,0.24167275428771973,0
A211115-A211108_1,2,3,DT,0.6377178540145706,0.5696580539446103,0.5630680119477938,0.5696580539446103,0.5341934325111336,0.6194834530292419,0,2.1286845207214355,0.22469043731689453,0
A211115-A211108_1,3,4,DT,0.6383292731778655,0.5699807087009031,0.5636192052785854,0.5699807087009031,0.5346256777139338,0.6201200829024275,0,2.0332062244415283,0.22270584106445312,0
A211115-A211108_1,4,5,DT,0.6373460191629116,0.569145682862845,0.5626599906354596,0.569145682862845,0.5337349919470706,0.6190910363676145,0,2.0053188800811768,0.21372246742248535,0
