Dataset,T,CV,ML,Acc,b_Acc,Prec,Rec,F1,kap,ROC,tra-T,test-T,Al-Time
A211125-I211115_1,0,1,DT,0.7995608831128508,0.8185137042097771,0.7927998053614193,0.8185137042097771,0.7708182712592693,0.7895852330689105,0,1.299065351486206,0.1887826919555664,0
A211125-I211115_1,1,2,DT,0.7996673356915537,0.8227934826760641,0.7941413106297611,0.8227934826760641,0.7732862654757721,0.7897021085008284,0,1.2481679916381836,0.17920732498168945,0
A211125-I211115_1,2,3,DT,0.798083853583349,0.821869327230642,0.7740832031725872,0.821869327230642,0.772487995332098,0.788054415145067,0,1.3000845909118652,0.16910910606384277,0
A211125-I211115_1,3,4,DT,0.798385469223007,0.8220926306901212,0.7745001817775746,0.8220926306901212,0.7727928770151241,0.7883708858260723,0,1.2276990413665771,0.20029926300048828,0
A211125-I211115_1,4,5,DT,0.7981215555383063,0.8219433813813415,0.7741287539545003,0.8219433813813415,0.7724589818374452,0.7880975836781206,0,1.2761402130126953,0.1728529930114746,0
