Dataset,T,CV,ML,Acc,b_Acc,Prec,Rec,F1,kap,ROC,tra-T,test-T,Al-Time
A211208-I211115_1,0,1,DT,0.6234594870316363,0.5273869225306711,0.5426437876423305,0.5273869225306711,0.5073141580967512,0.6073803871373777,0,1.485818862915039,0.22043728828430176,0
A211208-I211115_1,1,2,DT,0.605914771404176,0.5057082479373406,0.5206972065844793,0.5057082479373406,0.4849060372043856,0.5890629470254021,0,1.4937334060668945,0.21673250198364258,0
A211208-I211115_1,2,3,DT,0.6230713786717823,0.5265312192168529,0.5431662309456339,0.5265312192168529,0.5072786496081708,0.6069606674644887,0,1.5198261737823486,0.21471834182739258,0
A211208-I211115_1,3,4,DT,0.623399607456116,0.5273146842810429,0.5437655671509952,0.5273146842810429,0.5078062733065112,0.6073086137384992,0,1.6173534393310547,0.21657967567443848,0
A211208-I211115_1,4,5,DT,0.6229893214756989,0.5265332798144735,0.5410703567881833,0.5265332798144735,0.5068042160853087,0.6068843520058516,0,1.5107510089874268,0.2282848358154297,0
