Dataset,T,CV,ML,Acc,b_Acc,Prec,Rec,F1,kap,ROC,tra-T,test-T,Al-Time
A211223-A211115_1,0,1,DT,0.5319182697452665,0.6449874147156028,0.6342833766773646,0.6449874147156028,0.5691400172022492,0.5133984573891359,0,0.9796411991119385,0.2683088779449463,0
A211223-A211115_1,1,2,DT,0.5319994538523704,0.6444903845289925,0.6372586016805362,0.6444903845289925,0.5708783931908172,0.5134768600210469,0,0.9913129806518555,0.18935275077819824,0
A211223-A211115_1,2,3,DT,0.5270933506526095,0.6432591272426745,0.6181060991056789,0.6432591272426745,0.5658293926658383,0.5086244060153775,0,0.9835433959960938,0.20940613746643066,0
A211223-A211115_1,3,4,DT,0.5318500012915653,0.6448521537399607,0.6304737777048216,0.6448521537399607,0.5680978198491875,0.5133349323163395,0,0.9955973625183105,0.1933596134185791,0
A211223-A211115_1,4,5,DT,0.5269309824384015,0.643071390293041,0.6208206837793336,0.643071390293041,0.5667296636679713,0.508438627922717,0,0.9645078182220459,0.20453190803527832,0
