Dataset,T,CV,ML,Acc,b_Acc,Prec,Rec,F1,kap,ROC,tra-T,test-T,Al-Time
A211223-I211108_1,0,1,DT,0.6999144930776269,0.7010570839182183,0.6481030395853301,0.7010570839182183,0.6417246707385644,0.6837076028793201,0,0.9921174049377441,0.18912625312805176,0
A211223-I211108_1,1,2,DT,0.7000435601302656,0.7011286698940674,0.6615127878472914,0.7011286698940674,0.651194343533071,0.6836684553962156,0,0.9482624530792236,0.16478228569030762,0
A211223-I211108_1,2,3,DT,0.7000389505926713,0.7011209169759937,0.6618678467685353,0.7011209169759937,0.6514216919849226,0.6836638532477316,0,0.9386017322540283,0.16525721549987793,0
A211223-I211108_1,3,4,DT,0.6999605884535692,0.7010832815465536,0.6491489403850151,0.7010832815465536,0.6423510182805848,0.6837549705580022,0,0.869727611541748,0.16893434524536133,0
A211223-I211108_1,4,5,DT,0.70003203628628,0.7011184702101602,0.6617224356477178,0.7011184702101602,0.6513078080130617,0.6836566251588736,0,0.8421413898468018,0.18160796165466309,0
