Dataset,T,CV,ML,Acc,b_Acc,Prec,Rec,F1,kap,ROC,tra-T,test-T,Al-Time
results/vs_1,0,1,DT,0.6373517691863908,0.5691610872261165,0.5591925861070507,0.5691610872261165,0.5316609797136757,0.6190295729392737,0,2.3281116485595703,0.23030567169189453,0
