Dataset,T,CV,ML,Acc,b_Acc,Prec,Rec,F1,kap,ROC,tra-T,test-T,Al-Time
A211118-A211223_1,0,1,DT,0.620048230260599,0.58850274885691,0.5704045222115584,0.58850274885691,0.5452936848353758,0.605319018525303,0,1.2692430019378662,0.1416773796081543,0
A211118-A211223_1,1,2,DT,0.6201571373006612,0.5886671102925595,0.570000757143662,0.5886671102925595,0.5450658027472971,0.6054339242666466,0,1.2523789405822754,0.17232656478881836,0
A211118-A211223_1,2,3,DT,0.6201166861143524,0.5885841656509812,0.5703268642183129,0.5885841656509812,0.5452763905389655,0.6053909139956519,0,1.3857831954956055,0.14797067642211914,0
A211118-A211223_1,3,4,DT,0.6200917930766239,0.5885731336224819,0.5710221117142581,0.5885731336224819,0.5452679303043124,0.6053651547442325,0,1.239046573638916,0.1486513614654541,0
A211118-A211223_1,4,5,DT,0.620001555814858,0.5884453976412384,0.5679694169939109,0.5884453976412384,0.5438182281092413,0.6052772478539561,0,1.297485589981079,0.14808201789855957,0
