Dataset,T,CV,ML,Acc,b_Acc,Prec,Rec,F1,kap,ROC,tra-T,test-T,Al-Time
A211117-I211122_1,0,1,DT,0.7684312001535283,0.8165731725749383,0.7826062026450105,0.8165731725749383,0.7697062537059155,0.7603482590464532,0,2.003458261489868,0.21952366828918457,0
A211117-I211122_1,1,2,DT,0.7683307819675717,0.8165494704458777,0.7824200549063355,0.8165494704458777,0.7696010360485941,0.7602439541356307,0,1.8684864044189453,0.21763396263122559,0
A211117-I211122_1,2,3,DT,0.768286151662702,0.8165324281390799,0.791146054867449,0.8165324281390799,0.7832863793696269,0.7592748900665507,0,1.895111083984375,0.19981694221496582,0
A211117-I211122_1,3,4,DT,0.7685606280376501,0.8166687103681883,0.7828690187648178,0.8166687103681883,0.7698577093572778,0.7604808723759786,0,1.807931900024414,0.22266721725463867,0
A211117-I211122_1,4,5,DT,0.7684802934888848,0.8166161460704779,0.7913338998795402,0.8166161460704779,0.7833631142202266,0.7594758999992358,0,1.850978136062622,0.20170164108276367,0
