Dataset,T,CV,ML,Acc,b_Acc,Prec,Rec,F1,kap,ROC,tra-T,test-T,Al-Time
A211122-I211115_1,0,1,DT,0.7786362981115756,0.8028934548607413,0.7992174438484766,0.8028934548607413,0.7884472989583804,0.7702547905733144,0,1.7656362056732178,0.1874985694885254,0
A211122-I211115_1,1,2,DT,0.7782149233208769,0.799370510171075,0.7981984823995929,0.799370510171075,0.7857006963433054,0.7698135622258948,0,1.7812559604644775,0.20313334465026855,0
A211122-I211115_1,2,3,DT,0.7782903272307914,0.7995848792447549,0.7987171258292025,0.7995848792447549,0.7859793041677411,0.769891861756474,0,1.7186658382415771,0.20313096046447754,0
A211122-I211115_1,3,4,DT,0.7786141204910125,0.8028960703905066,0.7990128229180045,0.8028960703905066,0.7883679304057367,0.7702289402610074,0,1.718743085861206,0.2186732292175293,0
A211122-I211115_1,4,5,DT,0.7787227908317716,0.8030388126042219,0.7995910824050422,0.8030388126042219,0.7886278724084645,0.7703448761761891,0,1.734370231628418,0.2186734676361084,0
