Dataset,T,CV,ML,Acc,b_Acc,Prec,Rec,F1,kap,ROC,tra-T,test-T,Al-Time
A211123-A211228_1,0,1,DT,0.7025375635556453,0.711904470018239,0.6689754796694799,0.711904470018239,0.63856632391852,0.6881402191583748,0,1.4281809329986572,0.172379732131958,0
A211123-A211228_1,1,2,DT,0.7036539153903735,0.7127737815164475,0.6860871998012998,0.7127737815164475,0.6528096654555574,0.6895115159398006,0,1.4819207191467285,0.15270519256591797,0
A211123-A211228_1,2,3,DT,0.7028224793371305,0.7121841331578053,0.6696051416796336,0.7121841331578053,0.6393419772960273,0.6884292029941352,0,1.475904941558838,0.16807079315185547,0
A211123-A211228_1,3,4,DT,0.7027836271851098,0.7121816715197913,0.6680259249166596,0.7121816715197913,0.6381085235506406,0.6883613492277274,0,1.4150433540344238,0.1485762596130371,0
A211123-A211228_1,4,5,DT,0.7034208024782492,0.7126248371617726,0.6855114889410103,0.7126248371617726,0.6523509549937352,0.6892278250187617,0,1.49772310256958,0.1819915771484375,0
