Dataset,T,CV,ML,Acc,b_Acc,Prec,Rec,F1,kap,ROC,tra-T,test-T,Al-Time
A211110-A211123_1,0,1,DT,0.7781913453939178,0.8268428409516001,0.8085254950216046,0.8268428409516001,0.783807246245327,0.7657614908079933,0,1.7176342010498047,0.20090031623840332,0
A211110-A211123_1,1,2,DT,0.778884233546613,0.8284179316644757,0.802156903289895,0.8284179316644757,0.7796335962567663,0.7664953977861076,0,1.7977113723754883,0.19592022895812988,0
A211110-A211123_1,2,3,DT,0.7790531250338324,0.8294684556286012,0.80939886247254,0.8294684556286012,0.7853329641030572,0.7666723409719755,0,1.82301664352417,0.20084595680236816,0
A211110-A211123_1,3,4,DT,0.7790877694414672,0.8294864286950009,0.8096295733675622,0.8294864286950009,0.7854463536300772,0.7667073511053041,0,1.8752920627593994,0.1907968521118164,0
A211110-A211123_1,4,5,DT,0.7790487944828781,0.8294583348040494,0.8084349726215286,0.8294583348040494,0.7848458281647873,0.7666713253543872,0,1.8483335971832275,0.18601417541503906,0
