Dataset,T,CV,ML,Acc,b_Acc,Prec,Rec,F1,kap,ROC,tra-T,test-T,Al-Time
A211206-A211122_1,0,1,DT,0.7533790145528579,0.5910501673087218,0.5742723295622978,0.5910501673087218,0.5507901281678829,0.7359643482300492,0,1.7115232944488525,0.18074965476989746,0
A211206-A211122_1,1,2,DT,0.753381229936928,0.5910462513261608,0.5813011683608155,0.5910462513261608,0.5539691563569964,0.7359605872316546,0,1.694265604019165,0.1922321319580078,0
A211206-A211122_1,2,3,DT,0.7534853529882208,0.5911730644862953,0.5832138077519099,0.5911730644862953,0.5606644619172781,0.7360298699435831,0,1.714785099029541,0.1880958080291748,0
A211206-A211122_1,3,4,DT,0.7533856607050682,0.5910637074963108,0.5764279365111488,0.5910637074963108,0.5511095089926435,0.7359693173192992,0,1.7437677383422852,0.18466591835021973,0
A211206-A211122_1,4,5,DT,0.7533679376325076,0.591042995586266,0.5882946724065826,0.591042995586266,0.5595070784553797,0.7358859883078527,0,1.7063071727752686,0.18395662307739258,0
