Dataset,T,CV,ML,Acc,b_Acc,Prec,Rec,F1,kap,ROC,tra-T,test-T,Al-Time
A211206-A211110_1,0,1,DT,0.8108131500672365,0.7295035101943389,0.7087484162754246,0.7295035101943389,0.7088811037910233,0.7963505740168827,0,1.7775743007659912,0.20494580268859863,0
A211206-A211110_1,1,2,DT,0.8080160269874879,0.7262241500237295,0.7034349489137502,0.7262241500237295,0.7060395834371493,0.7933456219754407,0,1.701751947402954,0.18888473510742188,0
A211206-A211110_1,2,3,DT,0.810842704575249,0.7295562489941335,0.7084340671565773,0.7295562489941335,0.7089582036090605,0.7963832685140672,0,1.759427547454834,0.18891382217407227,0
A211206-A211110_1,3,4,DT,0.8076761501453449,0.7258283039830812,0.696175042256985,0.7258283039830812,0.6940319115793018,0.793007995029532,0,1.7639029026031494,0.20150470733642578,0
A211206-A211110_1,4,5,DT,0.8108933694461274,0.7296495338871437,0.7031464961972201,0.7296495338871437,0.704407153394689,0.7964757689869312,0,1.8094391822814941,0.23582983016967773,0
