Dataset,T,CV,ML,Acc,b_Acc,Prec,Rec,F1,kap,ROC,tra-T,test-T,Al-Time
A211122-A211125_1,0,1,DT,0.8441380536340773,0.8190258470199278,0.8314384903679964,0.8190258470199278,0.8160014636217303,0.837319506505682,0,1.6348485946655273,0.1763920783996582,0
A211122-A211125_1,1,2,DT,0.8443759509356422,0.819393688869777,0.8314999802076938,0.819393688869777,0.8163553613456556,0.8375710564581159,0,1.6880295276641846,0.1748058795928955,0
A211122-A211125_1,2,3,DT,0.8441275966098327,0.8190072998099104,0.8315440398286085,0.8190072998099104,0.8160300028298438,0.8373088653093328,0,1.6486876010894775,0.1774735450744629,0
A211122-A211125_1,3,4,DT,0.8449693870615239,0.8203462761594652,0.8329369884676548,0.8203462761594652,0.8173807498919227,0.8381904733832118,0,1.7272522449493408,0.17188763618469238,0
A211122-A211125_1,4,5,DT,0.8445537203478006,0.8195559757951958,0.8330724493448936,0.8195559757951958,0.8166698992156787,0.8377550534855871,0,1.6680941581726074,0.16773319244384766,0
