Dataset,T,CV,ML,Acc,b_Acc,Prec,Rec,F1,kap,ROC,tra-T,test-T,Al-Time
results/vs_1,0,1,DT,0.9461509507765998,0.9133603501122621,0.9182819454806946,0.9133603501122621,0.9120195546454178,0.9414273158887357,0,2.109132766723633,0.2356252670288086,0
