Dataset,T,CV,ML,Acc,b_Acc,Prec,Rec,F1,kap,ROC,tra-T,test-T,Al-Time
A211206-A211105_1,0,1,DT,0.739142594479642,0.7192390275745068,0.7120061759155727,0.7192390275745068,0.7072267581957641,0.7254975557653323,0,1.771820306777954,0.15699124336242676,0
A211206-A211105_1,1,2,DT,0.7391204421602942,0.7193942841622547,0.7055496439860588,0.7193942841622547,0.7037526357950784,0.7253255514450567,0,1.7591326236724854,0.15745043754577637,0
A211206-A211105_1,2,3,DT,0.7391841300784192,0.7195527935920282,0.7112262470785187,0.7195527935920282,0.7070527834017678,0.7255481285257355,0,1.7722620964050293,0.14183998107910156,0
A211206-A211105_1,3,4,DT,0.7397074786230118,0.7199301132154013,0.7115655846455344,0.7199301132154013,0.7073643312414049,0.7261019714278764,0,1.8219470977783203,0.14133572578430176,0
A211206-A211105_1,4,5,DT,0.7386607815338266,0.719014000537111,0.711835343935277,0.719014000537111,0.7070294217896573,0.7249881709100059,0,1.8046531677246094,0.14116454124450684,0
