Dataset,T,CV,ML,Acc,b_Acc,Prec,Rec,F1,kap,ROC,tra-T,test-T,Al-Time
A211105-I211104_1,0,1,DT,0.9117443244301834,0.8762851140505071,0.8990235434349054,0.8762851140505071,0.8831039968630415,0.9068262382392792,0,1.3554713726043701,0.17799639701843262,0
A211105-I211104_1,1,2,DT,0.9137202914488584,0.8798163086255016,0.8997515880995496,0.8798163086255016,0.8856574727536083,0.9089180524902015,0,1.2949366569519043,0.16272807121276855,0
A211105-I211104_1,2,3,DT,0.9117217276027779,0.8762595017087419,0.8990579010537229,0.8762595017087419,0.8831159068548758,0.9068019602529338,0,1.4679701328277588,0.18026971817016602,0
A211105-I211104_1,3,4,DT,0.9137202914488584,0.8798596338761423,0.9001021172338982,0.8798596338761423,0.8858750461797187,0.908917949937719,0,1.4741768836975098,0.16811561584472656,0
A211105-I211104_1,4,5,DT,0.9116589586377628,0.8763022769206076,0.8989351604420245,0.8763022769206076,0.8830547786364815,0.9067357411060172,0,1.3575291633605957,0.16446805000305176,0
