Dataset,T,CV,ML,Acc,b_Acc,Prec,Rec,F1,kap,ROC,tra-T,test-T,Al-Time
A211228-I211102_1,0,1,DT,0.5182307125712006,0.5873417389344524,0.6342497714524948,0.5873417389344524,0.5639114356771946,0.49386416036576797,0,1.4137365818023682,0.2198801040649414,0
A211228-I211102_1,1,2,DT,0.5182088734382538,0.5868056302813873,0.6351406581008838,0.5868056302813873,0.5632404731906953,0.4938088824698086,0,1.4789373874664307,0.23636102676391602,0
A211228-I211102_1,2,3,DT,0.5183597619931584,0.5874780907283614,0.6343610385571543,0.5874780907283614,0.5640404581908606,0.4939987185651249,0,1.4776475429534912,0.22016549110412598,0
A211228-I211102_1,3,4,DT,0.5182684347099267,0.5873666854947337,0.6344573920734633,0.5873666854947337,0.5640398407902784,0.49390424049656545,0,1.4774010181427002,0.2053544521331787,0
A211228-I211102_1,4,5,DT,0.5181592390451931,0.5872715720974764,0.6341402745429048,0.5872715720974764,0.5638097741185027,0.49378834483990164,0,1.524583101272583,0.22008728981018066,0
