Dataset,T,CV,ML,Acc,b_Acc,Prec,Rec,F1,kap,ROC,tra-T,test-T,Al-Time
A211123-I211118_1,0,1,DT,0.8656793659503941,0.8333049975380477,0.8469843362611996,0.8333049975380477,0.8238994011781585,0.8597867782507048,0,1.8282058238983154,0.20303988456726074,0
A211123-I211118_1,1,2,DT,0.8655923692763439,0.8331089207774816,0.8470720876889322,0.8331089207774816,0.8237703503241068,0.8596958538792396,0,1.7969579696655273,0.20313811302185059,0
A211123-I211118_1,2,3,DT,0.865652597742994,0.8331398748059279,0.8471275955321373,0.8331398748059279,0.8238240892504723,0.8597587971981338,0,1.7657089233398438,0.20305442810058594,0
A211123-I211118_1,3,4,DT,0.8656882886861941,0.8331626824644821,0.8470840040301182,0.8331626824644821,0.8237950995789266,0.8597960745036353,0,1.8124957084655762,0.2031397819519043,0
A211123-I211118_1,4,5,DT,0.8656972114219941,0.833096454208256,0.8468551846365744,0.833096454208256,0.8236967659836336,0.8598051787054664,0,1.734290599822998,0.20314455032348633,0
