Dataset,T,CV,ML,Acc,b_Acc,Prec,Rec,F1,kap,ROC,tra-T,test-T,Al-Time
results/vs_1,0,1,DT,0.5902144126411959,0.5454316784054078,0.5172666593037255,0.5454316784054078,0.49547636639456066,0.5738375973145873,0,1.91263747215271,0.20765137672424316,0
