Dataset,T,CV,ML,Acc,b_Acc,Prec,Rec,F1,kap,ROC,tra-T,test-T,Al-Time
A211115-A211208_1,0,1,DT,0.6633382792312662,0.715142282214103,0.716504636965333,0.715142282214103,0.6678054083308924,0.6483293566412252,0,2.1552577018737793,0.1659684181213379,0
A211115-A211208_1,1,2,DT,0.6633609899870802,0.715213118383659,0.7172157070359639,0.715213118383659,0.6680736358087069,0.6483511107214961,0,2.1681511402130127,0.16527938842773438,0
A211115-A211208_1,2,3,DT,0.6633029513888888,0.7151551729879839,0.7167962422819867,0.7151551729879839,0.667836073653555,0.6482898857028305,0,2.1652746200561523,0.18034791946411133,0
A211115-A211208_1,3,4,DT,0.6633811773255814,0.7152173411374608,0.7173131675243759,0.7152173411374608,0.6680385257061562,0.6483698800152051,0,2.1562535762786865,0.17531847953796387,0
A211115-A211208_1,4,5,DT,0.6637798772609819,0.7169800740054973,0.7219917570951889,0.7169800740054973,0.6707038739777882,0.6487953447331678,0,2.177370548248291,0.16141772270202637,0
