Dataset,T,CV,ML,Acc,b_Acc,Prec,Rec,F1,kap,ROC,tra-T,test-T,Al-Time
A211225-A211228_1,0,1,DT,0.7398149083477734,0.7051759942239709,0.6824122888072492,0.7051759942239709,0.6696278403545602,0.7279750443470941,0,1.687502145767212,0.1406242847442627,0
A211225-A211228_1,1,2,DT,0.7398511703563261,0.705183113125293,0.6780811344575177,0.705183113125293,0.6667875550750851,0.7280792690230988,0,1.703200101852417,0.18742728233337402,0
A211225-A211228_1,2,3,DT,0.7397812364826888,0.7051080423349825,0.678178832572975,0.7051080423349825,0.6666899248958948,0.7280069769301502,0,1.6718742847442627,0.18751239776611328,0
A211225-A211228_1,3,4,DT,0.7398330393520497,0.7055959168309749,0.6819118492874358,0.7055959168309749,0.6699485865518386,0.7279854872571827,0,1.6875016689300537,0.18750429153442383,0
A211225-A211228_1,4,5,DT,0.7398796619344745,0.7052847811742894,0.6810281394579668,0.7052847811742894,0.666381460470407,0.7281225504185675,0,1.79695725440979,0.18742156028747559,0
