Dataset,T,CV,ML,Acc,b_Acc,Prec,Rec,F1,kap,ROC,tra-T,test-T,Al-Time
A211223-A211208_1,0,1,DT,0.5332283591731266,0.5015147367975533,0.48453354647622787,0.5015147367975533,0.4456665445922934,0.5169344380187231,0,1.329216480255127,0.18749141693115234,0
A211223-A211208_1,1,2,DT,0.5344269823966409,0.5017670284647916,0.48643378444858437,0.5017670284647916,0.44445673295986127,0.5181387350847257,0,1.3194231986999512,0.18259119987487793,0
A211223-A211208_1,2,3,DT,0.5344370760658915,0.5017938809411094,0.4885121525885259,0.5017938809411094,0.44573419409677034,0.5181494481994868,0,1.330010175704956,0.1721203327178955,0
A211223-A211208_1,3,4,DT,0.533210695251938,0.5015150890731185,0.48461414129038427,0.5015150890731185,0.44568772419766406,0.5169180001113144,0,1.3124170303344727,0.18750238418579102,0
A211223-A211208_1,4,5,DT,0.5489290616925064,0.5210600935277475,0.5002049130521833,0.5210600935277475,0.4574755175262705,0.5331141953932963,0,1.2669763565063477,0.1875925064086914,0
