Dataset,T,CV,ML,Acc,b_Acc,Prec,Rec,F1,kap,ROC,tra-T,test-T,Al-Time
results/vs_1,0,1,DT,0.6464403313053992,0.5927096438114643,0.5767120893835932,0.5927096438114643,0.5494800902478432,0.6327326238742303,0,1.8509149551391602,0.16099190711975098,0
