Dataset,T,CV,ML,Acc,b_Acc,Prec,Rec,F1,kap,ROC,tra-T,test-T,Al-Time
A211206-I211115_1,0,1,DT,0.673995631008749,0.5902370560925241,0.5925631423484583,0.5902370560925241,0.5627469433713648,0.6601515240732807,0,2.015713930130005,0.21874356269836426,0
A211206-I211115_1,1,2,DT,0.6740665993945509,0.5902846648853359,0.5808098404376331,0.5902846648853359,0.5519976550528041,0.6603432188973339,0,1.8906283378601074,0.21880888938903809,0
A211206-I211115_1,2,3,DT,0.6740643816324946,0.5902852083283898,0.5929524226528757,0.5902852083283898,0.5629314609379019,0.6602225257334422,0,1.8906457424163818,0.21879959106445312,0
A211206-I211115_1,3,4,DT,0.6740045020569743,0.5902497990308518,0.5815844383162003,0.5902497990308518,0.5538403994051427,0.6602090466000063,0,1.90673828125,0.21874547004699707,0
A211206-I211115_1,4,5,DT,0.67403111520165,0.5903668306281232,0.5926010087942938,0.5903668306281232,0.5628215910336091,0.6601890858178403,0,1.9671804904937744,0.2318882942199707,0
