Dataset,T,CV,ML,Acc,b_Acc,Prec,Rec,F1,kap,ROC,tra-T,test-T,Al-Time
A211115-A211225_1,0,1,DT,0.6701202777876784,0.595925406537959,0.5876704445093484,0.595925406537959,0.565618364081957,0.6572106906313637,0,2.2264108657836914,0.17245960235595703,0
A211115-A211225_1,1,2,DT,0.6702381703080833,0.5959259468730348,0.5902889719664952,0.5959259468730348,0.5669586448799838,0.6573267208780212,0,2.2188804149627686,0.18259191513061523,0
A211115-A211225_1,2,3,DT,0.6697967587781948,0.5956704406775609,0.5873484613333667,0.5956704406775609,0.5653159296842036,0.6568718723429399,0,2.3468940258026123,0.1846914291381836,0
A211115-A211225_1,3,4,DT,0.6698296590164474,0.5956934537729883,0.5874600779670516,0.5956934537729883,0.5653847456090438,0.6569060690416657,0,2.2144696712493896,0.16868877410888672,0
A211115-A211225_1,4,5,DT,0.6702107534428728,0.5959644905136157,0.5903457937746383,0.5959644905136157,0.5670483649688002,0.6572983438068501,0,2.3093881607055664,0.16768860816955566,0
