Dataset,T,CV,ML,Acc,b_Acc,Prec,Rec,F1,kap,ROC,tra-T,test-T,Al-Time
A211110-A211223_1,0,1,DT,0.8046954492415402,0.72399625770997,0.7235411543908498,0.72399625770997,0.7003965649900842,0.7934488992955785,0,1.873567819595337,0.13541960716247559,0
A211110-A211223_1,1,2,DT,0.804686114352392,0.7240161706833669,0.7236078732586346,0.7240161706833669,0.7004669274650756,0.7934373559973409,0,1.8459253311157227,0.1404256820678711,0
A211110-A211223_1,2,3,DT,0.8051186308829249,0.7267187395820217,0.7274646089449074,0.7267187395820217,0.7047065371491211,0.7938932655723792,0,1.875011920928955,0.13752985000610352,0
A211110-A211223_1,3,4,DT,0.8046425515363672,0.7239479078737112,0.7230288858751076,0.7239479078737112,0.7004284226934464,0.7933898287525587,0,1.908473014831543,0.1305246353149414,0
A211110-A211223_1,4,5,DT,0.8047421236872813,0.7257429479713018,0.7273141604022271,0.7257429479713018,0.7040974703022653,0.793491296505551,0,1.7938787937164307,0.1358776092529297,0
