Dataset,T,CV,ML,Acc,b_Acc,Prec,Rec,F1,kap,ROC,tra-T,test-T,Al-Time
A211122-A211110_1,0,1,DT,0.7525379933755681,0.7406521234478357,0.713254041298434,0.7406521234478357,0.6953009381571159,0.7346989560967169,0,1.745448350906372,0.20460939407348633,0
A211122-A211110_1,1,2,DT,0.7526287679358921,0.7408639703908407,0.6954705348586644,0.7408639703908407,0.6909811800080696,0.7349084074670982,0,1.6126699447631836,0.20052647590637207,0
A211122-A211110_1,2,3,DT,0.7523986649806523,0.7402238948546589,0.7115683810815007,0.7402238948546589,0.6940150405922229,0.7345579046357795,0,1.6758148670196533,0.2034609317779541,0
A211122-A211110_1,3,4,DT,0.7527533190768017,0.7412089032354525,0.7130883653236088,0.7412089032354525,0.6957519278839246,0.7349319753132346,0,1.698054313659668,0.18874144554138184,0
A211122-A211110_1,4,5,DT,0.7523796656540729,0.7402235775316031,0.7056464839454715,0.7402235775316031,0.6910571028813987,0.734619096896847,0,1.7452776432037354,0.20456337928771973,0
