Dataset,T,CV,ML,Acc,b_Acc,Prec,Rec,F1,kap,ROC,tra-T,test-T,Al-Time
A211116-A211102_1,0,1,DT,0.6810995008695898,0.675573031262362,0.6067178003239958,0.675573031262362,0.604853939464975,0.6668832243099245,0,1.9246752262115479,0.1573808193206787,0
A211116-A211102_1,1,2,DT,0.681147575753291,0.6752366705641533,0.6111463753397871,0.6752366705641533,0.6082498004999881,0.6669285218260269,0,1.828244924545288,0.14997577667236328,0
A211116-A211102_1,2,3,DT,0.681116468475602,0.6755797501783818,0.6127691629983261,0.6755797501783818,0.609521224509775,0.6668979320571489,0,1.8625125885009766,0.14533615112304688,0
A211116-A211102_1,3,4,DT,0.6810203187081996,0.6751919953454917,0.6099627459889851,0.6751919953454917,0.6065020738284008,0.6667861269881423,0,1.7983334064483643,0.14554834365844727,0
A211116-A211102_1,4,5,DT,0.6810401142485472,0.6752062909910788,0.6112559122797465,0.6752062909910788,0.6084197437466881,0.6668188656516393,0,1.83345365524292,0.15081357955932617,0
