Dataset,T,CV,ML,Acc,b_Acc,Prec,Rec,F1,kap,ROC,tra-T,test-T,Al-Time
A211115-A211105_1,0,1,DT,0.7391564396792344,0.730943123131426,0.6977805016211387,0.730943123131426,0.6829334175106985,0.7260853006410843,0,2.106243133544922,0.15544748306274414,0
A211115-A211105_1,1,2,DT,0.7373953302910815,0.7301213398594764,0.6976559024771384,0.7301213398594764,0.6822306722667093,0.7242529959547325,0,2.11100435256958,0.1504507064819336,0
A211115-A211105_1,2,3,DT,0.7373427185326303,0.7300797670074443,0.6966496014535148,0.7300797670074443,0.6818680075779273,0.7241976945594404,0,2.11340594291687,0.1504683494567871,0
A211115-A211105_1,3,4,DT,0.7390899827211909,0.7308848772813511,0.6977774471862161,0.7308848772813511,0.6828704453247464,0.7260156954617417,0,2.116323947906494,0.1606426239013672,0
A211115-A211105_1,4,5,DT,0.7374479420495326,0.7301621051015876,0.6967706545648568,0.7301621051015876,0.6819841649705637,0.7243084923993293,0,2.101030111312866,0.15595626831054688,0
