Dataset,T,CV,ML,Acc,b_Acc,Prec,Rec,F1,kap,ROC,tra-T,test-T,Al-Time
A211109-A211228_1,0,1,DT,0.6070700556103803,0.55739426172254,0.5499234820033493,0.55739426172254,0.5179183119891245,0.5913260558627983,0,1.8562827110290527,0.1816256046295166,0
A211109-A211228_1,1,2,DT,0.6070985471885287,0.5573994639802404,0.5513989541409129,0.5573994639802404,0.5223648612521935,0.5912343092740362,0,1.8561203479766846,0.17664480209350586,0
A211109-A211228_1,2,3,DT,0.6067462876768744,0.5568986040426593,0.548497438959637,0.5568986040426593,0.5212481285744048,0.5908793877761207,0,1.9220707416534424,0.20070314407348633,0
A211109-A211228_1,3,4,DT,0.6070415640322318,0.5573761632798075,0.5500818584390182,0.5573761632798075,0.5179483829119098,0.591296929050278,0,1.9565863609313965,0.19163799285888672,0
A211109-A211228_1,4,5,DT,0.6071373993405494,0.5574092524299089,0.551121879841608,0.5574092524299089,0.5223252619148164,0.5912773437924583,0,1.7561464309692383,0.17696070671081543,0
