Dataset,T,CV,ML,Acc,b_Acc,Prec,Rec,F1,kap,ROC,tra-T,test-T,Al-Time
results/vs_1,0,1,DT,0.7237553529853166,0.5998566600528897,0.5920428195132101,0.5998566600528897,0.5712285882113219,0.70931700314142,0,1.1945953369140625,0.17194557189941406,0
