Dataset,T,CV,ML,Acc,b_Acc,Prec,Rec,F1,kap,ROC,tra-T,test-T,Al-Time
A211206-I211122_1,0,1,DT,0.6684035293645091,0.5579994584333248,0.5712661851212864,0.5579994584333248,0.5352595836806422,0.6536514465884463,0,1.6336417198181152,0.21111154556274414,0
A211206-I211122_1,1,2,DT,0.668472706337057,0.5581014259401516,0.5710744181705791,0.5581014259401516,0.5353043772323992,0.6537222767450319,0,1.6134467124938965,0.1995844841003418,0
A211206-I211122_1,2,3,DT,0.6683722881511004,0.5579822711556393,0.5703705993751953,0.5579822711556393,0.5349839049009366,0.6536162209329703,0,1.7696449756622314,0.2563049793243408,0
A211206-I211122_1,3,4,DT,0.6684213814864569,0.5579354873445969,0.5617381381582032,0.5579354873445969,0.5253421628704286,0.653784697487535,0,1.586089849472046,0.1836259365081787,0
A211206-I211122_1,4,5,DT,0.6684236130017004,0.5579992343832804,0.5710766080980244,0.5579992343832804,0.5351897129555967,0.6536700448714112,0,1.7508671283721924,0.20829463005065918,0
