Dataset,T,CV,ML,Acc,b_Acc,Prec,Rec,F1,kap,ROC,tra-T,test-T,Al-Time
A211225-A211125_1,0,1,DT,0.7530443011832123,0.7113675892589164,0.6871873423055102,0.7113675892589164,0.670728913487754,0.7398002007915738,0,1.2891976833343506,0.1731574535369873,0
A211225-A211125_1,1,2,DT,0.7397638803925567,0.6977487258371106,0.6576136378202282,0.6977487258371106,0.6468012238351828,0.7258723503393557,0,1.227107286453247,0.17295455932617188,0
A211225-A211125_1,2,3,DT,0.7400070062062439,0.6977928409126692,0.6752347386911953,0.6977928409126692,0.66086129602645,0.7260367379448018,0,1.2428102493286133,0.15705156326293945,0
A211225-A211125_1,3,4,DT,0.7400174632304884,0.6979612687454116,0.6730230011696273,0.6979612687454116,0.6611640671079961,0.7260441846789811,0,1.2433273792266846,0.15621042251586914,0
A211225-A211125_1,4,5,DT,0.7528325464422589,0.7112014221726893,0.6853659479861754,0.7112014221726893,0.6702172349174317,0.7395407857134748,0,1.213226318359375,0.15686655044555664,0
