Dataset,T,CV,ML,Acc,b_Acc,Prec,Rec,F1,kap,ROC,tra-T,test-T,Al-Time
A211206-A211116_1,0,1,DT,0.8409327841008922,0.7257825097375764,0.7280805167375609,0.7257825097375764,0.6894870875529254,0.8259172465641058,0,1.7787389755249023,0.2045135498046875,0
A211206-A211116_1,1,2,DT,0.8404017726411963,0.7251692120230433,0.7371362646308952,0.7251692120230433,0.7018589441668366,0.8253108000901834,0,1.6816203594207764,0.20437002182006836,0
A211206-A211116_1,2,3,DT,0.8308338051266033,0.7117682025331982,0.7207124112820231,0.7117682025331982,0.6898593621765595,0.8148382268907005,0,1.7119040489196777,0.1888730525970459,0
A211206-A211116_1,3,4,DT,0.8409405930929466,0.7256828231900984,0.7282460617635684,0.7256828231900984,0.6895637225782764,0.8259259228220207,0,1.695885181427002,0.23828530311584473,0
A211206-A211116_1,4,5,DT,0.8404056771372235,0.7251845265156596,0.7350661135085772,0.7251845265156596,0.6994974231087138,0.8253292055452198,0,1.7486248016357422,0.19997644424438477,0
