Dataset,T,CV,ML,Acc,b_Acc,Prec,Rec,F1,kap,ROC,tra-T,test-T,Al-Time
A211122-I211118_1,0,1,DT,0.8670467752117477,0.8354438157395818,0.8631278494363542,0.8354438157395818,0.8308657500144461,0.8611732194921823,0,1.6726453304290771,0.24974799156188965,0
A211122-I211118_1,1,2,DT,0.8670423138438477,0.8354426381738174,0.8632466217247029,0.8354426381738174,0.8308598068347055,0.8611685398683977,0,1.4819684028625488,0.19559884071350098,0
A211122-I211118_1,2,3,DT,0.8670601593154477,0.835415682872377,0.8628147062650257,0.835415682872377,0.8307282359712744,0.8611872390365691,0,1.4703724384307861,0.19773244857788086,0
A211122-I211118_1,3,4,DT,0.8670177763203976,0.8353882443267378,0.8629286437638001,0.8353882443267378,0.8307123983245954,0.8611430312765669,0,1.5985939502716064,0.1961672306060791,0
A211122-I211118_1,4,5,DT,0.8670490058956977,0.8353969355698545,0.862843356772309,0.8353969355698545,0.8307425291960989,0.8611755569596728,0,1.5606234073638916,0.20667433738708496,0
