Dataset,T,CV,ML,Acc,b_Acc,Prec,Rec,F1,kap,ROC,tra-T,test-T,Al-Time
A211108-I211115_1,0,1,DT,0.5804326853771858,0.535440598473693,0.5321758128406828,0.535440598473693,0.48914923274103145,0.5646127840776425,0,2.1875076293945312,0.218735933303833,0
A211108-I211115_1,1,2,DT,0.5806123241037469,0.5353941327822926,0.5361588725272945,0.5353941327822926,0.49407812048504196,0.5646941978708682,0,2.2343735694885254,0.20313596725463867,0
A211108-I211115_1,2,3,DT,0.5803550637052151,0.5353676653101895,0.5159960982931117,0.5353676653101895,0.47928415682261366,0.5646390054861677,0,1.984384536743164,0.20311760902404785,0
A211108-I211115_1,3,4,DT,0.5803195795123142,0.5352197015372385,0.531707741081229,0.5352197015372385,0.48877636340156355,0.5644952518642534,0,1.9702160358428955,0.2187504768371582,0
A211108-I211115_1,4,5,DT,0.5803439748949335,0.5352277577909673,0.5318639117686734,0.5352277577909673,0.4894564537967766,0.5644826955081037,0,2.1578478813171387,0.20313000679016113,0
