Dataset,T,CV,ML,Acc,b_Acc,Prec,Rec,F1,kap,ROC,tra-T,test-T,Al-Time
results/vs_1,0,1,DT,0.8957860066142111,0.8873758491181138,0.8925890049384448,0.8873758491181138,0.8879750019805374,0.8911613879539461,0,1.7219398021697998,0.20838618278503418,0
