Dataset,T,CV,ML,Acc,b_Acc,Prec,Rec,F1,kap,ROC,tra-T,test-T,Al-Time
A211228-A211223_1,0,1,DT,0.7105748735900428,0.6932191594534672,0.6968005093146225,0.6932191594534672,0.6653751495662249,0.6993904644880745,0,1.678262710571289,0.15470218658447266,0
A211228-A211223_1,1,2,DT,0.7105157526254375,0.6932144187843052,0.6962954868811136,0.6932144187843052,0.6653589356746489,0.6993294566705208,0,1.6492419242858887,0.14974498748779297,0
A211228-A211223_1,2,3,DT,0.7105033061065733,0.6931750065340382,0.696494516890402,0.6931750065340382,0.6653080980016107,0.6993163373590621,0,1.5796020030975342,0.16884684562683105,0
A211228-A211223_1,3,4,DT,0.7105437572928821,0.6932289615531846,0.6966433370156194,0.6932289615531846,0.6653863819198769,0.6993582596014434,0,1.600611925125122,0.15218067169189453,0
A211228-A211223_1,4,5,DT,0.7105562038117464,0.6931480743035522,0.6966299480662071,0.6931480743035522,0.665292192094691,0.6993711410005201,0,1.5640373229980469,0.1599712371826172,0
