Dataset,T,CV,ML,Acc,b_Acc,Prec,Rec,F1,kap,ROC,tra-T,test-T,Al-Time
A211116-I211122_1,0,1,DT,0.7746281179846739,0.7964658061119596,0.7824945716287987,0.7964658061119596,0.7528840155389095,0.7665279972025844,0,2.01645565032959,0.2343122959136963,0
A211116-I211122_1,1,2,DT,0.774614728893213,0.7964575067387137,0.7819455069281593,0.7964575067387137,0.7526135706096014,0.7665144638343222,0,2.1718859672546387,0.20311522483825684,0
A211116-I211122_1,2,3,DT,0.7746035713169956,0.7964344485032561,0.7821648701998211,0.7964344485032561,0.7527347061294047,0.7665021164166901,0,1.984285593032837,0.21880030632019043,0
A211116-I211122_1,3,4,DT,0.7745589410121261,0.7963676783378596,0.782055393790011,0.7963676783378596,0.7526320811864885,0.7664557005331946,0,1.8281264305114746,0.1561586856842041,0
A211116-I211122_1,4,5,DT,0.7746080343474826,0.7964435166708352,0.7821229664441891,0.7964435166708352,0.7526663067807052,0.7665069340869728,0,2.1118557453155518,0.21866846084594727,0
