Dataset,T,CV,ML,Acc,b_Acc,Prec,Rec,F1,kap,ROC,tra-T,test-T,Al-Time
A211208-A211109_1,0,1,DT,0.776180037133679,0.7073851425960773,0.6957986508122268,0.7073851425960773,0.6873751770815575,0.7621111075797763,0,1.6049549579620361,0.18998479843139648,0
A211208-A211109_1,1,2,DT,0.7763296600160051,0.7082287950080518,0.6908749406951913,0.7082287950080518,0.6848432719622295,0.7622838663041057,0,1.2385923862457275,0.16803979873657227,0
A211208-A211109_1,2,3,DT,0.7763296600160051,0.7082978287624613,0.6879816937988493,0.7082978287624613,0.6863099923100885,0.7623897060607017,0,1.3097786903381348,0.15976548194885254,0
A211208-A211109_1,3,4,DT,0.7762956548154765,0.707592766430204,0.6901611274116438,0.707592766430204,0.6841724563710433,0.7622478939685042,0,1.272150993347168,0.1743619441986084,0
A211208-A211109_1,4,5,DT,0.7761188277727273,0.707637994659844,0.6903077679054807,0.707637994659844,0.6843496547863521,0.7620576118649411,0,1.436112403869629,0.1794126033782959,0
