Dataset,T,CV,ML,Acc,b_Acc,Prec,Rec,F1,kap,ROC,tra-T,test-T,Al-Time
A211206-A211208_1,0,1,DT,0.8896610545865633,0.7146173699487184,0.7192806144103926,0.7146173699487184,0.6978681031637154,0.87956669728709,0,1.9686920642852783,0.17183661460876465,0
A211206-A211208_1,1,2,DT,0.889671148255814,0.7145971004608326,0.7194301166546675,0.7145971004608326,0.69795562775292,0.879577592808379,0,1.859278678894043,0.17197513580322266,0
A211206-A211208_1,2,3,DT,0.889663578003876,0.7146478380451985,0.7192227801912384,0.7146478380451985,0.6978433094552667,0.8795711408627723,0,1.9375019073486328,0.1873939037322998,0
A211206-A211208_1,3,4,DT,0.8895575944767442,0.7144834852343779,0.7192467188456574,0.7144834852343779,0.6977988685554751,0.8794545686198018,0,1.890632152557373,0.17197155952453613,0
A211206-A211208_1,4,5,DT,0.8896736716731266,0.7147255471913421,0.719327989450321,0.7147255471913421,0.6979609962690497,0.8795818257787451,0,1.8906302452087402,0.18740105628967285,0
