Dataset,T,CV,ML,Acc,b_Acc,Prec,Rec,F1,kap,ROC,tra-T,test-T,Al-Time
A211115-A211225_1,0,1,DT,0.6698378840760105,0.5956902884686947,0.5897499144563757,0.5956902884686947,0.5666066264566829,0.6569104812518303,0,2.2499923706054688,0.1718730926513672,0
A211115-A211225_1,1,2,DT,0.6698406257625316,0.595687830607859,0.5874090077776656,0.595687830607859,0.5653585787586347,0.6569172871809585,0,2.2343838214874268,0.15625834465026855,0
A211115-A211225_1,2,3,DT,0.6701065693550731,0.5958769449365298,0.587581568061507,0.5958769449365298,0.5655355515725268,0.6571960223218117,0,2.2500054836273193,0.17188024520874023,0
A211115-A211225_1,3,4,DT,0.6702244618754781,0.5959082322116598,0.5876193932661922,0.5959082322116598,0.5655787198112566,0.6573170601221374,0,2.2343733310699463,0.17190146446228027,0
A211115-A211225_1,4,5,DT,0.6697940170916737,0.5956480049642705,0.5894769096706085,0.5956480049642705,0.5664723697756336,0.6568643398275142,0,2.1250035762786865,0.1718897819519043,0
