Dataset,T,CV,ML,Acc,b_Acc,Prec,Rec,F1,kap,ROC,tra-T,test-T,Al-Time
A211105-A211115_1,0,1,DT,0.6591540616039765,0.7078417304543128,0.6857817600049106,0.7078417304543128,0.6513634574138383,0.6408035638784906,0,1.4200987815856934,0.22516679763793945,0
A211105-A211115_1,1,2,DT,0.6599123949680614,0.7079915421371124,0.6899426985940246,0.7079915421371124,0.6514447301156011,0.6415676823505454,0,1.3986191749572754,0.25217628479003906,0
A211105-A211115_1,2,3,DT,0.6592813730446623,0.7078408351963842,0.6848786613489847,0.7078408351963842,0.6506821034686948,0.6409369782376504,0,1.3480079174041748,0.21873927116394043,0
A211105-A211115_1,3,4,DT,0.6606190657185347,0.7085031930321168,0.6894622094967174,0.7085031930321168,0.6516451973876002,0.6422801707559808,0,1.3297271728515625,0.20444679260253906,0
A211105-A211115_1,4,5,DT,0.6600747631822694,0.7079320411105865,0.6871012947148478,0.7079320411105865,0.6511094222775259,0.6417098531543246,0,1.3467001914978027,0.21519994735717773,0
