Dataset,T,CV,ML,Acc,b_Acc,Prec,Rec,F1,kap,ROC,tra-T,test-T,Al-Time
results/vs_1,0,1,DT,0.7746214234389435,0.7964507314818469,0.7824633066920988,0.7964507314818469,0.7528783088041152,0.7665207206840998,0,2.115187168121338,0.22199201583862305,0
