Dataset,T,CV,ML,Acc,b_Acc,Prec,Rec,F1,kap,ROC,tra-T,test-T,Al-Time
11124-I21120_1,0,1,DT,0.6388014933625612,0.5587186166318796,0.5924923772626306,0.5587186166318796,0.5443464602996035,0.6241176157112764,0,1.3750159740447998,0.2031538486480713,0
11124-I21120_1,1,2,DT,0.6079849880853937,0.5430179761099614,0.5760394249907151,0.5430179761099614,0.5183306019782257,0.59228128638822,0,1.4063427448272705,0.18741774559020996,0
11124-I21120_1,2,3,DT,0.638958071350632,0.5589656604156701,0.5914419650954955,0.5589656604156701,0.543737441746,0.6240520971976715,0,1.4374206066131592,0.1875004768371582,0
11124-I21120_1,3,4,DT,0.6388186190800065,0.5591258048462553,0.5898119761427321,0.5591258048462553,0.543063380097775,0.6239086209726391,0,1.3906223773956299,0.18752384185791016,0
11124-I21120_1,4,5,DT,0.6388626566391513,0.5588669522844422,0.58950273869514,0.5588669522844422,0.5429018437981257,0.6239536764680593,0,1.187507152557373,0.18750333786010742,0
