Dataset,T,CV,ML,Acc,b_Acc,Prec,Rec,F1,kap,ROC,tra-T,test-T,Al-Time
11124-I21120_1,0,1,DT,0.809268778759399,0.7675602249826383,0.7956252807137838,0.7675602249826383,0.7535998617866752,0.8016750940595995,0,1.4531219005584717,0.1249074935913086,0
11124-I21120_1,1,2,DT,0.8344868000385726,0.7810442836233086,0.8187544934190324,0.7810442836233086,0.7773083376784735,0.8277445608661838,0,1.3592758178710938,0.2031548023223877,0
11124-I21120_1,2,3,DT,0.8091105325233104,0.7670147505687512,0.794984983684599,0.7670147505687512,0.7528632526953052,0.8015117268832678,0,1.375654935836792,0.18750905990600586,0
11124-I21120_1,3,4,DT,0.8343458619845562,0.7810650054475625,0.8182943466105765,0.7810650054475625,0.7769447073598964,0.8275985677812405,0,1.3598248958587646,0.1875019073486328,0
11124-I21120_1,4,5,DT,0.8344793822462558,0.7810100344886145,0.8186378015639182,0.7810100344886145,0.7772585201148341,0.8277365764191121,0,1.3906314373016357,0.18749475479125977,0
