Dataset,T,CV,ML,Acc,b_Acc,Prec,Rec,F1,kap,ROC,tra-T,test-T,Al-Time
A211125-A211115_1,0,1,DT,0.7910265730343298,0.8247194964237949,0.7966928791434834,0.8247194964237949,0.783901469004894,0.7746699680046109,0,1.3155767917633057,0.20482516288757324,0
A211125-A211115_1,1,2,DT,0.7882700035794811,0.8241250559047609,0.7996335346304627,0.8241250559047609,0.7822320764670606,0.7718205855649019,0,3.2169291973114014,0.397247314453125,0
A211125-A211115_1,2,3,DT,0.7888991804095369,0.8246355971617864,0.7956196230067132,0.8246355971617864,0.7828276674267773,0.7724982245935379,0,1.3030900955200195,0.21143198013305664,0
A211125-A211115_1,3,4,DT,0.7883677935266745,0.8240787973898962,0.7944056332340483,0.8240787973898962,0.7821939318885445,0.7719230433276579,0,1.996333122253418,0.22630858421325684,0
A211125-A211115_1,4,5,DT,0.7888493628892685,0.8246753915750274,0.7976389423287613,0.8246753915750274,0.7829933048917751,0.7724433892283813,0,1.4295225143432617,0.24405455589294434,0
