Dataset,T,CV,ML,Acc,b_Acc,Prec,Rec,F1,kap,ROC,tra-T,test-T,Al-Time
A211123-A211110_1,0,1,DT,0.8321578379610767,0.7925137935072666,0.7687412714982321,0.7925137935072666,0.7669146130955152,0.8196283252547508,0,1.5687525272369385,0.20805811882019043,0
A211123-A211110_1,1,2,DT,0.8321219503442044,0.7921168010838452,0.7768183034343635,0.7921168010838452,0.7721944905884232,0.8194918939375724,0,1.536036491394043,0.22147607803344727,0
A211123-A211110_1,2,3,DT,0.8316300788894261,0.7916751408352006,0.77705040455129,0.7916751408352006,0.771950852883582,0.8189599875089825,0,1.6044883728027344,0.20039153099060059,0
A211123-A211110_1,3,4,DT,0.832102951017625,0.7920587214180149,0.7769764531897836,0.7920587214180149,0.7715988529449315,0.8195317185069821,0,1.6197185516357422,0.1950533390045166,0
A211123-A211110_1,4,5,DT,0.8320353978564538,0.7924935644649856,0.7692047629218138,0.7924935644649856,0.7672904493035052,0.8194808244292912,0,1.5599632263183594,0.20029473304748535,0
