Dataset,T,CV,ML,Acc,b_Acc,Prec,Rec,F1,kap,ROC,tra-T,test-T,Al-Time
A211126-A211103_1,0,1,DT,0.2677796890994861,0.6415818666052979,0.6199314082036189,0.6415818666052979,0.5664835247045594,0.25022786249628803,0,4.235431671142578,0.3872256278991699,0
A211126-A211103_1,1,2,DT,0.2677680804584358,0.6415504006280983,0.6244314070066452,0.6415504006280983,0.5695690658792207,0.2501821479011156,0,4.435498476028442,0.3774547576904297,0
A211126-A211103_1,2,3,DT,0.2677416971833215,0.6412896026508205,0.6270218917456525,0.6412896026508205,0.5704892244147357,0.2501615435185157,0,4.537842273712158,0.3754889965057373,0
A211126-A211103_1,3,4,DT,0.2678366769737328,0.6416042336069135,0.6253812887534813,0.6416042336069135,0.5703493477634419,0.2502594757745461,0,4.272485256195068,0.3627181053161621,0
A211126-A211103_1,4,5,DT,0.26797809132834516,0.6421906755324603,0.6201375201309973,0.6421906755324603,0.5668409147762913,0.25043441066259453,0,5.113762140274048,0.38027310371398926,0
