Dataset,T,CV,ML,Acc,b_Acc,Prec,Rec,F1,kap,ROC,tra-T,test-T,Al-Time
A211223-A211123_1,0,1,DT,0.6103478515054078,0.6533079113078774,0.6044641996342851,0.6533079113078774,0.5840516983581793,0.5934059365845661,0,0.8554954528808594,0.1693267822265625,0
A211223-A211123_1,1,2,DT,0.61030021544491,0.6532131841198662,0.6044624164505231,0.6532131841198662,0.5839887520004688,0.5933555939110753,0,0.9795560836791992,0.175703763961792,0
A211223-A211123_1,2,3,DT,0.610350016780885,0.6532752794126001,0.6004758895945106,0.6532752794126001,0.58214883756409,0.5934071127517258,0,0.9135611057281494,0.18199849128723145,0
A211223-A211123_1,3,4,DT,0.610313207097773,0.6532609489294138,0.6052549854996909,0.6532609489294138,0.5847263954296485,0.5933514295901018,0,0.9261741638183594,0.1731412410736084,0
A211223-A211123_1,4,5,DT,0.6103435209544534,0.6532674418474252,0.6044859654901451,0.6532674418474252,0.5840195039974073,0.5934012318412719,0,0.9910769462585449,0.13813042640686035,0
