Dataset,T,CV,ML,Acc,b_Acc,Prec,Rec,F1,kap,ROC,tra-T,test-T,Al-Time
A211105-A211110_1,0,1,DT,0.6801758915433997,0.6865577047403163,0.6453188214955612,0.6865577047403163,0.6197601586444128,0.6578512962151601,0,1.3220300674438477,0.20041131973266602,0
A211105-A211110_1,1,2,DT,0.6800724507653562,0.6862183535048794,0.6472604241290731,0.6862183535048794,0.6192480462484972,0.657744106926418,0,1.4201209545135498,0.20003175735473633,0
A211105-A211110_1,2,3,DT,0.6801231156362346,0.6864709406835231,0.6481725998055518,0.6864709406835231,0.6201306879351303,0.6577889343529102,0,1.4148845672607422,0.19003725051879883,0
A211105-A211110_1,3,4,DT,0.6801927798336925,0.6866133728962588,0.6453421178118759,0.6866133728962588,0.6186547568751384,0.6578948284538882,0,1.3895976543426514,0.2003493309020996,0
A211105-A211110_1,4,5,DT,0.679749462213506,0.6861459969080314,0.6395591959739905,0.6861459969080314,0.6173465539213925,0.6574822397176892,0,1.4311699867248535,0.18587327003479004,0
