Dataset,T,CV,ML,Acc,b_Acc,Prec,Rec,F1,kap,ROC,tra-T,test-T,Al-Time
A211110-I211108_1,0,1,DT,0.7692672909517082,0.7022829527054021,0.7087232151847723,0.7022829527054021,0.6738339190312368,0.7559722006514082,0,1.8201508522033691,0.1754162311553955,0
A211110-I211108_1,1,2,DT,0.7694147961547237,0.7030613734323256,0.7111743403599439,0.7030613734323256,0.675555160374378,0.7561180421573739,0,1.7445955276489258,0.1851799488067627,0
A211110-I211108_1,2,3,DT,0.7691820145062148,0.7022290768062672,0.7134384427727358,0.7022290768062672,0.676200340991799,0.7558782245992666,0,1.8279969692230225,0.22180747985839844,0
A211110-I211108_1,3,4,DT,0.7693871389291583,0.703028113805111,0.7144421458402131,0.703028113805111,0.677226716467358,0.7560962758310206,0,1.8282172679901123,0.1804499626159668,0
A211110-I211108_1,4,5,DT,0.7693341292468246,0.7029931900215391,0.7095940300050775,0.7029931900215391,0.6745042730301556,0.7560431584744709,0,1.9037320613861084,0.18538355827331543,0
