Dataset,T,CV,ML,Acc,b_Acc,Prec,Rec,F1,kap,ROC,tra-T,test-T,Al-Time
A211228-I211122_1,0,1,DT,0.6468805648411384,0.5383920555347356,0.5519473361068691,0.5383920555347356,0.5040981878891405,0.6311274229784701,0,1.6550228595733643,0.19224286079406738,0
A211228-I211122_1,1,2,DT,0.6474518327434695,0.5394239984892191,0.5524591483311574,0.5394239984892191,0.50513792009333,0.6317378815467526,0,1.5511493682861328,0.20157670974731445,0
A211228-I211122_1,2,3,DT,0.647436212136765,0.5393929133714359,0.5524573072191029,0.5393929133714359,0.5051186076161722,0.6317195990713739,0,1.6364631652832031,0.18967533111572266,0
A211228-I211122_1,3,4,DT,0.6474986945635826,0.5394423167998221,0.5527580937671072,0.5394423167998221,0.5053170105393074,0.6317844331472582,0,1.5610003471374512,0.20020198822021484,0
A211228-I211122_1,4,5,DT,0.6474964630483391,0.5394427125508012,0.5527565710105905,0.5394427125508012,0.5053257909937744,0.6317819192317586,0,1.6241893768310547,0.20842790603637695,0
