Dataset,T,CV,ML,Acc,b_Acc,Prec,Rec,F1,kap,ROC,tra-T,test-T,Al-Time
A211115-I211115_1,0,1,DT,0.8859471507301981,0.8829225810231255,0.8816107143530144,0.8829225810231255,0.87886205852636,0.8810496920539564,0,2.328126907348633,0.21875357627868652,0
A211115-I211115_1,1,2,DT,0.8859116665372972,0.8829022316511963,0.8815196324785483,0.8829022316511963,0.878806749150582,0.8810128068672258,0,2.265629291534424,0.21875309944152832,0
A211115-I211115_1,2,3,DT,0.8859715461128176,0.8829413321559628,0.8816103183517322,0.8829413321559628,0.8788723347159229,0.8810752472269548,0,2.328145980834961,0.21873903274536133,0
A211115-I211115_1,3,4,DT,0.8859382796819729,0.882899812469675,0.8815844876767657,0.882899812469675,0.878833282214905,0.88104054611597,0,2.249981641769409,0.21877241134643555,0
A211115-I211115_1,4,5,DT,0.8859515862543108,0.882926616179323,0.8816073620232929,0.882926616179323,0.8788567965726338,0.8810543355580752,0,2.3593857288360596,0.21875548362731934,0
