Dataset,T,CV,ML,Acc,b_Acc,Prec,Rec,F1,kap,ROC,tra-T,test-T,Al-Time
A211225-A211102_1,0,1,DT,0.7623036353095881,0.7003980897712412,0.6962760449769207,0.7003980897712412,0.6810339723054674,0.74971781675623,0,1.2165288925170898,0.1357898712158203,0
A211225-A211102_1,1,2,DT,0.7321719949662768,0.6730174418090884,0.6671346700341441,0.6730174418090884,0.643997788919158,0.7180289805770628,0,1.0941388607025146,0.11924862861633301,0
A211225-A211102_1,2,3,DT,0.7321239200825757,0.6730230681210352,0.669364592606858,0.6730230681210352,0.649541660203187,0.7179395217887492,0,0.9303934574127197,0.16906285285949707,0
A211225-A211102_1,3,4,DT,0.7623319146529418,0.7003633306320968,0.6946138635038769,0.7003633306320968,0.680913850698587,0.7497475136803108,0,1.0752577781677246,0.12616896629333496,0
A211225-A211102_1,4,5,DT,0.7321974463752952,0.673027324005577,0.6693795774002009,0.673027324005577,0.6495505558826914,0.7180163893255493,0,1.074465036392212,0.1352980136871338,0
