Dataset,T,CV,ML,Acc,b_Acc,Prec,Rec,F1,kap,ROC,tra-T,test-T,Al-Time
A211118-I211112_1,0,1,DT,0.7582150950832595,0.7891841744227492,0.7744641477069033,0.7891841744227492,0.7715515041055564,0.7472433891832373,0,1.2255594730377197,0.23656535148620605,0
A211118-I211112_1,1,2,DT,0.7580919302394324,0.7890767264480889,0.7865930297525938,0.7890767264480889,0.7713091594069208,0.7471085683279254,0,1.3454923629760742,0.22325468063354492,0
A211118-I211112_1,2,3,DT,0.7583095214635268,0.7893985031278066,0.7748499133422876,0.7893985031278066,0.7717619188140249,0.7473451462358833,0,1.2105660438537598,0.22368216514587402,0
A211118-I211112_1,3,4,DT,0.7581124577134036,0.7890559007492793,0.786523730722363,0.7890559007492793,0.7712300427789118,0.7471302336105953,0,1.2819864749908447,0.22169280052185059,0
A211118-I211112_1,4,5,DT,0.7581555654087431,0.7891539265937194,0.7657775114315978,0.7891539265937194,0.7658688809815924,0.7472089440497061,0,1.3457868099212646,0.222703218460083,0
