Dataset,T,CV,ML,Acc,b_Acc,Prec,Rec,F1,kap,ROC,tra-T,test-T,Al-Time
A211116-A211122_1,0,1,DT,0.7579205518964796,0.8558770232325744,0.7747591814466706,0.8558770232325744,0.7812953239207967,0.7469931487478858,0,2.00880765914917,0.18526434898376465,0
A211116-A211122_1,1,2,DT,0.7579427057371801,0.8558796935963734,0.7747343495557154,0.8558796935963734,0.7811972729846206,0.74696395832844,0,1.9110524654388428,0.1857893466949463,0
A211116-A211122_1,2,3,DT,0.7579271980486897,0.8558639850162276,0.7765177194863534,0.8558639850162276,0.7822523163246795,0.7469934448632509,0,1.806333065032959,0.19088530540466309,0
A211116-A211122_1,3,4,DT,0.7579471365053202,0.8558951292354046,0.7789258468823219,0.8558951292354046,0.7841418791792556,0.7469822258739951,0,1.9721391201019287,0.1853320598602295,0
A211116-A211122_1,4,5,DT,0.7579249826646196,0.8558967948560192,0.7765168677661684,0.8558967948560192,0.7822265374914016,0.7469401361952596,0,1.7807812690734863,0.19071698188781738,0
