Dataset,T,CV,ML,Acc,b_Acc,Prec,Rec,F1,kap,ROC,tra-T,test-T,Al-Time
A211105-A211102_1,0,1,DT,0.8614114220267806,0.8157287221753441,0.8503474739185658,0.8157287221753441,0.8108528099927278,0.8552166913216912,0,1.6259639263153076,0.156264066696167,0
A211105-A211102_1,1,2,DT,0.8617253227380061,0.8160408405158901,0.8409679812560434,0.8160408405158901,0.8079216862663819,0.8555813715642996,0,1.5468931198120117,0.15624094009399414,0
A211105-A211102_1,2,3,DT,0.8612530577040001,0.8156476996632614,0.8400794772306088,0.8156476996632614,0.8073587732429145,0.8550890384167121,0,1.6929938793182373,0.14256978034973145,0
A211105-A211102_1,3,4,DT,0.8613944544207683,0.8155839061033642,0.8480290076437812,0.8155839061033642,0.8072017019737663,0.855236491124236,0,1.7354650497436523,0.15623736381530762,0
A211105-A211102_1,4,5,DT,0.8614481851731403,0.8157667368958563,0.8528486573653642,0.8157667368958563,0.8108736065160769,0.8552550120799334,0,1.7031309604644775,0.13317251205444336,0
