Dataset,T,CV,ML,Acc,b_Acc,Prec,Rec,F1,kap,ROC,tra-T,test-T,Al-Time
A211108-A211123_1,0,1,DT,0.7542390680654346,0.5926317933107409,0.5752763485660385,0.5926317933107409,0.5339537345494842,0.7377375151484303,0,2.171880006790161,0.2187666893005371,0
A211108-A211123_1,1,2,DT,0.7548669979538146,0.5931366491968459,0.5899588823856438,0.5931366491968459,0.5473256240241241,0.7383597147819841,0,2.2343804836273193,0.20313072204589844,0
A211108-A211123_1,2,3,DT,0.7542022583823227,0.5925644460257358,0.6052753682928076,0.5925644460257358,0.5590333611432076,0.7375873012388409,0,2.109368085861206,0.20314478874206543,0
A211108-A211123_1,3,4,DT,0.7548908159840636,0.5931733732802678,0.6040826085634305,0.5931733732802678,0.5588784377081967,0.7383521777518994,0,2.1250016689300537,0.20313310623168945,0
A211108-A211123_1,4,5,DT,0.754243398616389,0.5926017021325082,0.5895167098079229,0.5926017021325082,0.5467741551211217,0.7376944246242869,0,2.1250088214874268,0.20313191413879395,0
