Dataset,T,CV,ML,Acc,b_Acc,Prec,Rec,F1,kap,ROC,tra-T,test-T,Al-Time
A211206-A211117_1,0,1,DT,0.6025141576398102,0.5519075385993145,0.5561774002834268,0.5519075385993145,0.5122946426819783,0.5835221736525464,0,1.9375059604644775,0.2031233310699463,0
A211206-A211117_1,1,2,DT,0.6024322127554964,0.5519107154378508,0.5550213679474899,0.5519107154378508,0.5080808389298425,0.5834371212668474,0,1.7968697547912598,0.2031383514404297,0
A211206-A211117_1,2,3,DT,0.6025119429132071,0.5518110585110275,0.5578373877933956,0.5518110585110275,0.5130680987364916,0.5835259288768363,0,1.8282079696655273,0.2187504768371582,0
A211206-A211117_1,3,4,DT,0.6023790593170226,0.5519076497267744,0.5570541839349283,0.5519076497267744,0.5124317615763333,0.5833958900559564,0,1.9062542915344238,0.20308613777160645,0
A211206-A211117_1,4,5,DT,0.6018320218460632,0.5513577523242744,0.5537645767280074,0.5513577523242744,0.5083443346661973,0.5827336524406997,0,1.8619227409362793,0.20313000679016113,0
