Dataset,T,CV,ML,Acc,b_Acc,Prec,Rec,F1,kap,ROC,tra-T,test-T,Al-Time
A211208-A211208_1,0,1,DT,0.9368842861757106,0.7957817170708439,0.8052671082855491,0.7957817170708439,0.7954096113922416,0.9310720730317853,0,1.6718628406524658,0.17195868492126465,0
A211208-A211208_1,1,2,DT,0.9368842861757106,0.7957817170708439,0.8052671082855491,0.7957817170708439,0.7954096113922416,0.9310720730317853,0,1.499915599822998,0.17190170288085938,0
A211208-A211208_1,2,3,DT,0.9368842861757106,0.7957817170708439,0.8052671082855491,0.7957817170708439,0.7954096113922416,0.9310720730317853,0,1.6250169277191162,0.17187023162841797,0
A211208-A211208_1,3,4,DT,0.9368842861757106,0.7957817170708439,0.8052671082855491,0.7957817170708439,0.7954096113922416,0.9310720730317853,0,1.6419625282287598,0.18761396408081055,0
A211208-A211208_1,4,5,DT,0.9368842861757106,0.7957817170708439,0.8052671082855491,0.7957817170708439,0.7954096113922416,0.9310720730317853,0,1.5937492847442627,0.17180705070495605,0
