Dataset,T,CV,ML,Acc,b_Acc,Prec,Rec,F1,kap,ROC,tra-T,test-T,Al-Time
A211206-A211108_1,0,1,DT,0.7807841882021018,0.58109430292226,0.5704589881800762,0.58109430292226,0.5610556407983359,0.7635055088089175,0,1.763209342956543,0.20258069038391113,0
A211206-A211108_1,1,2,DT,0.7807956882490603,0.5809767731686136,0.5706034769873343,0.5809767731686136,0.561133301990712,0.7635166017606457,0,1.815530776977539,0.20667529106140137,0
A211206-A211108_1,2,3,DT,0.7807995215980466,0.5809998331659556,0.570619057074473,0.5809998331659556,0.5611841007947674,0.7635208905187163,0,1.6782257556915283,0.2011868953704834,0
A211206-A211108_1,3,4,DT,0.7807611881081847,0.5811149214084687,0.5703255013754562,0.5811149214084687,0.5610570454675708,0.7634809885073185,0,1.7515230178833008,0.21677350997924805,0
A211206-A211108_1,4,5,DT,0.7807688548061571,0.5810913425290287,0.5706729472759541,0.5810913425290287,0.5612517785928353,0.7634875518617215,0,1.7062716484069824,0.2057652473449707,0
