Dataset,T,CV,ML,Acc,b_Acc,Prec,Rec,F1,kap,ROC,tra-T,test-T,Al-Time
A211225-A211206_1,0,1,DT,0.5827709571741226,0.5584972963421183,0.5213190426952352,0.5584972963421183,0.5010269480953665,0.5662468486330088,0,1.7832553386688232,0.22127127647399902,0
A211225-A211206_1,1,2,DT,0.5829125982920823,0.5595293114701366,0.5222871481548521,0.5595293114701366,0.5034895553209104,0.5671273370191674,0,1.7196321487426758,0.21887946128845215,0
A211225-A211206_1,2,3,DT,0.5810255730753942,0.5524328596518604,0.5201132910807548,0.5524328596518604,0.4970125446139573,0.5643966920834811,0,1.7192516326904297,0.21897339820861816,0
A211225-A211206_1,3,4,DT,0.5827435427641949,0.5590820720939133,0.5197814037221022,0.5590820720939133,0.5027534200666629,0.5670060717020344,0,1.6871514320373535,0.2032477855682373,0
A211225-A211206_1,4,5,DT,0.5828897529504758,0.5588960728678821,0.5214128923878194,0.5588960728678821,0.5057900902930262,0.5671349649560973,0,1.7986767292022705,0.20311999320983887,0
