Dataset,T,CV,ML,Acc,b_Acc,Prec,Rec,F1,kap,ROC,tra-T,test-T,Al-Time
A211112-A211123_1,0,1,DT,0.7553909946192905,0.7959311066047073,0.7942533624484048,0.7959311066047073,0.7567989768430361,0.7410631381406052,0,1.587773323059082,0.18096089363098145,0
A211112-A211123_1,1,2,DT,0.7544296123074258,0.793098790714037,0.7933238352189614,0.793098790714037,0.753205192061814,0.7400455137381172,0,1.5871307849884033,0.1909327507019043,0
A211112-A211123_1,2,3,DT,0.7550900213279634,0.795085751128532,0.7919534771355429,0.795085751128532,0.7544597247172425,0.740752103066334,0,1.5919721126556396,0.19599080085754395,0
A211112-A211123_1,3,4,DT,0.7544642567150606,0.79312238502444,0.7937120332926153,0.79312238502444,0.7534363778955241,0.7400812287528109,0,1.577629804611206,0.20568037033081055,0
A211112-A211123_1,4,5,DT,0.7545227191529442,0.7933605701186209,0.7936223013214647,0.7933605701186209,0.7537301572743608,0.7401431196472816,0,1.5467793941497803,0.2059180736541748,0
