Dataset,T,CV,ML,Acc,b_Acc,Prec,Rec,F1,kap,ROC,tra-T,test-T,Al-Time
A211116-A211110_1,0,1,DT,0.8026835493275294,0.7694756291855118,0.7438110666129444,0.7694756291855118,0.7321735144999256,0.7884135893829999,0,1.8884053230285645,0.2054276466369629,0
A211116-A211110_1,1,2,DT,0.8024640015537227,0.7693188060122185,0.7563462589335441,0.7693188060122185,0.7459305011439153,0.7880468416278609,0,1.983640193939209,0.19535040855407715,0
A211116-A211110_1,2,3,DT,0.8028693205207504,0.7696780714804577,0.7461428347443396,0.7696780714804577,0.7337782311720352,0.7886108999655527,0,1.9099228382110596,0.1945943832397461,0
A211116-A211110_1,3,4,DT,0.8027722128515667,0.7695359995723897,0.7438655806140553,0.7695359995723897,0.7322986626922329,0.7885078754489283,0,1.8243591785430908,0.19468069076538086,0
A211116-A211110_1,4,5,DT,0.8023077848685141,0.7691820812426123,0.7442146939458922,0.7691820812426123,0.7319340491810549,0.7880264266135397,0,1.873020887374878,0.19091391563415527,0
