Dataset,T,CV,ML,Acc,b_Acc,Prec,Rec,F1,kap,ROC,tra-T,test-T,Al-Time
A211115-A211123_1,0,1,DT,0.7376768759405415,0.8116684053871958,0.795189503792561,0.8116684053871958,0.7817729164563592,0.7272334814455299,0,2.312514305114746,0.2031266689300537,0
A211115-A211123_1,1,2,DT,0.7387421914753104,0.8142308849201351,0.80191073469772,0.8142308849201351,0.7882635493080524,0.7283601516964616,0,2.265618324279785,0.2187657356262207,0
A211115-A211123_1,2,3,DT,0.7394567323827774,0.8158172111367462,0.80233439894957,0.8158172111367462,0.7897316779681777,0.7291326159236713,0,2.250004768371582,0.20312047004699707,0
A211115-A211123_1,3,4,DT,0.7370099710935724,0.8101554034580934,0.7977509035629436,0.8101554034580934,0.7814215147574256,0.7265768257669166,0,2.34623384475708,0.20314335823059082,0
A211115-A211123_1,4,5,DT,0.7394047657713253,0.8157408262862075,0.7997496636613023,0.8157408262862075,0.788404015023563,0.7290084814501615,0,2.0937609672546387,0.20312213897705078,0
