Dataset,T,CV,ML,Acc,b_Acc,Prec,Rec,F1,kap,ROC,tra-T,test-T,Al-Time
A211206-A211228_1,0,1,DT,0.616099295739991,0.5663125422893275,0.5305072490695227,0.5663125422893275,0.5027153465985742,0.6009899463136719,0,1.9531254768371582,0.18740391731262207,0
A211206-A211228_1,1,2,DT,0.6160267717228858,0.5661021571457091,0.523352832157362,0.5661021571457091,0.49914742561833303,0.6008696959406504,0,1.8125174045562744,0.1874830722808838,0
A211206-A211228_1,2,3,DT,0.6017758023616928,0.5442801457392591,0.49772250868440204,0.5442801457392591,0.4719471269102334,0.58602597117084,0,1.9218792915344238,0.18749547004699707,0
A211206-A211228_1,3,4,DT,0.6164437848212413,0.5663830234035189,0.5245875426636604,0.5663830234035189,0.4993895221565663,0.601303435922386,0,1.9330005645751953,0.18750572204589844,0
A211206-A211228_1,4,5,DT,0.6018509165222662,0.5446076073833561,0.5049226871260533,0.5446076073833561,0.474735137702546,0.5861368808225902,0,1.859461784362793,0.18750977516174316,0
