Dataset,T,CV,ML,Acc,b_Acc,Prec,Rec,F1,kap,ROC,tra-T,test-T,Al-Time
results/vs_1,0,1,DT,0.6027471061622103,0.5574743902392172,0.5202306144519572,0.5574743902392172,0.4889790662365717,0.5879850773314397,0,1.5701236724853516,0.17083263397216797,0
