Dataset,T,CV,ML,Acc,b_Acc,Prec,Rec,F1,kap,ROC,tra-T,test-T,Al-Time
A211122-A211108_1,0,1,DT,0.8482626304057408,0.7187548337305457,0.7388240642421445,0.7187548337305457,0.7149602718331749,0.835065379205307,0,1.745377540588379,0.20407748222351074,0
A211122-A211108_1,1,2,DT,0.8481150464697731,0.7183099312509685,0.7371435992379592,0.7183099312509685,0.7138982093413467,0.8349907265399059,0,1.6515026092529297,0.20409584045410156,0
A211122-A211108_1,2,3,DT,0.8481437965871694,0.7186301661569352,0.7381477168688587,0.7186301661569352,0.7145982702555805,0.8349367422835747,0,1.5888288021087646,0.20381522178649902,0
A211122-A211108_1,3,4,DT,0.8480747963054183,0.7182682226490392,0.737967625708714,0.7182682226490392,0.7144174228642721,0.8348608097158364,0,1.6356754302978516,0.18816566467285156,0
A211122-A211108_1,4,5,DT,0.8481169631442662,0.718555118459035,0.7369979963467248,0.718555118459035,0.714227703388721,0.8349080257992328,0,1.699657917022705,0.22029757499694824,0
