Dataset,T,CV,ML,Acc,b_Acc,Prec,Rec,F1,kap,ROC,tra-T,test-T,Al-Time
A211108-I211118_1,0,1,DT,0.670550287423627,0.5847082578970432,0.5669582106544746,0.5847082578970432,0.5235546870111412,0.6562418611142122,0,2.174288749694824,0.2216935157775879,0
A211108-I211118_1,1,2,DT,0.6705346726359769,0.5847031987910183,0.5932900307226695,0.5847031987910183,0.5460492369428835,0.6560629792558375,0,2.0687291622161865,0.24955201148986816,0
A211108-I211118_1,2,3,DT,0.6705882090507771,0.5847347764501922,0.5807219628886229,0.5847347764501922,0.5348374259296668,0.6561436177215071,0,1.9616599082946777,0.2196822166442871,0
A211108-I211118_1,3,4,DT,0.6705168271643769,0.5846837397514693,0.5662108420519619,0.5846837397514693,0.5233803622936549,0.656208233093935,0,2.20111346244812,0.22159838676452637,0
A211108-I211118_1,4,5,DT,0.670563671527327,0.5847298947290912,0.5944306596915864,0.5847298947290912,0.5471389915047594,0.6560028330000247,0,1.9740018844604492,0.22496414184570312,0
