Dataset,T,CV,ML,Acc,b_Acc,Prec,Rec,F1,kap,ROC,tra-T,test-T,Al-Time
results/vs_1,0,1,DT,0.6972690206257488,0.7965915744946734,0.7887575247965342,0.7965915744946734,0.7660760617998352,0.6849081384399454,0,1.861288070678711,0.20604610443115234,0
