Dataset,T,CV,ML,Acc,b_Acc,Prec,Rec,F1,kap,ROC,tra-T,test-T,Al-Time
A211208-A211122_1,0,1,DT,0.7311299123372523,0.5596657883447942,0.574402230492858,0.5596657883447942,0.5370484198498042,0.7118646177040597,0,1.7674036026000977,0.20304441452026367,0
A211208-A211122_1,1,2,DT,0.7311454200257428,0.5596509245457891,0.5781542893173525,0.5596509245457891,0.5393293842705283,0.7119030146846108,0,1.6094436645507812,0.20313501358032227,0
A211208-A211122_1,2,3,DT,0.7311077584965517,0.5596105861774191,0.5812348854276008,0.5596105861774191,0.5412646906700962,0.7118333710087776,0,1.6094563007354736,0.18742585182189941,0
A211208-A211122_1,3,4,DT,0.731118835416902,0.5596070222396509,0.5701274050784888,0.5596070222396509,0.5346728158886546,0.7118812016396565,0,1.6249947547912598,0.1874990463256836,0
A211208-A211122_1,4,5,DT,0.7311055431124817,0.5596291545549316,0.569915277924908,0.5596291545549316,0.5345450778400829,0.7118853143351941,0,1.6718826293945312,0.18742132186889648,0
