Dataset,T,CV,ML,Acc,b_Acc,Prec,Rec,F1,kap,ROC,tra-T,test-T,Al-Time
A211117-I211119_1,0,1,DT,0.761213481519024,0.8180890186059001,0.7662211334581712,0.8180890186059001,0.7602788648786895,0.7527907471362771,0,1.9843666553497314,0.21875572204589844,0
A211117-I211119_1,1,2,DT,0.7614284292075444,0.8187407653296358,0.7662104438188841,0.8187407653296358,0.7607689195902695,0.7530125609871916,0,1.7960655689239502,0.2186739444732666,0
A211117-I211119_1,2,3,DT,0.76144200485103,0.8187389359177581,0.7704693903815658,0.8187389359177581,0.7608043816431527,0.7530197845233505,0,1.9069483280181885,0.20313549041748047,0
A211117-I211119_1,3,4,DT,0.761403540527821,0.8187172429044086,0.7704203066066084,0.8187172429044086,0.7608127585785183,0.7529799437577114,0,1.9218575954437256,0.1874408721923828,0
A211117-I211119_1,4,5,DT,0.7612270571625095,0.8182730479744545,0.7662441848251813,0.8182730479744545,0.760379277680334,0.7528042092356427,0,1.8738644123077393,0.21876025199890137,0
