Dataset,T,CV,ML,Acc,b_Acc,Prec,Rec,F1,kap,ROC,tra-T,test-T,Al-Time
A211117-A211118_1,0,1,DT,0.7653289754241357,0.7946727908051363,0.7795445876153505,0.7946727908051363,0.7589856925567575,0.7572177680392301,0,1.8749942779541016,0.15671467781066895,0
A211117-A211118_1,1,2,DT,0.7652752967980699,0.7945714605532347,0.787261729745033,0.7945714605532347,0.7706187478335965,0.7564162068995398,0,1.8593862056732178,0.1562497615814209,0
A211117-A211118_1,2,3,DT,0.7653826540502014,0.7946610788148629,0.7875443323516587,0.7946610788148629,0.7708268423015715,0.7565267509124507,0,1.9843714237213135,0.15626025199890137,0
A211117-A211118_1,3,4,DT,0.7652156538802192,0.7943498468988398,0.779357873620742,0.7943498468988398,0.7588470601705011,0.7570974490322498,0,1.953127145767212,0.15625357627868652,0
A211117-A211118_1,4,5,DT,0.7652842432357476,0.7946174126122338,0.779566014411024,0.7946174126122338,0.7589545114063067,0.7571714290850196,0,1.8125004768371582,0.15616202354431152,0
