Dataset,T,CV,ML,Acc,b_Acc,Prec,Rec,F1,kap,ROC,tra-T,test-T,Al-Time
A211122-A211109_1,0,1,DT,0.7525441557528865,0.5872742888256838,0.6095035075127698,0.5872742888256838,0.5771023430462712,0.7385128457251524,0,1.67179274559021,0.1876227855682373,0
A211122-A211109_1,1,2,DT,0.7524670772983548,0.5870710130149246,0.5912746452763712,0.5870710130149246,0.5658091446719877,0.7386079565372723,0,1.640629768371582,0.18750429153442383,0
A211122-A211109_1,2,3,DT,0.752428538071089,0.5870237650688501,0.609570919805971,0.5870237650688501,0.5769238389632838,0.738388086622072,0,1.812420129776001,0.18758583068847656,0
A211122-A211109_1,3,4,DT,0.7524149359908775,0.58682892406225,0.6093767456206189,0.58682892406225,0.5767016285879257,0.7383734076717313,0,1.7187535762786865,0.1406230926513672,0
A211122-A211109_1,4,5,DT,0.7524874804186721,0.5870776046577117,0.6096696274548277,0.5870776046577117,0.5769180675844667,0.7384504569237091,0,1.7187492847442627,0.20313501358032227,0
