Dataset,T,CV,ML,Acc,b_Acc,Prec,Rec,F1,kap,ROC,tra-T,test-T,Al-Time
results/vs_1,0,1,DT,0.7140117295271691,0.5798160929652013,0.595040247240132,0.5798160929652013,0.5612888161903244,0.6977914953037587,0,1.8180150985717773,0.1993408203125,0
