Dataset,T,CV,ML,Acc,b_Acc,Prec,Rec,F1,kap,ROC,tra-T,test-T,Al-Time
A211123-A211115_1,0,1,DT,0.8118632121599032,0.8334598957795851,0.8212079986426583,0.8334598957795851,0.8147052665441448,0.7968845090976111,0,1.5215518474578857,0.23000049591064453,0
A211123-A211115_1,1,2,DT,0.8117377458125606,0.8329851512233445,0.8102369547658677,0.8329851512233445,0.8064805944229605,0.7967753878706038,0,1.6778090000152588,0.21327829360961914,0
A211123-A211115_1,2,3,DT,0.8117100694124115,0.8329603175916205,0.8068776575622716,0.8329603175916205,0.8067010668491437,0.7967400768874817,0,1.5715560913085938,0.22453546524047852,0
A211123-A211115_1,3,4,DT,0.8118576768798733,0.833492012794366,0.8131876702129234,0.833492012794366,0.8082097471943136,0.7968934316141612,0,1.540008544921875,0.21594643592834473,0
A211123-A211115_1,4,5,DT,0.8118410710397839,0.8334656659614698,0.8215072863429554,0.8334656659614698,0.8126827793104323,0.7968558696172294,0,1.6352403163909912,0.2142033576965332,0
