Dataset,T,CV,ML,Acc,b_Acc,Prec,Rec,F1,kap,ROC,tra-T,test-T,Al-Time
A211122-A211223_1,0,1,DT,0.7174795799299883,0.713887832301752,0.7043507111240064,0.713887832301752,0.6755862778261331,0.7019172885468545,0,1.6416525840759277,0.15772557258605957,0
A211122-A211223_1,1,2,DT,0.7174671334111241,0.7138109647610024,0.704566220470266,0.7138109647610024,0.6756249246056397,0.701899631535567,0,1.6416561603546143,0.14149069786071777,0
A211122-A211223_1,2,3,DT,0.7174764683002722,0.7138808256323943,0.7052233656732916,0.7138808256323943,0.6757940116824773,0.7019094753455426,0,1.5930311679840088,0.1267552375793457,0
A211122-A211223_1,3,4,DT,0.7174422403733955,0.7138643279227869,0.7082269137387754,0.7138643279227869,0.6770018722363775,0.7018725067155551,0,1.5797202587127686,0.12568402290344238,0
A211122-A211223_1,4,5,DT,0.7174920264488526,0.7139800180265847,0.7086366844070622,0.7139800180265847,0.6774045661483424,0.7019206086597936,0,1.5619590282440186,0.12666988372802734,0
