Dataset,T,CV,ML,Acc,b_Acc,Prec,Rec,F1,kap,ROC,tra-T,test-T,Al-Time
results/vs_1,0,1,DT,0.6532314010919995,0.5730688495411335,0.5820153588578274,0.5730688495411335,0.5402465913464587,0.6388843940755505,0,1.6074185371398926,0.18218469619750977,0
