Dataset,T,CV,ML,Acc,b_Acc,Prec,Rec,F1,kap,ROC,tra-T,test-T,Al-Time
A211110-A211208_1,0,1,DT,0.7638081395348837,0.7065014158201033,0.6580548768363552,0.7065014158201033,0.6369925115783736,0.7435690011343898,0,1.900780200958252,0.16160368919372559,0
A211110-A211208_1,1,2,DT,0.7639166464793282,0.7062292117274888,0.6578640102459745,0.7062292117274888,0.6355662270617153,0.7436858674604598,0,1.8179805278778076,0.16583895683288574,0
A211110-A211208_1,2,3,DT,0.763694585755814,0.705975543862826,0.655477435800006,0.705975543862826,0.6342658307523841,0.7434477031454653,0,1.77876615524292,0.17030644416809082,0
A211110-A211208_1,3,4,DT,0.7637829053617571,0.7060338728948952,0.6562474998702134,0.7060338728948952,0.63465478812985,0.7435421336184733,0,1.8309059143066406,0.1708993911743164,0
A211110-A211208_1,4,5,DT,0.7639090762273901,0.7065218191456007,0.660093683158387,0.7065218191456007,0.6380293234674185,0.7436740030080442,0,1.857931137084961,0.16049575805664062,0
