Dataset,T,CV,ML,Acc,b_Acc,Prec,Rec,F1,kap,ROC,tra-T,test-T,Al-Time
A211225-A211118_1,0,1,DT,0.5625907690656042,0.5132319845163222,0.510788046264283,0.5132319845163222,0.4640085946644491,0.545657987672945,0,1.6260249614715576,0.16999077796936035,0
A211225-A211118_1,1,2,DT,0.562572876190249,0.5131295309658453,0.511311019084026,0.5131295309658453,0.4638901112690263,0.5457363117225079,0,1.567598581314087,0.158843994140625,0
A211225-A211118_1,2,3,DT,0.5627667156732642,0.5133144844670396,0.4935825669100199,0.5133144844670396,0.4541358330263817,0.5471063828378535,0,1.5876007080078125,0.16239666938781738,0
A211225-A211118_1,3,4,DT,0.5625520011690012,0.5131846686282766,0.5079147879436319,0.5131846686282766,0.45902885947588273,0.5457084161298924,0,1.518892526626587,0.146531343460083,0
A211225-A211118_1,4,5,DT,0.5625579654607863,0.5131175899707104,0.4936912813088855,0.5131175899707104,0.45810322566155987,0.545753433093878,0,1.5543158054351807,0.16164898872375488,0
