Dataset,T,CV,ML,Acc,b_Acc,Prec,Rec,F1,kap,ROC,tra-T,test-T,Al-Time
A211208-A211223_1,0,1,DT,0.7230774017891871,0.6704988909405835,0.7045688058565097,0.6704988909405835,0.6603402466693278,0.7078609084085703,0,1.5358400344848633,0.15498733520507812,0
A211208-A211223_1,1,2,DT,0.7229187086736678,0.6698962818852274,0.7021379396708585,0.6698962818852274,0.659301511204723,0.7076940743464153,0,1.3235633373260498,0.14147543907165527,0
A211208-A211223_1,2,3,DT,0.7230525087514585,0.6703742649537201,0.7042406309334066,0.6703742649537201,0.6602460797290998,0.7078346424942749,0,1.4591143131256104,0.13398122787475586,0
A211208-A211223_1,3,4,DT,0.7230774017891871,0.6703955775574854,0.7045969649682816,0.6703955775574854,0.6603278241191547,0.7078605687888002,0,1.5086338520050049,0.13112974166870117,0
A211208-A211223_1,4,5,DT,0.7230898483080513,0.6705096753807483,0.7047555011323655,0.6705096753807483,0.66016770845757,0.7078739135982817,0,1.4203441143035889,0.1423189640045166,0
