Dataset,T,CV,ML,Acc,b_Acc,Prec,Rec,F1,kap,ROC,tra-T,test-T,Al-Time
results/vs_1,0,1,DT,0.5827983715840503,0.5591635878701712,0.5150662986603659,0.5591635878701712,0.4994138226333496,0.5662491610286157,0,1.5913560390472412,0.19737553596496582,0
