Dataset,T,CV,ML,Acc,b_Acc,Prec,Rec,F1,kap,ROC,tra-T,test-T,Al-Time
A211118-A211206_1,0,1,DT,0.7949630590826224,0.7127300926917212,0.7166654583840381,0.7127300926917212,0.6907296217880371,0.7811466159580417,0,1.1987392902374268,0.1882023811340332,0
A211118-A211206_1,1,2,DT,0.7949265065360522,0.7121636160182158,0.7112656763032622,0.7121636160182158,0.6866070813385543,0.7811424296906269,0,1.1938681602478027,0.18790817260742188,0
A211118-A211206_1,2,3,DT,0.795161813554598,0.7129712807030458,0.711316704579692,0.7129712807030458,0.6872890581920008,0.781391617585983,0,1.207549810409546,0.18799805641174316,0
A211118-A211206_1,3,4,DT,0.7952257805110959,0.7130953664413782,0.7181387197963967,0.7130953664413782,0.6916367100369774,0.7814249084602867,0,1.1924946308135986,0.20427346229553223,0
A211118-A211206_1,4,5,DT,0.795111553803064,0.7129818622309128,0.716990481496769,0.7129818622309128,0.6910712739809977,0.7813141898357033,0,1.2388696670532227,0.17264866828918457,0
