Dataset,T,CV,ML,Acc,b_Acc,Prec,Rec,F1,kap,ROC,tra-T,test-T,Al-Time
A211122-A211225_1,0,1,DT,0.6296941100348469,0.5588582454038722,0.5507931608373003,0.5588582454038722,0.5248904814571764,0.6150246750453094,0,1.7656259536743164,0.1561729907989502,0
A211122-A211225_1,1,2,DT,0.62993812013522,0.5590454623196816,0.5508888396755927,0.5590454623196816,0.5249874209893095,0.6152786371103485,0,1.718848466873169,0.18094754219055176,0
A211122-A211225_1,2,3,DT,0.6298860280913201,0.5590002369338286,0.5457155234546528,0.5590002369338286,0.5224052410075197,0.6152472670505075,0,1.6406338214874268,0.15625762939453125,0
A211122-A211225_1,3,4,DT,0.6298229693013361,0.5589511745242568,0.5508262768632494,0.5589511745242568,0.5249488453491497,0.6151593182383019,0,1.593750238418579,0.15616273880004883,0
A211122-A211225_1,4,5,DT,0.629762652197873,0.5589364082217297,0.5501288331500332,0.5589364082217297,0.5245575244298571,0.6150992922827228,0,1.750006914138794,0.15625452995300293,0
