Dataset,T,CV,ML,Acc,b_Acc,Prec,Rec,F1,kap,ROC,tra-T,test-T,Al-Time
A211206-A211206_1,0,1,DT,0.9418426138726053,0.9143584500158607,0.9192981512291553,0.9143584500158607,0.9142745484689596,0.9383627604304698,0,1.9259443283081055,0.20312023162841797,0
A211206-A211206_1,1,2,DT,0.9418426138726053,0.9143584500158607,0.9192981512291553,0.9143584500158607,0.9142745484689596,0.9383627604304698,0,1.8906445503234863,0.18748855590820312,0
A211206-A211206_1,2,3,DT,0.9418426138726053,0.9143584500158607,0.9192981512291553,0.9143584500158607,0.9142745484689596,0.9383627604304698,0,1.781254529953003,0.20312809944152832,0
A211206-A211206_1,3,4,DT,0.9418426138726053,0.9143584500158607,0.9192981512291553,0.9143584500158607,0.9142745484689596,0.9383627604304698,0,1.9863343238830566,0.1718754768371582,0
A211206-A211206_1,4,5,DT,0.9418426138726053,0.9143584500158607,0.9192981512291553,0.9143584500158607,0.9142745484689596,0.9383627604304698,0,1.9218788146972656,0.2030782699584961,0
