Dataset,T,CV,ML,Acc,b_Acc,Prec,Rec,F1,kap,ROC,tra-T,test-T,Al-Time
A211116-A211105_1,0,1,DT,0.7138667981037614,0.66935017387879,0.6185970940269178,0.66935017387879,0.6093750384534267,0.6993039135872172,0,1.8483741283416748,0.15082621574401855,0
A211116-A211105_1,1,2,DT,0.7138778742634354,0.6691713971213624,0.6155186838668187,0.6691713971213624,0.6075629649798562,0.6992802787011503,0,1.8616082668304443,0.15540742874145508,0
A211116-A211105_1,2,3,DT,0.7138972575428647,0.669252227382472,0.6188285745101765,0.669252227382472,0.6094644810054425,0.6993350448320651,0,1.9489727020263672,0.15550470352172852,0
A211116-A211105_1,3,4,DT,0.7138197244251473,0.6692872488558741,0.6140244207035729,0.6692872488558741,0.6065471787999669,0.6992792879124394,0,1.907132863998413,0.15155553817749023,0
A211116-A211105_1,4,5,DT,0.71386956714368,0.6691830739632326,0.6190029753112075,0.6691830739632326,0.6096295829722514,0.6992931449064939,0,1.8933534622192383,0.1557445526123047,0
