Dataset,T,CV,ML,Acc,b_Acc,Prec,Rec,F1,kap,ROC,tra-T,test-T,Al-Time
results/vs_1,0,1,DT,0.6522556614098269,0.5771967278192911,0.5884146159582861,0.5771967278192911,0.5531301307773973,0.6383536469520975,0,1.2540249824523926,0.1948847770690918,0
