Dataset,T,CV,ML,Acc,b_Acc,Prec,Rec,F1,kap,ROC,tra-T,test-T,Al-Time
A211117-A211125_1,0,1,DT,0.7623536670169769,0.7879497738841909,0.7620072539027379,0.7879497738841909,0.7579618450914085,0.7525019015400494,0,1.910693883895874,0.20256638526916504,0
A211117-A211125_1,1,2,DT,0.7623798095775886,0.787928296873686,0.74166240197824,0.787928296873686,0.7385190359197574,0.7533232099638126,0,1.925126314163208,0.19612765312194824,0
A211117-A211125_1,2,3,DT,0.7622072686775524,0.7876304940909676,0.7400474662027686,0.7876304940909676,0.7379528836775892,0.7531215552854974,0,1.9982898235321045,0.18518638610839844,0
A211117-A211125_1,3,4,DT,0.7623693525533439,0.7877146333114426,0.7488037045530823,0.7877146333114426,0.7420111728610114,0.7530787264008272,0,1.8475620746612549,0.18835854530334473,0
A211117-A211125_1,4,5,DT,0.7623536670169769,0.7879256276398966,0.748756024408146,0.7879256276398966,0.7420289131877288,0.7530649968092937,0,1.8246488571166992,0.19515085220336914,0
