Dataset,T,CV,ML,Acc,b_Acc,Prec,Rec,F1,kap,ROC,tra-T,test-T,Al-Time
results/vs_1,0,1,DT,0.6684883269437614,0.5580614869299065,0.567485180117918,0.5580614869299065,0.5349678228626541,0.6537435401580327,0,1.8099067211151123,0.23308515548706055,0
