Dataset,T,CV,ML,Acc,b_Acc,Prec,Rec,F1,kap,ROC,tra-T,test-T,Al-Time
A211125-A211206_1,0,1,DT,0.827318916399757,0.7319082827201246,0.7509041131400733,0.7319082827201246,0.7246171952503099,0.815451223626645,0,1.2964131832122803,0.17378783226013184,0
A211125-A211206_1,1,2,DT,0.8272092587600463,0.7318365538717425,0.7553165386231064,0.7318365538717425,0.724481767844421,0.8153340459079766,0,1.3159534931182861,0.1785564422607422,0
A211125-A211206_1,2,3,DT,0.8272572339774197,0.7318548914294924,0.7477260619823765,0.7318548914294924,0.7230908882667842,0.8153888096288308,0,1.3443124294281006,0.19195175170898438,0
A211125-A211206_1,3,4,DT,0.8268323106235408,0.731640281677602,0.7540693026349513,0.731640281677602,0.723824442524988,0.8149348093160237,0,1.4212281703948975,0.18047809600830078,0
A211125-A211206_1,4,5,DT,0.8273851678904155,0.7319926230241961,0.7483221755254256,0.7319926230241961,0.7233803307367133,0.8155238156473542,0,1.2850959300994873,0.15889906883239746,0
