Dataset,T,CV,ML,Acc,b_Acc,Prec,Rec,F1,kap,ROC,tra-T,test-T,Al-Time
A211108-I211112_1,0,1,DT,0.5790020363254179,0.5224943702831905,0.49493114362442275,0.5224943702831905,0.45629882177356645,0.560246359264281,0,2.09375262260437,0.23437118530273438,0
A211108-I211112_1,1,2,DT,0.5780085065852136,0.5217586260837527,0.5097759714554876,0.5217586260837527,0.4668301748256322,0.5591124570318897,0,1.9843909740447998,0.2187671661376953,0
A211108-I211112_1,2,3,DT,0.5790779879791113,0.5225599874759214,0.5116915737170737,0.5225599874759214,0.4681276858027829,0.560197097137767,0,2.0468828678131104,0.18751025199890137,0
A211108-I211112_1,3,4,DT,0.5790287220415804,0.522501340673192,0.5112450669915795,0.522501340673192,0.4685946345926924,0.5600662926314548,0,2.1562535762786865,0.21874022483825684,0
A211108-I211112_1,4,5,DT,0.5782733109994417,0.522195722832094,0.5102612247779023,0.522195722832094,0.46962974819858216,0.5594314482030034,0,1.6249964237213135,0.23437786102294922,0
