Dataset,T,CV,ML,Acc,b_Acc,Prec,Rec,F1,kap,ROC,tra-T,test-T,Al-Time
A211105-I211102_1,0,1,DT,0.7303700938884179,0.79832858316445,0.8474746355516207,0.79832858316445,0.792069708277009,0.7151432614517996,0,1.3211822509765625,0.20619940757751465,0
A211105-I211102_1,1,2,DT,0.7287023782815779,0.7941248626113562,0.8474211949458088,0.7941248626113562,0.7889618247708082,0.7132657297978766,0,1.553067922592163,0.21446585655212402,0
A211105-I211102_1,2,3,DT,0.7286626707671293,0.7940192074590248,0.8467216499107749,0.7940192074590248,0.7886177000034809,0.7132230007266406,0,1.4250104427337646,0.20528197288513184,0
A211105-I211102_1,3,4,DT,0.7287738518075854,0.7941963130513717,0.8477593218748521,0.7941963130513717,0.7891765482437685,0.7133389835768792,0,1.4602680206298828,0.2183241844177246,0
A211105-I211102_1,4,5,DT,0.7304018598999767,0.7983533060469263,0.848010703833348,0.7983533060469263,0.7924303773914001,0.7151741980212012,0,1.6925508975982666,0.27558135986328125,0
