Dataset,T,CV,ML,Acc,b_Acc,Prec,Rec,F1,kap,ROC,tra-T,test-T,Al-Time
results/vs_1,0,1,DT,0.6152763407063233,0.5663333878506476,0.5383026786163981,0.5663333878506476,0.5067318789666642,0.5916860014198557,0,2.0794599056243896,0.2222604751586914,0
