Dataset,T,CV,ML,Acc,b_Acc,Prec,Rec,F1,kap,ROC,tra-T,test-T,Al-Time
A211125-A211112_1,0,1,DT,0.6762336915379002,0.760202005157056,0.7206353976604123,0.760202005157056,0.7139450366511733,0.6597508566823626,0,1.266841173171997,0.1706676483154297,0
A211125-A211112_1,1,2,DT,0.6773476342357785,0.7609055754264098,0.7213071493503919,0.7609055754264098,0.7143180055463921,0.6609012492406261,0,1.256760597229004,0.17832326889038086,0
A211125-A211112_1,2,3,DT,0.6787298325221254,0.7633033694136405,0.7251068865388443,0.7633033694136405,0.7178253639187242,0.6623538239766851,0,1.3204116821289062,0.17850160598754883,0
A211125-A211112_1,3,4,DT,0.6775522359557969,0.7625850953443509,0.7224359237713021,0.7625850953443509,0.716121674857568,0.6612166372866828,0,1.2742414474487305,0.1509554386138916,0
A211125-A211112_1,4,5,DT,0.6787502926941272,0.7633327817538693,0.7252400117235254,0.7633327817538693,0.7178963022971944,0.6623752103429332,0,1.2508389949798584,0.17670750617980957,0
