Dataset,T,CV,ML,Acc,b_Acc,Prec,Rec,F1,kap,ROC,tra-T,test-T,Al-Time
A211118-A211105_1,0,1,DT,0.7956227016968677,0.7266361640704309,0.7307885365031628,0.7266361640704309,0.7104635709285112,0.7843024092929269,0,1.211554765701294,0.15758323669433594,0
A211118-A211105_1,1,2,DT,0.7957002348145851,0.7264980837099331,0.7306347110157193,0.7264980837099331,0.7102530683666222,0.7843838108742752,0,1.2569611072540283,0.18898653984069824,0
A211118-A211105_1,2,3,DT,0.7956033184174383,0.7264919774878809,0.7287224930576064,0.7264919774878809,0.7089436256384695,0.7842841934283287,0,1.1792924404144287,0.15671896934509277,0
A211118-A211105_1,3,4,DT,0.7956559301758894,0.7264630774485037,0.7287840361340078,0.7264630774485037,0.708845701828822,0.7843396673565131,0,1.1794018745422363,0.15686655044555664,0
A211118-A211105_1,4,5,DT,0.7957943821718134,0.7268445208527841,0.7300977632592403,0.7268445208527841,0.7105732863555496,0.7844835046495818,0,1.1629881858825684,0.15723872184753418,0
