Dataset,T,CV,ML,Acc,b_Acc,Prec,Rec,F1,kap,ROC,tra-T,test-T,Al-Time
A211102-I211112_1,0,1,DT,0.6623517916379282,0.6510328245639244,0.6307659231972788,0.6510328245639244,0.6023048838247992,0.6440177011928038,0,1.2347946166992188,0.20362138748168945,0
A211102-I211112_1,1,2,DT,0.6621793608565705,0.650840691719013,0.6302773340570706,0.650840691719013,0.6068944394366361,0.6436213787822693,0,1.2837512493133545,0.17155766487121582,0
A211102-I211112_1,2,3,DT,0.662364108122311,0.651039582914858,0.630897353162808,0.651039582914858,0.6072558486090731,0.6438130053995038,0,1.244236707687378,0.22991204261779785,0
A211102-I211112_1,3,4,DT,0.6621690971195848,0.6508457866390926,0.6295206379840449,0.6508457866390926,0.6016633144359823,0.6438501487200479,0,1.5672369003295898,0.23748397827148438,0
A211102-I211112_1,4,5,DT,0.6623435806483398,0.6509229199460957,0.6303989080647766,0.6509229199460957,0.6070948472035813,0.6437896157299291,0,1.430154800415039,0.24963140487670898,0
