Dataset,T,CV,ML,Acc,b_Acc,Prec,Rec,F1,kap,ROC,tra-T,test-T,Al-Time
A211122-A211208_1,0,1,DT,0.7775809512273901,0.5630038112487588,0.5648543429865103,0.5630038112487588,0.5450447333731706,0.7584285912463395,0,1.721238136291504,0.17187762260437012,0
A211122-A211208_1,1,2,DT,0.7776263727390181,0.5630763431109902,0.5651542109756952,0.5630763431109902,0.5452568730517658,0.7584779999208286,0,1.734445333480835,0.1875009536743164,0
A211122-A211208_1,2,3,DT,0.777702075258398,0.5637166024934155,0.5660874452122823,0.5637166024934155,0.5459170636193512,0.758560627953133,0,1.7344732284545898,0.18741488456726074,0
A211122-A211208_1,3,4,DT,0.7777172157622739,0.5633980060665146,0.5670059299976843,0.5633980060665146,0.5459976083980355,0.758576357619477,0,1.7030439376831055,0.17196273803710938,0
A211122-A211208_1,4,5,DT,0.7776919815891473,0.563122181995639,0.5654266688823831,0.563122181995639,0.5453883872834137,0.7585488490073152,0,1.7499110698699951,0.1718916893005371,0
