Dataset,T,CV,ML,Acc,b_Acc,Prec,Rec,F1,kap,ROC,tra-T,test-T,Al-Time
A211206-A211108_1,0,1,DT,0.7807535214102124,0.5809383572907706,0.5703444910156965,0.5809383572907706,0.560967163382729,0.7634716413663092,0,1.9218807220458984,0.23427271842956543,0
A211206-A211108_1,1,2,DT,0.7807841882021018,0.5810014607215409,0.5704509006672479,0.5810014607215409,0.5610101534873816,0.7635055996542359,0,1.8125054836273193,0.2187509536743164,0
A211206-A211108_1,2,3,DT,0.7807688548061571,0.5809655758416653,0.5706401682172763,0.5809655758416653,0.5611292868379326,0.7634879226539619,0,1.8296654224395752,0.218764066696167,0
A211206-A211108_1,3,4,DT,0.7807669381316641,0.5810828099620875,0.5706857506021263,0.5810828099620875,0.5612187583739472,0.7634870600244786,0,1.8906340599060059,0.21875405311584473,0
A211206-A211108_1,4,5,DT,0.7807458547122401,0.5809412473217421,0.5708068027856518,0.5809412473217421,0.5613003150451157,0.7634612986346343,0,1.859372854232788,0.21865534782409668,0
