Dataset,T,CV,ML,Acc,b_Acc,Prec,Rec,F1,kap,ROC,tra-T,test-T,Al-Time
A211117-A211125_1,0,1,DT,0.7623013818957539,0.7878463721835813,0.7412658690210204,0.7878463721835813,0.7382852768338889,0.7532436772855312,0,2.015631675720215,0.1718308925628662,0
A211117-A211125_1,1,2,DT,0.762319681688182,0.787960121281768,0.7411463769974846,0.787960121281768,0.7382178881011271,0.7532635331343835,0,1.9687354564666748,0.17188787460327148,0
A211117-A211125_1,2,3,DT,0.7623798095775886,0.7878620974919468,0.7409508583905559,0.7878620974919468,0.7385289703806804,0.7533000759011317,0,1.781249761581421,0.1718885898590088,0
A211117-A211125_1,3,4,DT,0.7624869940760958,0.7879752568105028,0.7516529010503316,0.7879752568105028,0.742850544782634,0.7532047675304875,0,1.9687440395355225,0.18746423721313477,0
A211117-A211125_1,4,5,DT,0.7624320946988116,0.7880573001319192,0.7415499069307088,0.7880573001319192,0.7384068266276128,0.7533783608929763,0,1.9374957084655762,0.18751811981201172,0
