Dataset,T,CV,ML,Acc,b_Acc,Prec,Rec,F1,kap,ROC,tra-T,test-T,Al-Time
A211228-I211110_1,0,1,DT,0.6384355951209367,0.6457359800358863,0.6153154652804246,0.6457359800358863,0.6002423907816471,0.6195247864281898,0,1.6443800926208496,0.22417783737182617,0
A211228-I211110_1,1,2,DT,0.6379831947187077,0.6453242432337245,0.6147114659354085,0.6453242432337245,0.5997861342095235,0.619056080497488,0,1.4008944034576416,0.207977294921875,0
A211228-I211110_1,2,3,DT,0.6373163865429105,0.6438416718279221,0.6147932541409691,0.6438416718279221,0.5991057720916747,0.6183442550680456,0,1.3208043575286865,0.18782997131347656,0
A211228-I211110_1,3,4,DT,0.6380003473405932,0.6455608979743509,0.6149569939622156,0.6455608979743509,0.5999796812991922,0.6190727724910665,0,1.3601882457733154,0.17955231666564941,0
A211228-I211110_1,4,5,DT,0.6379831947187077,0.6453741969474078,0.6155723061903599,0.6453741969474078,0.6001652134212374,0.6190516190377205,0,1.304417371749878,0.18386292457580566,0
