Dataset,T,CV,ML,Acc,b_Acc,Prec,Rec,F1,kap,ROC,tra-T,test-T,Al-Time
A211112-I211110_1,0,1,DT,0.9027617865313324,0.8889354518192845,0.9085952340098183,0.8889354518192845,0.8909668589569194,0.897119353800184,0,1.59718656539917,0.20087933540344238,0
A211112-I211110_1,1,2,DT,0.9026845997328479,0.8885930757986772,0.9085247549991285,0.8885930757986772,0.8907382857470869,0.8970374707725722,0,1.5367226600646973,0.18588805198669434,0
A211112-I211110_1,2,3,DT,0.9016318575646278,0.8867560885899434,0.9076258605469381,0.8867560885899434,0.8893746130314196,0.8959210154459243,0,1.5618548393249512,0.20604705810546875,0
A211112-I211110_1,3,4,DT,0.902744633909447,0.8888921583995059,0.9053127745612645,0.8888921583995059,0.8891624297690893,0.8971027242997518,0,1.5382955074310303,0.185194730758667,0
A211112-I211110_1,4,5,DT,0.9026417181781342,0.8885413271225615,0.9047969804802816,0.8885413271225615,0.8886846791393631,0.8969940248323591,0,1.5592026710510254,0.20018863677978516,0
