Dataset,T,CV,ML,Acc,b_Acc,Prec,Rec,F1,kap,ROC,tra-T,test-T,Al-Time
results/vs_1,0,1,DT,0.7397070233783609,0.7163015972234582,0.7158469774588417,0.7163015972234582,0.6901220380175185,0.7296382149806377,0,1.5665562152862549,0.17613697052001953,0
