Dataset,T,CV,ML,Acc,b_Acc,Prec,Rec,F1,kap,ROC,tra-T,test-T,Al-Time
results/vs_1,0,1,DT,0.828033497595323,0.7812500258454632,0.8155914766152313,0.7812500258454632,0.7681857769153745,0.821017921605313,0,1.2550606727600098,0.18702363967895508,0
