Dataset,T,CV,ML,Acc,b_Acc,Prec,Rec,F1,kap,ROC,tra-T,test-T,Al-Time
results/vs_1,0,1,DT,0.5990130958849426,0.5686351073533725,0.5598179930084438,0.5686351073533725,0.5275092068696455,0.5839311872065458,0,1.7398278713226318,0.20442414283752441,0
