Dataset,T,CV,ML,Acc,b_Acc,Prec,Rec,F1,kap,ROC,tra-T,test-T,Al-Time
A211102-A211225_1,0,1,DT,0.7040102648743348,0.6519646752526462,0.6575695080767089,0.6519646752526462,0.6297072342987452,0.6887804493641048,0,1.4245855808258057,0.15045571327209473,0
A211102-A211225_1,1,2,DT,0.7039883313821664,0.6520659540375605,0.6587475896633834,0.6520659540375605,0.6296524627060056,0.6888367874885053,0,1.4958527088165283,0.15700316429138184,0
A211102-A211225_1,2,3,DT,0.7039965564417295,0.652021076880649,0.6561102133201013,0.652021076880649,0.6299708730284441,0.6887205913546901,0,1.438356876373291,0.16161346435546875,0
A211102-A211225_1,3,4,DT,0.7039883313821664,0.6519881531745656,0.6575980286785011,0.6519881531745656,0.6297477493133188,0.6887582107748838,0,1.4620296955108643,0.15765929222106934,0
A211102-A211225_1,4,5,DT,0.7041034822160503,0.6521361740297134,0.6592992202218734,0.6521361740297134,0.6313113736019347,0.6887566619128371,0,1.448284387588501,0.1564497947692871,0
