Dataset,T,CV,ML,Acc,b_Acc,Prec,Rec,F1,kap,ROC,tra-T,test-T,Al-Time
A211118-I211122_1,0,1,DT,0.8489777428669615,0.8335531890189881,0.8468857013953284,0.8335531890189881,0.813682569221849,0.8423960556823551,0,1.3260018825531006,0.20368552207946777,0
A211118-I211122_1,1,2,DT,0.8487612858883439,0.833458506789106,0.8467497413996603,0.833458506789106,0.8136366609115417,0.8421700719069021,0,1.3496901988983154,0.20570039749145508,0
A211118-I211122_1,2,3,DT,0.8769096191696085,0.8511088205777901,0.8648133575779366,0.8511088205777901,0.8423522611757172,0.8714295437803311,0,1.271116018295288,0.19935965538024902,0
A211118-I211122_1,3,4,DT,0.8769988797793478,0.8510845134643619,0.8647961158925408,0.8510845134643619,0.8422854118794846,0.8715228376793107,0,1.2938625812530518,0.2007737159729004,0
A211118-I211122_1,4,5,DT,0.8769006931086346,0.8511018006820964,0.8575345761161873,0.8511018006820964,0.8368774716097566,0.8714431963666083,0,1.2899718284606934,0.20472025871276855,0
