Dataset,T,CV,ML,Acc,b_Acc,Prec,Rec,F1,kap,ROC,tra-T,test-T,Al-Time
A211108-A211125_1,0,1,DT,0.6662509999529433,0.5642361849458268,0.5564118799769036,0.5642361849458268,0.5211698882135318,0.6517642041507925,0,1.9531188011169434,0.1875002384185791,0
A211108-A211125_1,1,2,DT,0.6657778196058748,0.5640067344803464,0.5579357422529652,0.5640067344803464,0.5192652792373756,0.6516027473148978,0,2.140915870666504,0.17188000679016113,0
A211108-A211125_1,2,3,DT,0.665730762996774,0.5633535904944037,0.5231812936484648,0.5633535904944037,0.49347790870676755,0.6517213015627594,0,2.12727689743042,0.17186737060546875,0
A211108-A211125_1,3,4,DT,0.6656654065952452,0.5632977714548414,0.5694844425554821,0.5632977714548414,0.5303123580507584,0.6511216125727504,0,2.1406307220458984,0.17188811302185059,0
A211108-A211125_1,4,5,DT,0.6663268133787168,0.5643871092070324,0.5237038121074153,0.5643871092070324,0.4943186845807014,0.652352187611092,0,2.187509298324585,0.17186689376831055,0
