Dataset,T,CV,ML,Acc,b_Acc,Prec,Rec,F1,kap,ROC,tra-T,test-T,Al-Time
A211207-A211207_1,0,1,DT,0.9927271497972038,0.9303873735371724,0.9426834136465073,0.9303873735371724,0.9356181876115582,0.9851535404525132,0,5.912311553955078,0.8566453456878662,0
A211207-A211207_1,1,2,DT,0.9927271497972038,0.9303873735371724,0.9426834136465073,0.9303873735371724,0.9356181876115582,0.9851535404525132,0,5.861449241638184,0.8333017826080322,0
A211207-A211207_1,2,3,DT,0.9927271497972038,0.9303873735371724,0.9426834136465073,0.9303873735371724,0.9356181876115582,0.9851535404525132,0,5.643680095672607,0.8051419258117676,0
A211207-A211207_1,3,4,DT,0.9927271497972038,0.9303873735371724,0.9426834136465073,0.9303873735371724,0.9356181876115582,0.9851535404525132,0,5.963762283325195,0.9205396175384521,0
A211207-A211207_1,4,5,DT,0.9927271497972038,0.9303873735371724,0.9426834136465073,0.9303873735371724,0.9356181876115582,0.9851535404525132,0,5.457278490066528,0.8307235240936279,0
