Dataset,T,CV,ML,Acc,b_Acc,Prec,Rec,F1,kap,ROC,tra-T,test-T,Al-Time
A211108-A211117_1,0,1,DT,0.5471260600235204,0.5286714072357492,0.544640210858259,0.5286714072357492,0.48473801186053767,0.527387232999005,0,2.1406166553497314,0.20312714576721191,0
A211108-A211117_1,1,2,DT,0.5470928391244743,0.5286668844312569,0.5307473179356967,0.5286668844312569,0.4742934903065238,0.5273830486759469,0,2.062502384185791,0.20313143730163574,0
A211108-A211117_1,2,3,DT,0.5471349189299327,0.5286663944541591,0.5162914687098266,0.5286663944541591,0.46201969302938295,0.5275144479309086,0,2.1249990463256836,0.20314311981201172,0
A211108-A211117_1,3,4,DT,0.5471504220161543,0.5294499905454118,0.5308819832926747,0.5294499905454118,0.4741733420918855,0.5274726139769617,0,2.1562530994415283,0.20313072204589844,0
A211108-A211117_1,4,5,DT,0.5471282747501235,0.5286659396398564,0.5162598324646501,0.5286659396398564,0.46212716047568597,0.5275033543714202,0,2.15627384185791,0.18747949600219727,0
