Dataset,T,CV,ML,Acc,b_Acc,Prec,Rec,F1,kap,ROC,tra-T,test-T,Al-Time
A211122-A211116_1,0,1,DT,0.742879175370439,0.823596888113031,0.8035980886736622,0.823596888113031,0.7986031961883128,0.7270888336800931,0,1.6405391693115234,0.21886110305786133,0
A211122-A211116_1,1,2,DT,0.7428869843624935,0.8235949729092787,0.8034736458343644,0.8235949729092787,0.7985598470995438,0.7270975891875363,0,1.7189204692840576,0.21866488456726074,0
A211122-A211116_1,2,3,DT,0.7429201725787244,0.8236465553026369,0.8035244717987995,0.8236465553026369,0.7987277459035506,0.727128684491732,0,1.7343833446502686,0.2031536102294922,0
A211122-A211116_1,3,4,DT,0.7428694141303711,0.8235946342546678,0.8032195650900177,0.8235946342546678,0.798634614979317,0.7270746774934563,0,1.7343838214874268,0.21865510940551758,0
A211122-A211116_1,4,5,DT,0.7422076020537649,0.8224697290056608,0.803271945129378,0.8224697290056608,0.7972020182522703,0.726378026688886,0,1.609375,0.21865391731262207,0
