Dataset,T,CV,ML,Acc,b_Acc,Prec,Rec,F1,kap,ROC,tra-T,test-T,Al-Time
A211125-A211208_1,0,1,DT,0.850719678617571,0.7594687546312183,0.7405570296256219,0.7594687546312183,0.7270146600442087,0.8373227879486851,0,1.2775235176086426,0.14963650703430176,0
A211125-A211208_1,1,2,DT,0.8507070615310077,0.7596467732674789,0.7376977550195501,0.7596467732674789,0.7270827420128027,0.8373085888351464,0,1.2686200141906738,0.15261292457580566,0
A211125-A211208_1,2,3,DT,0.850749959625323,0.7595816926498948,0.7390765924476409,0.7595816926498948,0.7270789472939659,0.83735585490425,0,1.200746774673462,0.1395730972290039,0
A211125-A211208_1,3,4,DT,0.8507322957041343,0.7596824781175674,0.7398878344904961,0.7596824781175674,0.7271360670192504,0.8373366204888989,0,1.322187900543213,0.14214277267456055,0
A211125-A211208_1,4,5,DT,0.8506742571059431,0.7594752102410528,0.7390194204768405,0.7594752102410528,0.7270600139925912,0.8372730601089282,0,1.3354554176330566,0.15587544441223145,0
