Dataset,T,CV,ML,Acc,b_Acc,Prec,Rec,F1,kap,ROC,tra-T,test-T,Al-Time
A211109-A211125_1,0,1,DT,0.6858866772282611,0.5869627090390189,0.5846224430460387,0.5869627090390189,0.5549535435166413,0.6723266578811271,0,1.9430534839630127,0.19168853759765625,0
A211109-A211125_1,1,2,DT,0.6854945388190883,0.5866746560883714,0.5749585310715062,0.5866746560883714,0.5435814535055633,0.6722360747168541,0,1.8552100658416748,0.1836557388305664,0
A211109-A211125_1,2,3,DT,0.6857062935600416,0.5868500028939154,0.5708168107324133,0.5868500028939154,0.5451261272764052,0.6721338872955349,0,1.8964612483978271,0.1705770492553711,0
A211109-A211125_1,3,4,DT,0.6705148515886834,0.5649321601128611,0.5659162895331699,0.5649321601128611,0.5333808770637312,0.6562576592229132,0,1.7705941200256348,0.17557835578918457,0
A211109-A211125_1,4,5,DT,0.6855860377812286,0.5867531871245806,0.570679358385946,0.5867531871245806,0.5448258964868179,0.6720129292782149,0,1.9240214824676514,0.19768095016479492,0
