Dataset,T,CV,ML,Acc,b_Acc,Prec,Rec,F1,kap,ROC,tra-T,test-T,Al-Time
A211125-I211119_1,0,1,DT,0.8612953879013865,0.8334563095676968,0.8450830808326849,0.8334563095676968,0.8108718055205675,0.8550579529523169,0,1.7656235694885254,0.20302653312683105,0
A211125-I211119_1,1,2,DT,0.861336114831843,0.8335388936923289,0.8455933921660689,0.8335388936923289,0.8109462755372941,0.8551003679967099,0,1.6406264305114746,0.21874403953552246,0
A211125-I211119_1,2,3,DT,0.8613496904753285,0.8335386866444687,0.8454636980072717,0.8335386866444687,0.8109893143069248,0.855114818498689,0,1.734381914138794,0.21865057945251465,0
A211125-I211119_1,3,4,DT,0.8683388842631141,0.851018175577938,0.8546277223632345,0.851018175577938,0.8301233748302671,0.8624194782713855,0,1.7343800067901611,0.20312929153442383,0
A211125-I211119_1,4,5,DT,0.8683139955833906,0.8510860679204533,0.8550651506772725,0.8510860679204533,0.8302627874366096,0.8623936438189922,0,1.6406288146972656,0.2187511920928955,0
