Dataset,T,CV,ML,Acc,b_Acc,Prec,Rec,F1,kap,ROC,tra-T,test-T,Al-Time
A211228-A211208_1,0,1,DT,0.7913209584948321,0.594151326413146,0.5930918820211787,0.594151326413146,0.5735983790923309,0.7732882794480314,0,1.6634929180145264,0.20466303825378418,0
A211228-A211208_1,1,2,DT,0.7914218951873385,0.5943334709796035,0.5933123235055411,0.5943334709796035,0.5737841900900962,0.773398130470964,0,1.7161238193511963,0.20046496391296387,0
A211228-A211208_1,2,3,DT,0.7913840439276486,0.594293148093592,0.5931154103103736,0.594293148093592,0.5736639662183424,0.7733571806012454,0,1.67191481590271,0.1826484203338623,0
A211228-A211208_1,3,4,DT,0.7913865673449613,0.5942535954542482,0.5931821222380999,0.5942535954542482,0.5736868111872264,0.7733598143353309,0,1.6452298164367676,0.1900181770324707,0
A211228-A211208_1,4,5,DT,0.7913083414082688,0.5943217501609591,0.5932754357196486,0.5943217501609591,0.5737135150519439,0.7732745980082195,0,1.5752077102661133,0.1994173526763916,0
