Dataset,T,CV,ML,Acc,b_Acc,Prec,Rec,F1,kap,ROC,tra-T,test-T,Al-Time
A211206-I211112_1,0,1,DT,0.7042586297500575,0.614200488435455,0.5936212609698149,0.614200488435455,0.5796350944502746,0.690742123841523,0,1.8771278858184814,0.2191159725189209,0
A211206-I211112_1,1,2,DT,0.7043304759089566,0.6143471253980044,0.6065315688137436,0.6143471253980044,0.5945955231450084,0.6907461132831114,0,1.8764574527740479,0.24999547004699707,0
A211206-I211112_1,2,3,DT,0.704408480310047,0.614295833396981,0.6027083371263661,0.614295833396981,0.5888331702752824,0.6908486197605321,0,1.876155138015747,0.2499532699584961,0
A211206-I211112_1,3,4,DT,0.7042996846979998,0.6142555923550855,0.591905056911246,0.6142555923550855,0.5821897838917152,0.6908440544023315,0,1.9231233596801758,0.23503875732421875,0
A211206-I211112_1,4,5,DT,0.7045398561434624,0.6143863611706855,0.6056462902328623,0.6143863611706855,0.5906305665344238,0.6909452102409299,0,1.5467898845672607,0.23438286781311035,0
