Dataset,T,CV,ML,Acc,b_Acc,Prec,Rec,F1,kap,ROC,tra-T,test-T,Al-Time
A211125-A211225_1,0,1,DT,0.6290196551506694,0.5611765604696484,0.5576739280054318,0.5611765604696484,0.5223349288542302,0.6144094748927406,0,1.5584843158721924,0.14898681640625,0
A211125-A211225_1,1,2,DT,0.6066639432580557,0.5453641257545766,0.5384574406747507,0.5453641257545766,0.5003375808710032,0.5914765456391076,0,1.5411128997802734,0.15683364868164062,0
A211125-A211225_1,2,3,DT,0.6316845744491266,0.5631327909046965,0.5638076924247271,0.5631327909046965,0.5251068237921374,0.6171610943087903,0,1.490077018737793,0.1499941349029541,0
A211125-A211225_1,3,4,DT,0.6064034830385563,0.54521685183734,0.5415907257660697,0.54521685183734,0.5024107474559764,0.5910727619640742,0,1.6002850532531738,0.16185307502746582,0
A211125-A211225_1,4,5,DT,0.6063788078598669,0.5451638750001687,0.5423333016317752,0.5451638750001687,0.50236183992222,0.5910463002502464,0,1.4895873069763184,0.15835905075073242,0
