Dataset,T,CV,ML,Acc,b_Acc,Prec,Rec,F1,kap,ROC,tra-T,test-T,Al-Time
A211116-A211115_1,0,1,DT,0.9109373443202492,0.8506080358536476,0.8538752934906447,0.8506080358536476,0.8469802191496257,0.9031460332514281,0,2.1562414169311523,0.23439383506774902,0
A211116-A211115_1,1,2,DT,0.9110203735206964,0.8507210974052574,0.8551798244282032,0.8507210974052574,0.8478897339126487,0.9032272184383312,0,2.10937762260437,0.23439455032348633,0
A211116-A211115_1,2,3,DT,0.9112971375221872,0.8530476464259974,0.8568480972466755,0.8530476464259974,0.8500619929113462,0.9035345926550676,0,2.0781075954437256,0.2344057559967041,0
A211116-A211115_1,3,4,DT,0.9109594854403684,0.8505866745347234,0.854721967052632,0.8505866745347234,0.8482165103940514,0.9031592000157549,0,2.109381675720215,0.23437905311584473,0
A211116-A211115_1,4,5,DT,0.9112307141618294,0.8527899324501718,0.8559345005956555,0.8527899324501718,0.8495056474801184,0.9034558660403086,0,1.8792712688446045,0.2500030994415283,0
