Dataset,T,CV,ML,Acc,b_Acc,Prec,Rec,F1,kap,ROC,tra-T,test-T,Al-Time
A211123-A211108_1,0,1,DT,0.7475739692603744,0.5652386892631261,0.5636319763235297,0.5652386892631261,0.5341456882552709,0.7280471103225299,0,1.7187421321868896,0.20314311981201172,0
A211123-A211108_1,1,2,DT,0.7480071376958123,0.5657039471205235,0.5783823721752237,0.5657039471205235,0.5459186641393297,0.7266172893724081,0,1.7812573909759521,0.21870064735412598,0
A211123-A211108_1,2,3,DT,0.7477790534311348,0.5655657380427077,0.5783749836895534,0.5655657380427077,0.5460992614240279,0.7263735116534875,0,1.7343759536743164,0.20303750038146973,0
A211123-A211108_1,3,4,DT,0.7475643858879091,0.5652216338053376,0.5641645580977434,0.5652216338053376,0.5346332270791173,0.7280395915015967,0,1.7123973369598389,0.23429155349731445,0
A211123-A211108_1,4,5,DT,0.7476257194716879,0.565361618340463,0.5778399265433795,0.565361618340463,0.5456587977966855,0.7262050911854372,0,1.734365463256836,0.21871614456176758,0
