Dataset,T,CV,ML,Acc,b_Acc,Prec,Rec,F1,kap,ROC,tra-T,test-T,Al-Time
A211122-A211118_1,0,1,DT,0.8695251529095306,0.8359118425182189,0.8574313231469776,0.8359118425182189,0.8341942789608189,0.8638741264207896,0,1.7188706398010254,0.15757083892822266,0
A211122-A211118_1,1,2,DT,0.8695698850979188,0.8359617307886659,0.8579003245993523,0.8359617307886659,0.8342489209896864,0.8639207326218397,0,1.5886335372924805,0.15257024765014648,0
A211122-A211118_1,2,3,DT,0.8695519922225635,0.8359310654705226,0.8577860989909274,0.8359310654705226,0.8342122329309561,0.8639021022327582,0,1.7122445106506348,0.14884257316589355,0
A211122-A211118_1,3,4,DT,0.8689138130015597,0.8345283829269676,0.8553568244325042,0.8345283829269676,0.8330804391759367,0.8632350537637598,0,1.670875072479248,0.14754581451416016,0
A211122-A211118_1,4,5,DT,0.8695460279307784,0.8359516000099125,0.8575042588766374,0.8359516000099125,0.8342302030277432,0.8638959693059586,0,1.6994960308074951,0.19150018692016602,0
