Dataset,T,CV,ML,Acc,b_Acc,Prec,Rec,F1,kap,ROC,tra-T,test-T,Al-Time
A211112-I211102_1,0,1,DT,0.7744871278165036,0.6766114224126922,0.6996955868857815,0.6766114224126922,0.6540569632851105,0.7526331566764188,0,1.7029342651367188,0.21527767181396484,0
A211112-I211102_1,1,2,DT,0.7744633033078345,0.6768807351704788,0.7066618647593216,0.6768807351704788,0.6645989597532297,0.7523199306670763,0,1.551800012588501,0.22089147567749023,0
A211112-I211102_1,2,3,DT,0.7744136689147738,0.6763515370270886,0.7065939269538465,0.6763515370270886,0.664254186870789,0.7522634136794033,0,1.5429832935333252,0.2102649211883545,0
A211112-I211102_1,3,4,DT,0.7732442826142634,0.6738506343582411,0.699911091094607,0.6738506343582411,0.6576876254579493,0.7509776320224372,0,1.5125739574432373,0.216019868850708,0
A211112-I211102_1,4,5,DT,0.7744355080477205,0.6769239550886765,0.7067971338317246,0.6769239550886765,0.6646278072425174,0.752285070246506,0,1.5576298236846924,0.21027565002441406,0
