Dataset,T,CV,ML,Acc,b_Acc,Prec,Rec,F1,kap,ROC,tra-T,test-T,Al-Time
A211105-A211102_1,0,1,DT,0.8613350677997257,0.8154996305523501,0.845745334621259,0.8154996305523501,0.8073118233025429,0.8551738910729544,0,1.626643419265747,0.1506960391998291,0
A211105-A211102_1,1,2,DT,0.861151252067927,0.8153853184315338,0.8473626976559331,0.8153853184315338,0.8066856573850532,0.854983117646101,0,1.5347373485565186,0.1499330997467041,0
A211105-A211102_1,2,3,DT,0.861516055597189,0.8156932558000071,0.8398588359765835,0.8156932558000071,0.807726120444001,0.8553627694025252,0,1.5185067653656006,0.16982030868530273,0
A211105-A211102_1,3,4,DT,0.8614679807134878,0.8156710335104974,0.8393223867652783,0.8156710335104974,0.8076194486222069,0.8553128082551639,0,1.535724401473999,0.13868331909179688,0
A211105-A211102_1,4,5,DT,0.861516055597189,0.815826857123585,0.8483098713883173,0.815826857123585,0.8075076501398543,0.855363614222415,0,1.5117809772491455,0.15458989143371582,0
