Dataset,T,CV,ML,Acc,b_Acc,Prec,Rec,F1,kap,ROC,tra-T,test-T,Al-Time
A211208-A211122_1,0,1,DT,0.7452264011750397,0.660399463430611,0.6760104395675216,0.660399463430611,0.6457558585436405,0.7250776033081339,0,1.200930118560791,0.16830015182495117,0
A211208-A211122_1,1,2,DT,0.7452352627113199,0.6603074218614391,0.6659823396433623,0.6603074218614391,0.6396785042286447,0.7251101817362138,0,1.2804346084594727,0.17218708992004395,0
A211208-A211122_1,2,3,DT,0.7452175396387595,0.6602734206256328,0.6666980427870222,0.6602734206256328,0.6399573724460893,0.7251405269521904,0,1.2981793880462646,0.17759084701538086,0
A211208-A211122_1,3,4,DT,0.74523747809539,0.6604208994906383,0.6687525183903656,0.6604208994906383,0.6419302184225847,0.7251228662471088,0,1.3847601413726807,0.15259909629821777,0
A211208-A211122_1,4,5,DT,0.7452264011750397,0.6603581534254109,0.6697719413510294,0.6603581534254109,0.6338543675403515,0.7251414431902294,0,1.3669836521148682,0.17439818382263184,0
