Dataset,T,CV,ML,Acc,b_Acc,Prec,Rec,F1,kap,ROC,tra-T,test-T,Al-Time
results/vs_1,0,1,DT,0.5561135481870044,0.5091639401890786,0.4817303081218894,0.5091639401890786,0.44233560173328645,0.5404248275348139,0,1.1680495738983154,0.14223146438598633,0
