Dataset,T,CV,ML,Acc,b_Acc,Prec,Rec,F1,kap,ROC,tra-T,test-T,Al-Time
results/vs_1,0,1,DT,0.6958747975868476,0.6048621949791274,0.6034681743155265,0.6048621949791274,0.5578025493601286,0.6829544166824864,0,1.685981273651123,0.14515352249145508,0
