Dataset,T,CV,ML,Acc,b_Acc,Prec,Rec,F1,kap,ROC,tra-T,test-T,Al-Time
A211122-A211109_1,0,1,DT,0.8249797669056854,0.7327357225158205,0.7500138241595786,0.7327357225158205,0.728078585450569,0.8136222936280076,0,1.7140541076660156,0.18895626068115234,0
A211122-A211109_1,1,2,DT,0.8250568453602171,0.7328220598038525,0.7494598186031906,0.7328220598038525,0.7280427081483747,0.8137044140735251,0,1.6684901714324951,0.18845844268798828,0
A211122-A211109_1,2,3,DT,0.825025107173057,0.7327978121829759,0.7508341919808144,0.7327978121829759,0.7285202023679392,0.8136704380171039,0,1.7668514251708984,0.18782424926757812,0
A211122-A211109_1,3,4,DT,0.8249684318388426,0.7327680963385937,0.7510876328021467,0.7327680963385937,0.7283722730646502,0.8136108686539019,0,1.7292189598083496,0.1726069450378418,0
A211122-A211109_1,4,5,DT,0.8249797669056854,0.7327634539966773,0.727891799043969,0.7327634539966773,0.7144505910123363,0.8137442718410717,0,1.8554575443267822,0.17331314086914062,0
