Dataset,T,CV,ML,Acc,b_Acc,Prec,Rec,F1,kap,ROC,tra-T,test-T,Al-Time
A211223-I211122_1,0,1,DT,0.5540495307123443,0.5235887857651872,0.4971891415469476,0.5235887857651872,0.4581277799631603,0.5379704789757993,0,1.3437461853027344,0.20311856269836426,0
A211223-I211122_1,1,2,DT,0.5540785404105095,0.5235692992525965,0.4968813601577216,0.5235692992525965,0.457959632312212,0.5379973465063246,0,1.2812697887420654,0.20310163497924805,0
A211223-I211122_1,2,3,DT,0.5540093634379617,0.5235632883426714,0.4980258010684224,0.5235632883426714,0.4582816575318272,0.537884491999077,0,1.3437421321868896,0.2031242847442627,0
A211223-I211122_1,3,4,DT,0.5540896979867269,0.523583563845908,0.49644632996593824,0.523583563845908,0.4579730047251983,0.5380112871478208,0,1.2656261920928955,0.20312070846557617,0
A211223-I211122_1,4,5,DT,0.5541187076848922,0.5236223837778914,0.49727342911734335,0.5236223837778914,0.458186390804995,0.5380401203190077,0,1.296877145767212,0.18749380111694336,0
