Dataset,T,CV,ML,Acc,b_Acc,Prec,Rec,F1,kap,ROC,tra-T,test-T,Al-Time
A211125-I211102_1,0,1,DT,0.5930714358038687,0.6888010185646194,0.6823034111449219,0.6888010185646194,0.6290089246728799,0.5706586419034816,0,1.1910006999969482,0.21622276306152344,0
A211125-I211102_1,1,2,DT,0.5930257721622528,0.6887927351940771,0.6825786938981266,0.6887927351940771,0.6289529574898568,0.570611901015748,0,1.2864458560943604,0.19199228286743164,0
A211125-I211102_1,2,3,DT,0.5914176178270857,0.6878055851537669,0.6626024913778473,0.6878055851537669,0.6290416436586252,0.568951105372705,0,1.2954325675964355,0.20149016380310059,0
A211125-I211102_1,3,4,DT,0.5930396697923098,0.688864384172778,0.6802141257477653,0.688864384172778,0.6291161318370705,0.5706223332585012,0,1.3383541107177734,0.1985173225402832,0
A211125-I211102_1,4,5,DT,0.5930317282894201,0.6887841845501919,0.6820796614769832,0.6887841845501919,0.6293248397751228,0.570602997817107,0,1.325347900390625,0.2266848087310791,0
