Dataset,T,CV,ML,Acc,b_Acc,Prec,Rec,F1,kap,ROC,tra-T,test-T,Al-Time
A211116-A211115_1,0,1,DT,0.9109594854403684,0.850564541201493,0.8568096143629118,0.850564541201493,0.8486421135744106,0.9031588836561704,0,2.0561461448669434,0.26618456840515137,0
A211116-A211115_1,1,2,DT,0.9112731513087247,0.8529425030198978,0.8571149628835492,0.8529425030198978,0.850147979795176,0.9035008581696663,0,1.929260492324829,0.264049768447876,0
A211116-A211115_1,2,3,DT,0.9108377092797124,0.8502757007531766,0.856248262419605,0.8502757007531766,0.8481712087948271,0.903027418447795,0,1.973897933959961,0.23598313331604004,0
A211116-A211115_1,3,4,DT,0.9112823767754411,0.8531044109391072,0.8571777330089324,0.8531044109391072,0.8503176689488017,0.9035118330298406,0,1.9602851867675781,0.22053766250610352,0
A211116-A211115_1,4,5,DT,0.9109354992269059,0.8503454171051844,0.8560378183867323,0.8503454171051844,0.8480731117408521,0.903132999345579,0,1.9645824432373047,0.24024510383605957,0
