Dataset,T,CV,ML,Acc,b_Acc,Prec,Rec,F1,kap,ROC,tra-T,test-T,Al-Time
results/vs_1,0,1,DT,0.6755466096588906,0.5772901076425445,0.5682012985077265,0.5772901076425445,0.525625372877554,0.6613498258534527,0,1.9299423694610596,0.20566058158874512,0
