Dataset,T,CV,ML,Acc,b_Acc,Prec,Rec,F1,kap,ROC,tra-T,test-T,Al-Time
A211116-I211122_1,0,1,DT,0.7746482016218653,0.7965445095809586,0.7823938242401854,0.7965445095809586,0.7528995104206421,0.7665486752328752,0,2.083112955093384,0.2517738342285156,0
A211116-I211122_1,1,2,DT,0.7745388573749348,0.7963822133215838,0.7820245313726735,0.7963822133215838,0.7526290705260965,0.7664357133531444,0,2.104685068130493,0.2566547393798828,0
A211116-I211122_1,2,3,DT,0.7745678670731,0.7964288787490762,0.7825552464294151,0.7964288787490762,0.7529416602861059,0.7664656265083937,0,2.035188674926758,0.24852395057678223,0
A211116-I211122_1,3,4,DT,0.774614728893213,0.7964685168875986,0.7819649938676517,0.7964685168875986,0.7526321746470038,0.7665138910677005,0,1.9560787677764893,0.23252630233764648,0
A211116-I211122_1,4,5,DT,0.7745656355578565,0.796419692807056,0.7820698231855405,0.796419692807056,0.7526348223531945,0.7664633584594709,0,2.105252265930176,0.2536044120788574,0
