Dataset,T,CV,ML,Acc,b_Acc,Prec,Rec,F1,kap,ROC,tra-T,test-T,Al-Time
A211225-I211112_1,0,1,DT,0.5477653791834992,0.48641933612347105,0.48809426637861403,0.48641933612347105,0.43482290762465065,0.5276885833168503,0,1.5737526416778564,0.1987292766571045,0
A211225-I211112_1,1,2,DT,0.5496272210726837,0.4870210269754524,0.4842423237779798,0.4870210269754524,0.43154515019298695,0.5297729564765903,0,1.6250457763671875,0.24249005317687988,0
A211225-I211112_1,2,3,DT,0.5494855815022827,0.4868858712882647,0.4854246265857965,0.4868858712882647,0.4314535797140846,0.5296159413367909,0,1.5838403701782227,0.21839332580566406,0
A211225-I211112_1,3,4,DT,0.5477653791834992,0.48640771257934895,0.48598072178838086,0.48640771257934895,0.4346507549204711,0.5276905813769881,0,1.6035892963409424,0.21258997917175293,0
A211225-I211112_1,4,5,DT,0.5494137353433836,0.4868866010920283,0.48994037218814424,0.4868866010920283,0.43599501643251454,0.5293537725645208,0,1.663067102432251,0.22719478607177734,0
