Dataset,T,CV,ML,Acc,b_Acc,Prec,Rec,F1,kap,ROC,tra-T,test-T,Al-Time
A211105-A211206_1,0,1,DT,0.7442486852505905,0.6943639629781679,0.7091063180267734,0.6943639629781679,0.6723465378284355,0.7279437260149658,0,1.4594802856445312,0.1952672004699707,0
A211105-A211206_1,1,2,DT,0.7443286439462129,0.6945459091299078,0.709389747945975,0.6945459091299078,0.6726224851771647,0.7280380058467982,0,1.3571913242340088,0.19739460945129395,0
A211105-A211206_1,2,3,DT,0.744232693511466,0.6942372613707403,0.7102833809496926,0.6942372613707403,0.6729222124394958,0.7279384216004563,0,1.4310963153839111,0.1727006435394287,0
A211105-A211206_1,3,4,DT,0.7442555388530725,0.6946694976235309,0.7093407116714319,0.6946694976235309,0.6726499916202576,0.7279519402395357,0,1.4796900749206543,0.17270636558532715,0
A211105-A211206_1,4,5,DT,0.7442966604679639,0.6946781744837459,0.7139354154918305,0.6946781744837459,0.6771071793087828,0.7278033254989191,0,1.4524273872375488,0.19708800315856934,0
