Dataset,T,CV,ML,Acc,b_Acc,Prec,Rec,F1,kap,ROC,tra-T,test-T,Al-Time
results/vs_1,0,1,DT,0.5740819553716104,0.5063550928744162,0.4679899813943999,0.5063550928744162,0.43021605742318497,0.5499263449624694,0,1.2024405002593994,0.21776080131530762,0
