Dataset,T,CV,ML,Acc,b_Acc,Prec,Rec,F1,kap,ROC,tra-T,test-T,Al-Time
results/vs_1,0,1,DT,0.8494257087784974,0.8356025688650245,0.8422449044072544,0.8356025688650245,0.8270207635737608,0.8421458383384505,0,1.6915419101715088,0.19471454620361328,0
