Dataset,T,CV,ML,Acc,b_Acc,Prec,Rec,F1,kap,ROC,tra-T,test-T,Al-Time
A211122-A211118_1,0,1,DT,0.8695102421800679,0.8359212980032878,0.857798661742628,0.8359212980032878,0.8343484550364779,0.8638575260047499,0,1.7342910766601562,0.15628957748413086,0
A211122-A211118_1,1,2,DT,0.8695997065568442,0.8359988853700259,0.8577779269307179,0.8359988853700259,0.8344154388193044,0.8639508783713353,0,1.7186672687530518,0.1562497615814209,0
A211122-A211118_1,2,3,DT,0.8695609386602411,0.8359603333769079,0.8578781915228362,0.8359603333769079,0.8343763718392487,0.8639104092192714,0,1.734374761581421,0.15617012977600098,0
A211122-A211118_1,3,4,DT,0.8695579565143486,0.8359529716753924,0.8583617753715926,0.8359529716753924,0.8343502163074549,0.8639074054618788,0,1.7342963218688965,0.1407163143157959,0
A211122-A211118_1,4,5,DT,0.8695818136814889,0.835984495820023,0.8583325675372415,0.835984495820023,0.8343635795175652,0.8639323029001855,0,1.7187550067901611,0.1562492847442627,0
