Dataset,T,CV,ML,Acc,b_Acc,Prec,Rec,F1,kap,ROC,tra-T,test-T,Al-Time
A211118-I211115_1,0,1,DT,0.7715705082001753,0.7929954807904929,0.7929017890917485,0.7929954807904929,0.7748682906257841,0.7629218596330206,0,1.250016450881958,0.2030351161956787,0
A211118-I211115_1,1,2,DT,0.7715727259622315,0.7930558852199008,0.793374309668079,0.7930558852199008,0.7750849610368187,0.7629242862053175,0,1.265622615814209,0.20314264297485352,0
A211118-I211115_1,2,3,DT,0.7716015568689635,0.7931061070837128,0.7931356333131448,0.7931061070837128,0.7749620768620826,0.7629548453738856,0,1.2812459468841553,0.20313453674316406,0
A211118-I211115_1,3,4,DT,0.771461837859416,0.7929164361534423,0.7926610725092971,0.7929164361534423,0.7747461362688319,0.7628089883190513,0,1.3593716621398926,0.20304560661315918,0
A211118-I211115_1,4,5,DT,0.7715882502966257,0.7930547338248688,0.7933023703209656,0.7930547338248688,0.7750226599306251,0.762940017076764,0,1.1249966621398926,0.15624427795410156,0
