Dataset,T,CV,ML,Acc,b_Acc,Prec,Rec,F1,kap,ROC,tra-T,test-T,Al-Time
A211125-I211119_1,0,1,DT,0.9044071063968432,0.8564948051884442,0.8695004853743348,0.8564948051884442,0.8294058529669743,0.8988060316400082,0,1.3999249935150146,0.2048790454864502,0
A211125-I211119_1,1,2,DT,0.9032758027730514,0.856055150360832,0.8669345363987678,0.856055150360832,0.8278495859554769,0.8976165021878914,0,1.3514721393585205,0.18863773345947266,0
A211125-I211119_1,2,3,DT,0.9043709046808819,0.8564410255470738,0.8693298426327677,0.8564410255470738,0.829201987051264,0.8987677957761154,0,1.3521568775177002,0.19009757041931152,0
A211125-I211119_1,3,4,DT,0.9032939036310321,0.8560089985671377,0.8663172806371434,0.8560089985671377,0.8277249016717972,0.89763563067982,0,1.3384132385253906,0.1836376190185547,0
A211125-I211119_1,4,5,DT,0.9043935307533577,0.8565186955721565,0.8698375207704943,0.8565186955721565,0.8293950029996292,0.8987918163251628,0,1.4130430221557617,0.18873262405395508,0
