Dataset,T,CV,ML,Acc,b_Acc,Prec,Rec,F1,kap,ROC,tra-T,test-T,Al-Time
results/vs_1,0,1,DT,0.6342070026749849,0.5520300626473967,0.5832985918332078,0.5520300626473967,0.5356940010263882,0.6184309405743963,0,1.488783359527588,0.14772462844848633,0
