Dataset,T,CV,ML,Acc,b_Acc,Prec,Rec,F1,kap,ROC,tra-T,test-T,Al-Time
A211223-I211108_1,0,1,DT,0.6212089434248403,0.5815452056156958,0.5461266901326528,0.5815452056156958,0.5265779647860087,0.6059666547878138,0,1.1972064971923828,0.21271491050720215,0
A211223-I211108_1,1,2,DT,0.6211282765169412,0.5814490417976087,0.5449774065759805,0.5814490417976087,0.5258228363297672,0.605883074986034,0,1.223238229751587,0.22670722007751465,0
A211223-I211108_1,2,3,DT,0.6211029240601729,0.5814366546291746,0.5357784959105851,0.5814366546291746,0.5192256228934561,0.6060712981966676,0,1.2752776145935059,0.21782493591308594,0
A211223-I211108_1,3,4,DT,0.6211789814304778,0.5815042087319422,0.5460139568915525,0.5815042087319422,0.5265317478804789,0.6059354976543623,0,1.289142370223999,0.2056715488433838,0
A211223-I211108_1,4,5,DT,0.6211605432801008,0.5814826254633756,0.5455746550213998,0.5814826254633756,0.5262174556443604,0.6059169949157404,0,1.1439309120178223,0.2136976718902588,0
