Dataset,T,CV,ML,Acc,b_Acc,Prec,Rec,F1,kap,ROC,tra-T,test-T,Al-Time
results/vs_1,0,1,DT,0.6171779027986808,0.5505806939390478,0.5303696379445216,0.5505806939390478,0.513105062510807,0.6017281826318381,0,2.391909122467041,0.20941925048828125,0
