Dataset,T,CV,ML,Acc,b_Acc,Prec,Rec,F1,kap,ROC,tra-T,test-T,Al-Time
A211115-A211108_1,0,1,DT,0.6987754366663664,0.715814089620814,0.7053290908674313,0.715814089620814,0.6758762093360545,0.6821151257226792,0,2.0890138149261475,0.20604825019836426,0
A211115-A211108_1,1,2,DT,0.6985224356332789,0.7160266342104739,0.7053158579121576,0.7160266342104739,0.675952984520655,0.6818532100068789,0,2.0945942401885986,0.20049715042114258,0
A211115-A211108_1,2,3,DT,0.6985147689353065,0.7160240877159862,0.7048901826840435,0.7160240877159862,0.6757895081817761,0.6818463466911162,0,2.1140880584716797,0.20592832565307617,0
A211115-A211108_1,3,4,DT,0.6985090189118273,0.7159848340806145,0.7046054155973428,0.7159848340806145,0.6757158214181609,0.681840180175648,0,2.0018694400787354,0.19530010223388672,0
A211115-A211108_1,4,5,DT,0.6987486032234632,0.7157524229789317,0.7041204093215213,0.7157524229789317,0.6753573021265867,0.6820887668499874,0,2.082594871520996,0.21096086502075195,0
