Dataset,T,CV,ML,Acc,b_Acc,Prec,Rec,F1,kap,ROC,tra-T,test-T,Al-Time
A211223-A211122_1,0,1,DT,0.5423814049522695,0.5067049545804726,0.47183209477312077,0.5067049545804726,0.4319904899810223,0.5247651556203343,0,1.2005155086517334,0.2161259651184082,0
A211223-A211122_1,1,2,DT,0.5271617163909621,0.5035053960859411,0.4647802141539299,0.5035053960859411,0.4299695527199365,0.5099103299057681,0,1.3158371448516846,0.2139735221862793,0
A211223-A211122_1,2,3,DT,0.5423836203363396,0.5066542608290392,0.4720277253373477,0.5066542608290392,0.4320471908745061,0.5247694991389866,0,1.168250322341919,0.1992959976196289,0
A211223-A211122_1,3,4,DT,0.527157285622822,0.5035039651900705,0.4647275473219348,0.5035039651900705,0.42996882900621786,0.5099026021729843,0,1.1793503761291504,0.2103712558746338,0
A211223-A211122_1,4,5,DT,0.5271617163909621,0.5035292472537004,0.4650529199632222,0.5035292472537004,0.4301234053474049,0.5098838410285864,0,1.284731149673462,0.22728753089904785,0
