Dataset,T,CV,ML,Acc,b_Acc,Prec,Rec,F1,kap,ROC,tra-T,test-T,Al-Time
A211122-A211122_1,0,1,DT,0.9652140393319287,0.9514564196239249,0.9522809255072019,0.9514564196239249,0.9510339612715645,0.9624949903944062,0,1.5213134288787842,0.1885676383972168,0
A211122-A211122_1,1,2,DT,0.9652140393319287,0.9514564196239249,0.9522809255072019,0.9514564196239249,0.9510339612715645,0.9624949903944062,0,1.6108758449554443,0.2503676414489746,0
A211122-A211122_1,2,3,DT,0.9652140393319287,0.9514564196239249,0.9522809255072019,0.9514564196239249,0.9510339612715645,0.9624949903944062,0,1.6161513328552246,0.17313528060913086,0
A211122-A211122_1,3,4,DT,0.9652140393319287,0.9514564196239249,0.9522809255072019,0.9514564196239249,0.9510339612715645,0.9624949903944062,0,1.5110046863555908,0.19179272651672363,0
A211122-A211122_1,4,5,DT,0.9652140393319287,0.9514564196239249,0.9522809255072019,0.9514564196239249,0.9510339612715645,0.9624949903944062,0,1.4794344902038574,0.17911052703857422,0
