Dataset,T,CV,ML,Acc,b_Acc,Prec,Rec,F1,kap,ROC,tra-T,test-T,Al-Time
A211208-A211228_1,0,1,DT,0.6242686082382103,0.5950876387542795,0.5374841648416314,0.5950876387542795,0.5229875071637895,0.6098977187528694,0,1.6094028949737549,0.18748903274536133,0
A211208-A211228_1,1,2,DT,0.6242893293859547,0.5951800341515264,0.5583666064106977,0.5951800341515264,0.5327687102468269,0.6105850815847114,0,1.6407077312469482,0.17180323600769043,0
A211208-A211228_1,2,3,DT,0.6238619557137269,0.594783120855867,0.5372614491418863,0.594783120855867,0.5226570928911044,0.6094863155796417,0,1.656325340270996,0.1874227523803711,0
A211208-A211228_1,3,4,DT,0.6097145920912559,0.5732589178668278,0.5112583165121979,0.5732589178668278,0.4941789995899269,0.5948288521478822,0,1.6875813007354736,0.18741607666015625,0
A211208-A211228_1,4,5,DT,0.6097223625216601,0.5731156767884551,0.5114920016321323,0.5731156767884551,0.4941166141534941,0.5948284875147042,0,1.6093015670776367,0.18757200241088867,0
