Dataset,T,CV,ML,Acc,b_Acc,Prec,Rec,F1,kap,ROC,tra-T,test-T,Al-Time
A211206-A211115_1,0,1,DT,0.8462944990387063,0.7221724250618347,0.7380461223716188,0.7221724250618347,0.7110646174245804,0.8319677434324708,0,1.777134895324707,0.21557927131652832,0
A211206-A211115_1,1,2,DT,0.8464107399193325,0.722666807285197,0.7387564750819523,0.722666807285197,0.7116985259077252,0.832095075531361,0,1.7130560874938965,0.20449352264404297,0
A211206-A211115_1,2,3,DT,0.8465528121067645,0.7228842265824451,0.7361751201728033,0.7228842265824451,0.7087704163122903,0.8322636057124952,0,1.6958754062652588,0.22010374069213867,0
A211206-A211115_1,3,4,DT,0.8463332459989151,0.7219936196523353,0.7374197761381319,0.7219936196523353,0.7106003087636454,0.832010970824741,0,1.726606845855713,0.2514190673828125,0
A211206-A211115_1,4,5,DT,0.8464199653860489,0.7221904997719055,0.7379217783133184,0.7221904997719055,0.7110171506704107,0.8321044429138865,0,1.7275550365447998,0.25070905685424805,0
