Dataset,T,CV,ML,Acc,b_Acc,Prec,Rec,F1,kap,ROC,tra-T,test-T,Al-Time
A211223-A211122_1,0,1,DT,0.5271484240865417,0.5035402789367027,0.46485390771153495,0.5035402789367027,0.4299856782646375,0.5098704393075124,0,1.3129429817199707,0.20314764976501465,0
A211223-A211122_1,1,2,DT,0.5272126702245735,0.5035876418849884,0.4652847792789252,0.5035876418849884,0.43023181455055837,0.5099347494417252,0,1.328120231628418,0.2030322551727295,0
A211223-A211122_1,2,3,DT,0.5271750086953825,0.5035660588399006,0.464705872191657,0.5035660588399006,0.42990016352677,0.5099231889862023,0,1.312401294708252,0.2031259536743164,0
A211223-A211122_1,3,4,DT,0.5271838702316627,0.5035181649841697,0.4647543316083034,0.5035181649841697,0.4298126665971469,0.5099279904122139,0,1.3125035762786865,0.20312190055847168,0
A211223-A211122_1,4,5,DT,0.5271860856157328,0.5036041719189808,0.4646735497639611,0.5036041719189808,0.43009208464301285,0.5099359013179311,0,1.3437633514404297,0.18739771842956543,0
