Dataset,T,CV,ML,Acc,b_Acc,Prec,Rec,F1,kap,ROC,tra-T,test-T,Al-Time
results/vs_1,0,1,DT,0.7542325722390031,0.5926029810467152,0.5891535598544103,0.5926029810467152,0.5466451221881251,0.7376520470058303,0,1.8917336463928223,0.20273470878601074,0
