Dataset,T,CV,ML,Acc,b_Acc,Prec,Rec,F1,kap,ROC,tra-T,test-T,Al-Time
results/vs_1,0,1,DT,0.6172578199753797,0.5523536588390513,0.5203878153027256,0.5523536588390513,0.4993651384411807,0.6029209518948219,0,1.8582971096038818,0.1548471450805664,0
