Dataset,T,CV,ML,Acc,b_Acc,Prec,Rec,F1,kap,ROC,tra-T,test-T,Al-Time
A211117-A211223_1,0,1,DT,0.7681991443018281,0.738310196164099,0.729120368971731,0.738310196164099,0.7095675702625842,0.7547155340951788,0,1.681870937347412,0.14587020874023438,0
A211117-A211223_1,1,2,DT,0.7682022559315441,0.7383633187578179,0.7230312089741472,0.7383633187578179,0.7049512968018906,0.7549154316479231,0,1.6998653411865234,0.1417696475982666,0
A211117-A211223_1,2,3,DT,0.7681524698560871,0.7382309906493241,0.7226556448739946,0.7382309906493241,0.7046801390067637,0.7548634826170365,0,1.665421724319458,0.1420431137084961,0
A211117-A211223_1,3,4,DT,0.7682178140801245,0.7383988265456901,0.7273577240295751,0.7383988265456901,0.7074496325643307,0.7547838984592665,0,1.6359260082244873,0.15711021423339844,0
A211117-A211223_1,4,5,DT,0.768242707117853,0.7383916916183513,0.7232144274987499,0.7383916916183513,0.7051071270397399,0.7549578796397043,0,1.683699607849121,0.1508808135986328,0
