Dataset,T,CV,ML,Acc,b_Acc,Prec,Rec,F1,kap,ROC,tra-T,test-T,Al-Time
A211206-I211119_1,0,1,DT,0.7510407993338885,0.679319118291307,0.7018687793096335,0.679319118291307,0.6638492813517,0.7361332664114875,0,1.674797773361206,0.22745561599731445,0
A211206-I211119_1,1,2,DT,0.7510226984759077,0.6792249400056467,0.6933799817864191,0.6792249400056467,0.6523220044313195,0.7362069560950681,0,1.6695375442504883,0.1949777603149414,0
A211206-I211119_1,2,3,DT,0.7510317489048981,0.6792566754240885,0.6934327301484503,0.6792566754240885,0.6521868295367903,0.7362190116205468,0,1.6735670566558838,0.18837213516235352,0
A211206-I211119_1,3,4,DT,0.751043061941136,0.679339715501442,0.7023913295006176,0.679339715501442,0.6641526621638172,0.7361333994266055,0,1.689070701599121,0.18175292015075684,0
A211206-I211119_1,4,5,DT,0.7510407993338885,0.679259112561874,0.6936222160098947,0.679259112561874,0.6523863791963197,0.7362262428444035,0,1.6340618133544922,0.19276022911071777,0
