Dataset,T,CV,ML,Acc,b_Acc,Prec,Rec,F1,kap,ROC,tra-T,test-T,Al-Time
A211110-A211206_1,0,1,DT,0.7604848695302541,0.7499165219604456,0.7325726934478606,0.7499165219604456,0.6989423375680115,0.7462242250958893,0,1.8623003959655762,0.1863996982574463,0
A211110-A211206_1,1,2,DT,0.7606219415798925,0.7502992459582654,0.7349835258441242,0.7502992459582654,0.7002772282633771,0.7463663523680277,0,1.7940325736999512,0.17520380020141602,0
A211110-A211206_1,2,3,DT,0.7602929686607603,0.7495967492417688,0.7327719893583123,0.7495967492417688,0.6987965834744259,0.7460210034832337,0,1.8375508785247803,0.18560457229614258,0
A211110-A211206_1,3,4,DT,0.760605949840768,0.7500091547334439,0.7286898863173475,0.7500091547334439,0.6959193706269299,0.7463543861581186,0,1.8506286144256592,0.19531679153442383,0
A211110-A211206_1,4,5,DT,0.7605465519525914,0.750083078887866,0.734888860936647,0.750083078887866,0.7001524359641585,0.746284216020182,0,1.861908197402954,0.19083261489868164,0
