Dataset,T,CV,ML,Acc,b_Acc,Prec,Rec,F1,kap,ROC,tra-T,test-T,Al-Time
A211228-A211122_1,0,1,DT,0.7388017873718677,0.5666512961835263,0.5659388080741594,0.5666512961835263,0.529804899711507,0.7203310039624797,0,1.6052203178405762,0.18892168998718262,0
A211228-A211122_1,1,2,DT,0.7387176027772054,0.5665720770349506,0.5662131875246719,0.5665720770349506,0.5294716432910888,0.7202216073430564,0,1.5363454818725586,0.19759058952331543,0
A211228-A211122_1,2,3,DT,0.7387198181612755,0.5665800711622877,0.5659276020043977,0.5665800711622877,0.5299149422211878,0.7202350199013722,0,1.4426681995391846,0.16760826110839844,0
A211228-A211122_1,3,4,DT,0.7387508335382563,0.5665930951695791,0.5708192922563304,0.5665930951695791,0.5325535068239786,0.7202655889547647,0,1.5889942646026611,0.1831834316253662,0
A211228-A211122_1,4,5,DT,0.7387685566108169,0.5666205753889408,0.5654532322040483,0.5666205753889408,0.5297982687179429,0.7202898058819192,0,1.5603787899017334,0.17677831649780273,0
