Dataset,T,CV,ML,Acc,b_Acc,Prec,Rec,F1,kap,ROC,tra-T,test-T,Al-Time
results/vs_1,0,1,DT,0.5495779551351528,0.4869736483922893,0.48421781589242896,0.4869736483922893,0.43149150431334204,0.529717686140867,0,1.6163175106048584,0.2172250747680664,0
