Dataset,T,CV,ML,Acc,b_Acc,Prec,Rec,F1,kap,ROC,tra-T,test-T,Al-Time
A211125-A211115_1,0,1,DT,0.7641048160626446,0.8043922962197434,0.783918807172341,0.8043922962197434,0.7698101351523762,0.7470032974555465,0,1.7342908382415771,0.23442840576171875,0
A211125-A211115_1,1,2,DT,0.7809708143134961,0.8220215392280802,0.7937947580859449,0.8220215392280802,0.789696433935681,0.7650737945751738,0,1.7656238079071045,0.21875882148742676,0
A211125-A211115_1,2,3,DT,0.7639867300886752,0.8043608021136555,0.7853104354729278,0.8043608021136555,0.7700237289860101,0.7468675274261646,0,1.796875,0.23437929153442383,0
A211125-A211115_1,3,4,DT,0.7666159881028382,0.8046112112522374,0.78545149562971,0.8046112112522374,0.7706983038870766,0.7495577852529369,0,1.7499122619628906,0.21875548362731934,0
A211125-A211115_1,4,5,DT,0.7808840949263623,0.8220743509666317,0.7953814825064632,0.8220743509666317,0.7904531582130797,0.7649654075631565,0,1.7032086849212646,0.21866393089294434,0
