Dataset,T,CV,ML,Acc,b_Acc,Prec,Rec,F1,kap,ROC,tra-T,test-T,Al-Time
A211108-I211122_1,0,1,DT,0.6687449511967616,0.5774770354495932,0.558562776083218,0.5774770354495932,0.5206600759533963,0.6542005214198268,0,2.265624761581421,0.20314335823059082,0
A211108-I211122_1,1,2,DT,0.6717262555620518,0.5793961469588262,0.5769908836578336,0.5793961469588262,0.5361777619565156,0.6572046112898622,0,2.1718790531158447,0.20313143730163574,0
A211108-I211122_1,2,3,DT,0.6716883198029125,0.5793785643038672,0.5743128826649613,0.5793785643038672,0.5333509777515477,0.6572216683314377,0,2.1510679721832275,0.18678879737854004,0
A211108-I211122_1,3,4,DT,0.6716414579827995,0.5792765550130741,0.5897265321195878,0.5792765550130741,0.5461179253673032,0.6570706918570453,0,2.183922529220581,0.20313382148742676,0
A211108-I211122_1,4,5,DT,0.6716548470742604,0.5793010254131186,0.5762386491437922,0.5793010254131186,0.5358264499933086,0.6571314177562373,0,2.1874985694885254,0.2187812328338623,0
