Dataset,T,CV,ML,Acc,b_Acc,Prec,Rec,F1,kap,ROC,tra-T,test-T,Al-Time
results/vs_1,0,1,DT,0.9061116611533435,0.9259412511759645,0.9279938175963025,0.9259412511759645,0.9240297068201205,0.9011453624606622,0,3.2115721702575684,0.3197047710418701,0
