Dataset,T,CV,ML,Acc,b_Acc,Prec,Rec,F1,kap,ROC,tra-T,test-T,Al-Time
results/vs_1,0,1,DT,0.5469688144347021,0.5292402130816743,0.515282279664424,0.5292402130816743,0.4620494109921193,0.527312191410281,0,1.9444804191589355,0.21231818199157715,0
