Dataset,T,CV,ML,Acc,b_Acc,Prec,Rec,F1,kap,ROC,tra-T,test-T,Al-Time
results/vs_1,0,1,DT,0.8352328651446651,0.829867723966932,0.8209935437394725,0.829867723966932,0.8038792097679288,0.8288482288659716,0,1.190321445465088,0.16358232498168945,0
