Dataset,T,CV,ML,Acc,b_Acc,Prec,Rec,F1,kap,ROC,tra-T,test-T,Al-Time
A211109-A211122_1,0,1,DT,0.8431131463106102,0.7707576015335903,0.7972035250822452,0.7707576015335903,0.7489150691114002,0.8308343096100412,0,1.8203957080841064,0.18425631523132324,0
A211109-A211122_1,1,2,DT,0.8208396748702339,0.7469758217383689,0.7687394271464325,0.7469758217383689,0.7258153195439497,0.8068767633756534,0,1.865086555480957,0.18992352485656738,0
A211109-A211122_1,2,3,DT,0.8303525340670685,0.7431088396809451,0.7469818557708178,0.7431088396809451,0.7012880113857,0.8171077957434265,0,1.8151092529296875,0.21039676666259766,0
A211109-A211122_1,3,4,DT,0.8431109309265401,0.7707657130479747,0.7971848969105688,0.7707657130479747,0.7487470045243215,0.8308357908252846,0,1.804861068725586,0.1827704906463623,0
A211109-A211122_1,4,5,DT,0.8430932078539796,0.770741393411389,0.7970708552623568,0.770741393411389,0.7487064371346251,0.8308166622689334,0,1.8424036502838135,0.18980693817138672,0
