Dataset,T,CV,ML,Acc,b_Acc,Prec,Rec,F1,kap,ROC,tra-T,test-T,Al-Time
A211223-I211122_1,0,1,DT,0.5541365598068401,0.5236157761589695,0.4968446055239728,0.5236157761589695,0.4581052936892584,0.5380589199439691,0,1.2181921005249023,0.22330355644226074,0
A211223-I211122_1,1,2,DT,0.5540941610172139,0.5235918471474854,0.49659250712498304,0.5235918471474854,0.45790021918440205,0.538013811639176,0,1.3183684349060059,0.2328321933746338,0
A211223-I211122_1,2,3,DT,0.5543106179958315,0.523720465298908,0.4934067046831818,0.523720465298908,0.45425813692881506,0.5382971118857981,0,1.147784948348999,0.2256026268005371,0
A211223-I211122_1,3,4,DT,0.5540272155599095,0.5235688018590986,0.49663618555206357,0.5235688018590986,0.4578608279013941,0.5379459699166232,0,1.197962760925293,0.23064470291137695,0
A211223-I211122_1,4,5,DT,0.5541187076848922,0.52360790943683,0.4978374996792122,0.52360790943683,0.4583516215104122,0.5380362510934464,0,1.239227056503296,0.24470806121826172,0
