Dataset,T,CV,ML,Acc,b_Acc,Prec,Rec,F1,kap,ROC,tra-T,test-T,Al-Time
A211206-I211122_1,0,1,DT,0.6684392336084047,0.5580288085530821,0.5671877387023185,0.5580288085530821,0.5346765367535953,0.6536926091192466,0,1.8916571140289307,0.2188715934753418,0
A211206-I211122_1,1,2,DT,0.6684347705779178,0.5580104149191832,0.5710525565773034,0.5580104149191832,0.5352097904090559,0.6536814201237857,0,1.9218719005584717,0.21870636940002441,0
A211206-I211122_1,2,3,DT,0.6684258445169439,0.5580149061520668,0.5617623790858084,0.5580149061520668,0.52535713200679,0.6537894391819323,0,2.0156333446502686,0.21870207786560059,0
A211206-I211122_1,3,4,DT,0.6685463463400918,0.558143541179073,0.5614384739560218,0.558143541179073,0.5252501071219303,0.6539182183727089,0,2.0504021644592285,0.21869492530822754,0
A211206-I211122_1,4,5,DT,0.6684414651236482,0.5580029909348463,0.5632832238772113,0.5580029909348463,0.5261996043723953,0.6537372968613178,0,1.9375696182250977,0.21868181228637695,0
