Dataset,T,CV,ML,Acc,b_Acc,Prec,Rec,F1,kap,ROC,tra-T,test-T,Al-Time
results/vs_1,0,1,DT,0.8703512073217646,0.8296270920981915,0.8541026653133179,0.8296270920981915,0.8279568796814216,0.8647434958477577,0,1.6180899143218994,0.15402626991271973,0
