Dataset,T,CV,ML,Acc,b_Acc,Prec,Rec,F1,kap,ROC,tra-T,test-T,Al-Time
results/vs_1,0,1,DT,0.630516863560695,0.5240629425488299,0.5478367643661551,0.5240629425488299,0.5109532499786584,0.6139359446957171,0,1.4730243682861328,0.21809768676757812,0
