Dataset,T,CV,ML,Acc,b_Acc,Prec,Rec,F1,kap,ROC,tra-T,test-T,Al-Time
A211225-A211223_1,0,1,DT,0.8910369506028782,0.8775436295151686,0.8891591506036572,0.8775436295151686,0.8768841570942202,0.886545761731941,0,1.5528039932250977,0.1606597900390625,0
A211225-A211223_1,1,2,DT,0.8910027226760016,0.8775161670167126,0.8892159046629716,0.8775161670167126,0.8768863842308194,0.8865098830763396,0,1.5059144496917725,0.14554619789123535,0
A211225-A211223_1,2,3,DT,0.8910338389731622,0.877549296450992,0.889232436704422,0.877549296450992,0.8769244486725839,0.8865424148286726,0,1.5446197986602783,0.1376357078552246,0
A211225-A211223_1,3,4,DT,0.8910493971217425,0.8775780675767733,0.8893716522521873,0.8775780675767733,0.8770068594545606,0.8865584077709032,0,1.5547022819519043,0.1626439094543457,0
A211225-A211223_1,4,5,DT,0.8910058343057177,0.8775141471391149,0.8892041188140427,0.8775141471391149,0.8768810644673298,0.886513151929504,0,1.5293097496032715,0.14780402183532715,0
