Dataset,T,CV,ML,Acc,b_Acc,Prec,Rec,F1,kap,ROC,tra-T,test-T,Al-Time
A211223-A211105_1,0,1,DT,0.6810398298701874,0.634358085479552,0.6194981927869391,0.634358085479552,0.5846613371971177,0.6651046564161104,0,0.9895608425140381,0.14139413833618164,0
A211223-A211105_1,1,2,DT,0.6781489521952948,0.6320709046367167,0.5993469601468628,0.6320709046367167,0.5817283412791936,0.662111915396311,0,1.0182502269744873,0.14134526252746582,0
A211223-A211105_1,2,3,DT,0.6809429134730406,0.6345349905620215,0.6187957991293798,0.6345349905620215,0.5846817024603655,0.6650057517799859,0,1.0223584175109863,0.1413707733154297,0
A211223-A211105_1,3,4,DT,0.680355877010323,0.6336857223905005,0.618953404799032,0.6336857223905005,0.5840724298912486,0.6643772937954242,0,0.9903309345245361,0.14134573936462402,0
A211223-A211105_1,4,5,DT,0.6810536750697798,0.634034283941165,0.6203077691357841,0.634034283941165,0.58449967538084,0.6651196299366432,0,1.0393495559692383,0.14085626602172852,0
