Dataset,T,CV,ML,Acc,b_Acc,Prec,Rec,F1,kap,ROC,tra-T,test-T,Al-Time
A211116-I211118_1,0,1,DT,0.7702083235740911,0.7871692197589301,0.7766331029987036,0.7871692197589301,0.7510772751791065,0.7619456730413114,0,2.047487258911133,0.2697892189025879,0
A211116-I211118_1,1,2,DT,0.7703064736678913,0.7872525429287583,0.7759962329152084,0.7872525429287583,0.7509615222788572,0.7620472025836155,0,2.0467047691345215,0.23368597030639648,0
A211116-I211118_1,2,3,DT,0.7703087043518413,0.7872506376327023,0.7766635269941089,0.7872506376327023,0.7511179624380934,0.7620487424745361,0,1.9621586799621582,0.24454092979431152,0
A211116-I211118_1,3,4,DT,0.7703153964036913,0.7873160605483027,0.7764945978604053,0.7873160605483027,0.7511325538439453,0.7620566176686372,0,1.932549238204956,0.2608785629272461,0
A211116-I211118_1,4,5,DT,0.7702975509320913,0.7872726154414866,0.7764006479569526,0.7872726154414866,0.7509794650740469,0.76203766702387,0,1.9638514518737793,0.25354433059692383,0
