Dataset,T,CV,ML,Acc,b_Acc,Prec,Rec,F1,kap,ROC,tra-T,test-T,Al-Time
A211117-A211117_1,0,1,DT,0.9639353919955351,0.9546720476488916,0.9542678772527761,0.9546720476488916,0.9536724891532891,0.9614752938066854,0,1.715221643447876,0.18892574310302734,0
A211117-A211117_1,1,2,DT,0.9639353919955351,0.9546720476488916,0.9542678772527761,0.9546720476488916,0.9536724891532891,0.9614752938066854,0,1.6993889808654785,0.21970748901367188,0
A211117-A211117_1,2,3,DT,0.9639353919955351,0.9546720476488916,0.9542678772527761,0.9546720476488916,0.9536724891532891,0.9614752938066854,0,1.7113358974456787,0.20459914207458496,0
A211117-A211117_1,3,4,DT,0.9639353919955351,0.9546720476488916,0.9542678772527761,0.9546720476488916,0.9536724891532891,0.9614752938066854,0,1.6055502891540527,0.18840837478637695,0
A211117-A211117_1,4,5,DT,0.9639353919955351,0.9546720476488916,0.9542678772527761,0.9546720476488916,0.9536724891532891,0.9614752938066854,0,1.667130470275879,0.20401883125305176,0
