Dataset,T,CV,ML,Acc,b_Acc,Prec,Rec,F1,kap,ROC,tra-T,test-T,Al-Time
A211109-A211223_1,0,1,DT,0.6059432127576818,0.568052134280799,0.5596173897321793,0.568052134280799,0.5337465853260203,0.5907397860014095,0,2.0937576293945312,0.15625953674316406,0
A211109-A211223_1,1,2,DT,0.6058623103850642,0.5679908091914645,0.5599991484879439,0.5679908091914645,0.5338980527025515,0.5906561857016297,0,2.0156259536743164,0.15628337860107422,0
A211109-A211223_1,2,3,DT,0.6232127576818358,0.5896982227762707,0.580683145593528,0.5896982227762707,0.5496260104531038,0.6086728862751318,0,2.0625061988830566,0.14062213897705078,0
A211109-A211223_1,3,4,DT,0.6232003111629716,0.5896879202117372,0.5816308862695566,0.5896879202117372,0.5500898559619133,0.6086604402744267,0,1.9218783378601074,0.14063405990600586,0
A211109-A211223_1,4,5,DT,0.6232407623492804,0.5897618330972024,0.5747678032558263,0.5897618330972024,0.5448809877915834,0.6087192996154543,0,2.0312509536743164,0.15624308586120605,0
