Dataset,T,CV,ML,Acc,b_Acc,Prec,Rec,F1,kap,ROC,tra-T,test-T,Al-Time
results/vs_1,0,1,DT,0.7721623557584218,0.7865369952800108,0.7686888181788304,0.7865369952800108,0.7518092771323197,0.7632593618658718,0,2.3400754928588867,0.18668150901794434,0
