Dataset,T,CV,ML,Acc,b_Acc,Prec,Rec,F1,kap,ROC,tra-T,test-T,Al-Time
results/vs_1,0,1,DT,0.882565063594327,0.8722414909160022,0.8659641075793488,0.8722414909160022,0.8621160037119333,0.8775437757317205,0,1.765744686126709,0.20969700813293457,0
