Dataset,T,CV,ML,Acc,b_Acc,Prec,Rec,F1,kap,ROC,tra-T,test-T,Al-Time
results/vs_1,0,1,DT,0.7684423357359489,0.7768613402182819,0.7901464638318993,0.7768613402182819,0.756950243885613,0.7601125129438882,0,2.342271566390991,0.16573882102966309,0
