Dataset,T,CV,ML,Acc,b_Acc,Prec,Rec,F1,kap,ROC,tra-T,test-T,Al-Time
A211123-A211208_1,0,1,DT,0.8475755006459949,0.7508019997835859,0.7387240450834692,0.7508019997835859,0.7252665543534441,0.8338683732265826,0,1.552293300628662,0.1751394271850586,0
A211123-A211208_1,1,2,DT,0.8475931645671835,0.7507405637185591,0.7241575400380853,0.7507405637185591,0.7161861386829611,0.8339676568238693,0,1.5431220531463623,0.16607880592346191,0
A211123-A211208_1,2,3,DT,0.8476234455749354,0.7508934914390043,0.7362610383692746,0.7508934914390043,0.7234501562199327,0.8339224281464415,0,1.4979052543640137,0.1460590362548828,0
A211123-A211208_1,3,4,DT,0.8476209221576227,0.7508368854189108,0.7360479378841036,0.7508368854189108,0.7233339313386745,0.833923863366513,0,1.4415385723114014,0.1428515911102295,0
A211123-A211208_1,4,5,DT,0.8476158753229974,0.7508520510450771,0.7389274598226133,0.7508520510450771,0.7254333859140328,0.8339089856676073,0,1.4556429386138916,0.1492171287536621,0
