Dataset,T,CV,ML,Acc,b_Acc,Prec,Rec,F1,kap,ROC,tra-T,test-T,Al-Time
results/vs_1,0,1,DT,0.6067566482507466,0.556956376622144,0.548997538843269,0.556956376622144,0.5215008364373784,0.5908828390286354,0,1.7316327095031738,0.178908109664917,0
