Dataset,T,CV,ML,Acc,b_Acc,Prec,Rec,F1,kap,ROC,tra-T,test-T,Al-Time
11112-A21111_1,0,1,DT,0.759861178253793,0.7923357014578976,0.807539257278863,0.7923357014578976,0.7726284467827105,0.7471266032238352,0,1.87943434715271,0.2343757152557373,0
11112-A21111_1,1,2,DT,0.760169389551637,0.7935080026101536,0.8049998478456148,0.7935080026101536,0.7718094285847183,0.7474615668816673,0,1.9062604904174805,0.23437094688415527,0
11112-A21111_1,2,3,DT,0.7601145026081854,0.7934004923960383,0.8046413861861044,0.7934004923960383,0.771623415537767,0.7474044975583973,0,1.141083002090454,0.1562488079071045,0
11112-A21111_1,3,4,DT,0.7602179433862288,0.7935114253228971,0.8049780483799956,0.7935114253228971,0.771875685627795,0.747513665244917,0,1.8906335830688477,0.2187635898590088,0
11112-A21111_1,4,5,DT,0.7598654003263662,0.7923298336942258,0.8050187937720426,0.7923298336942258,0.7711908037270616,0.7471391949678836,0,1.9375011920928955,0.21875309944152832,0
