Dataset,T,CV,ML,Acc,b_Acc,Prec,Rec,F1,kap,ROC,tra-T,test-T,Al-Time
A211123-A211125_1,0,1,DT,0.8785468919109689,0.8478734330685641,0.8334722194016959,0.8478734330685641,0.8314927857134837,0.8721682092421179,0,1.5950067043304443,0.16673588752746582,0
A211123-A211125_1,1,2,DT,0.8787534181397999,0.8480652458432224,0.8383459695898644,0.8480652458432224,0.8345668864996066,0.8723448742981701,0,1.572436809539795,0.15638065338134766,0
A211123-A211125_1,2,3,DT,0.8787638751640445,0.8480380115648292,0.8509797404984979,0.8480380115648292,0.8410850407283804,0.8723495723681673,0,1.5867366790771484,0.1760883331298828,0
A211123-A211125_1,3,4,DT,0.8787508038837388,0.8481179951659368,0.8351643631899894,0.8481179951659368,0.8328616226885195,0.8723610810091715,0,1.637681484222412,0.16582632064819336,0
A211123-A211125_1,4,5,DT,0.8787638751640445,0.8481555539255337,0.84852395755157,0.8481555539255337,0.8406222661190427,0.8723508983049891,0,1.6152215003967285,0.172715425491333,0
