Dataset,T,CV,ML,Acc,b_Acc,Prec,Rec,F1,kap,ROC,tra-T,test-T,Al-Time
results/vs_1,0,1,DT,0.8114990667105861,0.8047064096344783,0.7822364512117285,0.8047064096344783,0.7740246450261086,0.8037000312378098,0,1.8485212326049805,0.19346261024475098,0
