Dataset,T,CV,ML,Acc,b_Acc,Prec,Rec,F1,kap,ROC,tra-T,test-T,Al-Time
A211115-A211123_1,0,1,DT,0.7692032868881743,0.8365958539001918,0.8157048178871449,0.8365958539001918,0.8042910643824724,0.7584987582604111,0,2.1028175354003906,0.19085144996643066,0
A211115-A211123_1,1,2,DT,0.7692011216126972,0.8365761390613077,0.8201081640101786,0.8365761390613077,0.806118509505615,0.7585392568107694,0,2.1794822216033936,0.18561577796936035,0
A211115-A211123_1,2,3,DT,0.7691556508276766,0.8364538860112366,0.8199389144152448,0.8364538860112366,0.8058587867498825,0.75848250361923,0,2.1350176334381104,0.19562077522277832,0
A211115-A211123_1,3,4,DT,0.7692032868881743,0.836572665275559,0.8198730172883317,0.836572665275559,0.8059452663110684,0.7585325179863881,0,2.173694133758545,0.20029568672180176,0
A211115-A211123_1,4,5,DT,0.7692076174391287,0.836580078670459,0.8213890933328348,0.836580078670459,0.8067977037828131,0.7585563840690777,0,2.0918571949005127,0.1905803680419922,0
