Dataset,T,CV,ML,Acc,b_Acc,Prec,Rec,F1,kap,ROC,tra-T,test-T,Al-Time
A211228-A211116_1,0,1,DT,0.5922651933701657,0.5506811623629915,0.5559858590529928,0.5506811623629915,0.5081981711438978,0.5675295006104665,0,1.503030776977539,0.22158336639404297,0
A211228-A211116_1,1,2,DT,0.5921773422095543,0.5505935251344858,0.5574272764975189,0.5505935251344858,0.5079048012285473,0.5674474611488234,0,1.5041234493255615,0.24144315719604492,0
A211228-A211116_1,2,3,DT,0.5921890556976358,0.5505867545582499,0.5554274669297412,0.5505867545582499,0.5078472910615718,0.5674575072259382,0,1.479088544845581,0.22056198120117188,0
A211228-A211116_1,3,4,DT,0.5922437186420163,0.5506623200808103,0.5554657753023896,0.5506623200808103,0.5079563112423663,0.5675134356045107,0,1.5409345626831055,0.20732903480529785,0
A211228-A211116_1,4,5,DT,0.5921871034496222,0.5505913611067426,0.5572891364724771,0.5505913611067426,0.5079136009046045,0.5674414356696759,0,1.5467824935913086,0.20347285270690918,0
