Dataset,T,CV,ML,Acc,b_Acc,Prec,Rec,F1,kap,ROC,tra-T,test-T,Al-Time
A211105-I211102_1,0,1,DT,0.7052570763754187,0.7846727994804283,0.8253253187838986,0.7846727994804283,0.7784682669240616,0.6908414055991532,0,1.4635133743286133,0.1959679126739502,0
A211105-I211102_1,1,2,DT,0.7052689886297533,0.7847907556465981,0.8252452228386266,0.7847907556465981,0.7785425856814495,0.6908563528397288,0,1.5144598484039307,0.21270012855529785,0
A211105-I211102_1,2,3,DT,0.7053265645257036,0.7848555727626162,0.8256489925522217,0.7848555727626162,0.7787893496666735,0.6909153212539532,0,1.5693585872650146,0.21768498420715332,0
A211105-I211102_1,3,4,DT,0.7053047253927569,0.7847597728592166,0.8254373143907963,0.7847597728592166,0.7786500886347508,0.6908904652023609,0,1.4863877296447754,0.20467329025268555,0
A211105-I211102_1,4,5,DT,0.7025609361443607,0.7791227898611013,0.8238000238113955,0.7791227898611013,0.7732415586436971,0.6879742463294105,0,1.6062557697296143,0.20374059677124023,0
