Dataset,T,CV,ML,Acc,b_Acc,Prec,Rec,F1,kap,ROC,tra-T,test-T,Al-Time
A211109-A211225_1,0,1,DT,0.6465911240640567,0.5830245634850657,0.5769694273548504,0.5830245634850657,0.5438505613277936,0.6328077957370878,0,1.8630354404449463,0.16368746757507324,0
A211109-A211225_1,1,2,DT,0.6462264797567576,0.5828459480390684,0.5821840263983773,0.5828459480390684,0.5483226988465375,0.6324108965718696,0,1.8248417377471924,0.18896102905273438,0
A211109-A211225_1,2,3,DT,0.6462429298758838,0.5829143524009649,0.576956986812445,0.5829143524009649,0.5437931128703027,0.6324473376841842,0,1.9716448783874512,0.16866111755371094,0
A211109-A211225_1,3,4,DT,0.6311225287123121,0.5612692479328798,0.5545580701199637,0.5612692479328798,0.5271347453236349,0.6167427524504783,0,1.930661916732788,0.17166495323181152,0
A211109-A211225_1,4,5,DT,0.6463443722771626,0.5829153944680755,0.5821817298007842,0.5829153944680755,0.5483696647958178,0.632533797121267,0,1.814131498336792,0.16968822479248047,0
