Dataset,T,CV,ML,Acc,b_Acc,Prec,Rec,F1,kap,ROC,tra-T,test-T,Al-Time
A211108-I211122_1,0,1,DT,0.6716615416199908,0.5793359817569493,0.5767491344994752,0.5793359817569493,0.53614492885295,0.6571240948792674,0,2.1255295276641846,0.21770715713500977,0
A211108-I211122_1,1,2,DT,0.6717284870772953,0.5794043825178568,0.5699838024921831,0.5794043825178568,0.5304361074741544,0.6572927458923745,0,2.004504919052124,0.21651387214660645,0
A211108-I211122_1,2,3,DT,0.6686802372547007,0.5774813288251728,0.5901882269967108,0.5774813288251728,0.5454372718707248,0.6538942384939987,0,2.0123562812805176,0.21869111061096191,0
A211108-I211122_1,3,4,DT,0.6687270990748138,0.5775365394818062,0.5885771645720141,0.5775365394818062,0.5445865896326686,0.6540296088411579,0,2.061067581176758,0.25440025329589844,0
A211108-I211122_1,4,5,DT,0.6687427196815181,0.5775334559083342,0.5751803443301725,0.5775334559083342,0.5341857819892128,0.6540928180354421,0,2.1072609424591064,0.22965073585510254,0
