Dataset,T,CV,ML,Acc,b_Acc,Prec,Rec,F1,kap,ROC,tra-T,test-T,Al-Time
results/vs_1,0,1,DT,0.7322940866407669,0.815223042332738,0.7970019891691621,0.815223042332738,0.7875580626613226,0.7159867757498738,0,1.364403247833252,0.21876239776611328,0
