Dataset,T,CV,ML,Acc,b_Acc,Prec,Rec,F1,kap,ROC,tra-T,test-T,Al-Time
A211223-A211118_1,0,1,DT,0.5559346194334519,0.5087912029790012,0.4825506255491816,0.5087912029790012,0.4420953607512246,0.5402386137784735,0,1.2968175411224365,0.1406841278076172,0
A211223-A211118_1,1,2,DT,0.555648333427768,0.5086093588642814,0.48297859211600597,0.5086093588642814,0.4417074201622503,0.5399436065837093,0,1.2034707069396973,0.12639188766479492,0
A211223-A211118_1,2,3,DT,0.5558570836402459,0.5087606310734472,0.4818023026447379,0.5087606310734472,0.4419516897040997,0.5401602530870795,0,1.312509298324585,0.15623998641967773,0
A211223-A211118_1,3,4,DT,0.5558958515368488,0.5087616816484948,0.4817114601585435,0.5087616816484948,0.4419847011919507,0.5402000458959935,0,1.3437538146972656,0.15624737739562988,0
A211223-A211118_1,4,5,DT,0.5560658338527238,0.5091663359816555,0.4819091882049462,0.5091663359816555,0.4423326713876664,0.5403755084840778,0,1.3598394393920898,0.14063096046447754,0
