Dataset,T,CV,ML,Acc,b_Acc,Prec,Rec,F1,kap,ROC,tra-T,test-T,Al-Time
A211223-A211223_1,0,1,DT,0.9520902372617659,0.9461628595045187,0.9495286352979583,0.9461628595045187,0.9468941217287568,0.9494549874639038,0,1.0253429412841797,0.12417984008789062,0
A211223-A211223_1,1,2,DT,0.9520902372617659,0.9461628595045187,0.9495286352979583,0.9461628595045187,0.9468941217287568,0.9494549874639038,0,0.9905271530151367,0.12564301490783691,0
A211223-A211223_1,2,3,DT,0.9520902372617659,0.9461628595045187,0.9495286352979583,0.9461628595045187,0.9468941217287568,0.9494549874639038,0,0.9897525310516357,0.1258254051208496,0
A211223-A211223_1,3,4,DT,0.9520902372617659,0.9461628595045187,0.9495286352979583,0.9461628595045187,0.9468941217287568,0.9494549874639038,0,0.9817349910736084,0.12196707725524902,0
A211223-A211223_1,4,5,DT,0.9520902372617659,0.9461628595045187,0.9495286352979583,0.9461628595045187,0.9468941217287568,0.9494549874639038,0,0.9935600757598877,0.12858939170837402,0
