Dataset,T,CV,ML,Acc,b_Acc,Prec,Rec,F1,kap,ROC,tra-T,test-T,Al-Time
A211228-A211112_1,0,1,DT,0.5538750429095274,0.595288630366951,0.5553469725335738,0.595288630366951,0.5288369639809711,0.5319629081092978,0,1.4285295009613037,0.18886876106262207,0
A211228-A211112_1,1,2,DT,0.554013717408651,0.5955102064848158,0.5560186489741175,0.5955102064848158,0.5293845729484985,0.5321062997037745,0,1.4788880348205566,0.18907833099365234,0
A211228-A211112_1,2,3,DT,0.5540387242855421,0.5955125396118397,0.5557727536252288,0.5955125396118397,0.529092253955377,0.532140126235431,0,1.4786889553070068,0.17308807373046875,0
A211228-A211112_1,3,4,DT,0.5540159907610956,0.595527055079835,0.5618290409032061,0.595527055079835,0.5337707066665062,0.5322260807315697,0,1.4773969650268555,0.1731715202331543,0
A211228-A211112_1,4,5,DT,0.5535817804441676,0.5941738754466471,0.5631005257477134,0.5941738754466471,0.5338717899002725,0.5316012593736622,0,1.4940822124481201,0.18886899948120117,0
