Dataset,T,CV,ML,Acc,b_Acc,Prec,Rec,F1,kap,ROC,tra-T,test-T,Al-Time
A211223-I211112_1,0,1,DT,0.6341901500968897,0.6457125996587506,0.5909228165711412,0.6457125996587506,0.581928077626645,0.6139199987775004,0,1.0496981143951416,0.2797055244445801,0
A211223-I211112_1,1,2,DT,0.6338904489769107,0.6455536470755378,0.5952022080532899,0.6455536470755378,0.5829925411490693,0.6135604111616526,0,0.9805748462677002,0.2181682586669922,0
A211223-I211112_1,2,3,DT,0.6341614116333301,0.6456930882018691,0.5935881467804373,0.6456930882018691,0.5828344502442007,0.6138398421546183,0,0.9693853855133057,0.31446075439453125,0
A211223-I211112_1,3,4,DT,0.6341737281177128,0.6456763039675468,0.5942600166325793,0.6456763039675468,0.5827697476890671,0.6138567299784544,0,1.0358881950378418,0.18921661376953125,0
A211223-I211112_1,4,5,DT,0.6338801852399251,0.6456017008675686,0.5917288415847537,0.6456017008675686,0.582045915176955,0.6135957736428493,0,0.9342710971832275,0.19199657440185547,0
