Dataset,T,CV,ML,Acc,b_Acc,Prec,Rec,F1,kap,ROC,tra-T,test-T,Al-Time
A211110-A211117_1,0,1,DT,0.6966333940906665,0.7974096814263825,0.7945477312810454,0.7974096814263825,0.7434351925855339,0.6832416562468809,0,1.886646032333374,0.18822669982910156,0
A211110-A211117_1,1,2,DT,0.6955127424295108,0.7927310244754344,0.7920745187581495,0.7927310244754344,0.7416598191325285,0.6820737226694652,0,1.914635181427002,0.20102429389953613,0
A211110-A211117_1,2,3,DT,0.6964296392431836,0.7967831816402596,0.7933839331936837,0.7967831816402596,0.7423963884412683,0.6830616671023144,0,1.8387184143066406,0.1854701042175293,0
A211110-A211117_1,3,4,DT,0.696679903349331,0.7972267068334776,0.7889527807535981,0.7972267068334776,0.7401960786053893,0.6833235576817496,0,1.8381779193878174,0.19094491004943848,0
A211110-A211117_1,4,5,DT,0.6954728773506554,0.7927599273235023,0.7894068781089238,0.7927599273235023,0.7401413258875302,0.6820545269943536,0,1.8179845809936523,0.1858806610107422,0
