Dataset,T,CV,ML,Acc,b_Acc,Prec,Rec,F1,kap,ROC,tra-T,test-T,Al-Time
A211125-I211118_1,0,1,DT,0.9087761798645082,0.85871490915106,0.8742654518237709,0.85871490915106,0.8472580313670705,0.9035606909926638,0,1.3373911380767822,0.17399978637695312,0
A211125-I211118_1,1,2,DT,0.9081582804103566,0.8583544552897665,0.8724677918033329,0.8583544552897665,0.8461074993336718,0.902911208167479,0,1.399658203125,0.2092580795288086,0
A211125-I211118_1,2,3,DT,0.9087873332842583,0.8587289854985937,0.874223512805965,0.8587289854985937,0.8473045154771879,0.9035723082616975,0,1.322685956954956,0.18848967552185059,0
A211125-I211118_1,3,4,DT,0.9087672571287082,0.8585990598756353,0.8734915420632777,0.8585990598756353,0.8469945365922682,0.9035511825839999,0,1.2823619842529297,0.20855283737182617,0
A211125-I211118_1,4,5,DT,0.9081939713535567,0.8583691829850634,0.8725669237969295,0.8583691829850634,0.8461785934696918,0.9029485971925231,0,1.1536927223205566,0.14122939109802246,0
