Dataset,T,CV,ML,Acc,b_Acc,Prec,Rec,F1,kap,ROC,tra-T,test-T,Al-Time
results/vs_1,0,1,DT,0.8677583633917996,0.8371014102091663,0.8495469797886849,0.8371014102091663,0.8262364566385543,0.8619531809854787,0,1.5080220699310303,0.20386743545532227,0
