Dataset,T,CV,ML,Acc,b_Acc,Prec,Rec,F1,kap,ROC,tra-T,test-T,Al-Time
A211208-A211118_1,0,1,DT,0.6342726098846208,0.5524082879100213,0.5836481440150783,0.5524082879100213,0.5359231367716988,0.6184999300999662,0,1.678997278213501,0.1563427448272705,0
A211208-A211118_1,1,2,DT,0.6342576991551581,0.5523829865287794,0.5835829459519338,0.5523829865287794,0.5357874441639524,0.6184844580980016,0,1.6406848430633545,0.15626144409179688,0
A211208-A211118_1,2,3,DT,0.6342338419880177,0.5523870513200947,0.5833798818007186,0.5523870513200947,0.5357845296902584,0.6184591481983552,0,1.6875109672546387,0.15620112419128418,0
A211208-A211118_1,3,4,DT,0.6342099848208774,0.5523566666949212,0.5849812637999471,0.5523566666949212,0.5365002916457124,0.618424933327359,0,1.593824863433838,0.15617752075195312,0
A211208-A211118_1,4,5,DT,0.6342368241339102,0.5523270656734851,0.5847022161235657,0.5523270656734851,0.5366059502318432,0.6184522474329051,0,1.6718788146972656,0.15633106231689453,0
