Dataset,T,CV,ML,Acc,b_Acc,Prec,Rec,F1,kap,ROC,tra-T,test-T,Al-Time
A211109-A211110_1,0,1,DT,0.6965005351476986,0.7145074996596394,0.6668251362443328,0.7145074996596394,0.6614828687932658,0.6746941369487605,0,1.8652279376983643,0.1949784755706787,0
A211109-A211110_1,1,2,DT,0.6823481478823139,0.6971996615915926,0.6428684507837196,0.6971996615915926,0.6402147286091967,0.6596184522183999,0,2.0098769664764404,0.21050405502319336,0
A211109-A211110_1,2,3,DT,0.6846154008541253,0.6870195039533303,0.6392881332830367,0.6870195039533303,0.6314305739115299,0.6619492282307786,0,1.7691385746002197,0.20625853538513184,0
A211109-A211110_1,3,4,DT,0.6968573002801345,0.7147959406107991,0.6660043352057209,0.7147959406107991,0.6610793051300625,0.6750997027144423,0,1.8346993923187256,0.2053518295288086,0
A211109-A211110_1,4,5,DT,0.6968446340624149,0.7147559140014884,0.6668253412028999,0.7147559140014884,0.6615090692410686,0.6750855595075779,0,1.8892300128936768,0.2104480266571045,0
