Dataset,T,CV,ML,Acc,b_Acc,Prec,Rec,F1,kap,ROC,tra-T,test-T,Al-Time
A211118-A211115_1,0,1,DT,0.6578366649568802,0.7994085303632015,0.7867624893483544,0.7994085303632015,0.7583450800272081,0.6420201481751778,0,1.1793594360351562,0.22021746635437012,0
A211118-A211115_1,1,2,DT,0.6570617257527058,0.7988504277084539,0.7878344740392461,0.7988504277084539,0.7589660218115815,0.6411981564045797,0,1.1479692459106445,0.23482227325439453,0
A211118-A211115_1,2,3,DT,0.6575654362354192,0.7993381881039598,0.7871909501493245,0.7993381881039598,0.7586371916965805,0.641747420432301,0,1.1944739818572998,0.22028541564941406,0
A211118-A211115_1,3,4,DT,0.6570598806593626,0.7989026240185795,0.7917959537735245,0.7989026240185795,0.7602727254669868,0.6411897549536204,0,1.1490654945373535,0.2352147102355957,0
A211118-A211115_1,4,5,DT,0.6569694710855423,0.7987098222745992,0.7879437957921812,0.7987098222745992,0.7588175749358811,0.6410947543962303,0,1.1630289554595947,0.22231316566467285,0
