Dataset,T,CV,ML,Acc,b_Acc,Prec,Rec,F1,kap,ROC,tra-T,test-T,Al-Time
A211109-A211116_1,0,1,DT,0.6267575112742323,0.5909405107650986,0.5588725313396384,0.5909405107650986,0.5305595088976596,0.6039237428890016,0,1.8461833000183105,0.21741199493408203,0
A211109-A211116_1,1,2,DT,0.6268746461550475,0.5910661292779118,0.5547476822579793,0.5910661292779118,0.528582844116356,0.6040529573020302,0,1.9210474491119385,0.22868633270263672,0
A211109-A211116_1,2,3,DT,0.6265759522089687,0.5907665663333814,0.5642600776177347,0.5907665663333814,0.5363815070439211,0.6037336302287322,0,1.8869318962097168,0.2875704765319824,0
A211109-A211116_1,3,4,DT,0.6265700954649278,0.5907394041427259,0.5648032652997115,0.5907394041427259,0.5367334239778628,0.6037168875442973,0,1.853626012802124,0.22980380058288574,0
A211109-A211116_1,4,5,DT,0.6265642387208871,0.5907529592729979,0.5650901088417823,0.5907529592729979,0.5365102978191584,0.6037176662378525,0,1.869856834411621,0.23168396949768066,0
