Dataset,T,CV,ML,Acc,b_Acc,Prec,Rec,F1,kap,ROC,tra-T,test-T,Al-Time
results/vs_1,0,1,DT,0.5482071100170148,0.5208585881257104,0.5039039841076003,0.5208585881257104,0.4604011805048294,0.5312318394835093,0,1.5707674026489258,0.20639276504516602,0
