Dataset,T,CV,ML,Acc,b_Acc,Prec,Rec,F1,kap,ROC,tra-T,test-T,Al-Time
A211122-A211123_1,0,1,DT,0.9381813851267228,0.879326929617233,0.9145144411535657,0.879326929617233,0.8838432213871777,0.9335681821214422,0,1.4870691299438477,0.1855487823486328,0
A211122-A211123_1,1,2,DT,0.9382073684324488,0.8794708204832404,0.9145308942525199,0.8794708204832404,0.8839845769226873,0.933596228946445,0,1.386305332183838,0.18135333061218262,0
A211122-A211123_1,2,3,DT,0.9381835504021999,0.8793523396909396,0.9145803951844625,0.8793523396909396,0.8838712074286849,0.9335705267784082,0,1.6087372303009033,0.17259645462036133,0
A211122-A211123_1,3,4,DT,0.9382290211872205,0.8794763350261801,0.9147031355893954,0.8794763350261801,0.8839822722275222,0.9336194334699148,0,1.4302806854248047,0.1687002182006836,0
A211122-A211123_1,4,5,DT,0.9382008726060173,0.8794449852980192,0.9145576685183341,0.8794449852980192,0.8839621561772635,0.9335891753545537,0,1.461676836013794,0.1677992343902588,0
