Dataset,T,CV,ML,Acc,b_Acc,Prec,Rec,F1,kap,ROC,tra-T,test-T,Al-Time
A211112-A211208_1,0,1,DT,0.763538133882429,0.7073200605314379,0.654471962964792,0.7073200605314379,0.647057692780087,0.7430145202161997,0,1.5990052223205566,0.17534089088439941,0
A211112-A211208_1,1,2,DT,0.7635684148901809,0.7073037205099529,0.6577633790402195,0.7073037205099529,0.648743996061005,0.7431310571579838,0,1.6182854175567627,0.1653733253479004,0
A211112-A211208_1,2,3,DT,0.7635785085594315,0.7078334550457807,0.6547320533777189,0.7078334550457807,0.6474877426977449,0.7430603845976174,0,1.6221444606781006,0.14093708992004395,0
A211112-A211208_1,3,4,DT,0.7630637314276486,0.7067542535686545,0.6570907196410734,0.7067542535686545,0.6476207170838805,0.7425882568507677,0,1.5671589374542236,0.1508183479309082,0
A211112-A211208_1,4,5,DT,0.7631167231912145,0.706989502069331,0.6527344918883348,0.706989502069331,0.6446395362225217,0.7425550367725406,0,1.6438970565795898,0.1655888557434082,0
