Dataset,T,CV,ML,Acc,b_Acc,Prec,Rec,F1,kap,ROC,tra-T,test-T,Al-Time
A211123-I211108_1,0,1,DT,0.7692695957205054,0.72581017028147,0.7324201141363111,0.72581017028147,0.689232667712205,0.7559937799450214,0,1.5390000343322754,0.1832563877105713,0
A211123-I211108_1,1,2,DT,0.769283424333288,0.7258244593925954,0.7325191625035161,0.7258244593925954,0.6893521351953701,0.7560084535652026,0,1.467437744140625,0.1816699504852295,0
A211123-I211108_1,2,3,DT,0.7692903386396793,0.7258274587702013,0.7324963158401769,0.7258274587702013,0.6892808671649409,0.7560158028065129,0,1.4419629573822021,0.18124008178710938,0
A211123-I211108_1,3,4,DT,0.7695853490457105,0.7264581837698986,0.7334141527721374,0.7264581837698986,0.6899890935605026,0.7563277741554705,0,1.4051973819732666,0.16397476196289062,0
A211123-I211108_1,4,5,DT,0.7691727954310263,0.725631160125295,0.7317807759381547,0.725631160125295,0.6888502201832909,0.7558920192538734,0,1.6836013793945312,0.19403505325317383,0
