Dataset,T,CV,ML,Acc,b_Acc,Prec,Rec,F1,kap,ROC,tra-T,test-T,Al-Time
A211223-A211225_1,0,1,DT,0.8351917398468494,0.8297943756797551,0.8177166295951551,0.8297943756797551,0.802758748010413,0.8288059081078939,0,1.328052043914795,0.1719212532043457,0
A211223-A211225_1,1,2,DT,0.835284957188565,0.8298987894286941,0.8211079939914477,0.8298987894286941,0.80388548628851,0.8289139099274896,0,1.3593080043792725,0.17187047004699707,0
A211223-A211225_1,2,3,DT,0.8352959239346491,0.8299073120884759,0.8192186773289682,0.8299073120884759,0.8028549234885823,0.8289163411954849,0,1.3291823863983154,0.1717967987060547,0
A211223-A211225_1,3,4,DT,0.8352547986368335,0.8298606059395358,0.8205134076114844,0.8298606059395358,0.8035948568399833,0.8288874599325468,0,1.3282012939453125,0.1718144416809082,0
A211223-A211225_1,4,5,DT,0.8352410902042282,0.8298752184979142,0.8207822991532319,0.8298752184979142,0.8038451278103126,0.8288685613430267,0,1.3593051433563232,0.1718730926513672,0
