Dataset,T,CV,ML,Acc,b_Acc,Prec,Rec,F1,kap,ROC,tra-T,test-T,Al-Time
A211115-I211118_1,0,1,DT,0.8136062798214561,0.8001292780887269,0.8087662705929047,0.8001292780887269,0.7768545735351274,0.8043832182636387,0,2.1493701934814453,0.18127059936523438,0
A211115-I211118_1,1,2,DT,0.8136419707646562,0.8001634404794574,0.808659278505227,0.8001634404794574,0.7768930839443955,0.8044205240986733,0,2.1937448978424072,0.19547700881958008,0
A211115-I211118_1,2,3,DT,0.8136442014486062,0.8002340210228166,0.8088441099104133,0.8002340210228166,0.7769494901542386,0.8044232670577998,0,2.1639091968536377,0.18545269966125488,0
A211115-I211118_1,3,4,DT,0.8127273903451537,0.7963972634891463,0.8057574466039863,0.7963972634891463,0.7712262931875286,0.8034603869296728,0,2.162390947341919,0.19088959693908691,0
A211115-I211118_1,4,5,DT,0.8135906650338061,0.8001749703880461,0.8088444977198223,0.8001749703880461,0.7769211661178576,0.8043671769851516,0,2.23439359664917,0.19602060317993164,0
