Dataset,T,CV,ML,Acc,b_Acc,Prec,Rec,F1,kap,ROC,tra-T,test-T,Al-Time
results/vs_1,0,1,DT,0.5612458615956072,0.5203330376571671,0.4906623551659856,0.5203330376571671,0.46216791241978256,0.5446938034473097,0,1.6559817790985107,0.17525053024291992,0
