Dataset,T,CV,ML,Acc,b_Acc,Prec,Rec,F1,kap,ROC,tra-T,test-T,Al-Time
A211117-A211109_1,0,1,DT,0.7539066307874017,0.7382919404006835,0.6956049241192891,0.7382919404006835,0.6861217654280647,0.7400143727134132,0,1.665879726409912,0.1887223720550537,0
A211117-A211109_1,1,2,DT,0.7539950443087763,0.7386305548930961,0.6926668108796579,0.7386305548930961,0.684751407764447,0.7401073297135667,0,1.6363301277160645,0.1882164478302002,0
A211117-A211109_1,2,3,DT,0.7539678401483534,0.7385644571485308,0.6884794446053605,0.7385644571485308,0.6821588803218878,0.7401534365038607,0,1.6365137100219727,0.1889171600341797,0
A211117-A211109_1,3,4,DT,0.7539406359879304,0.7383306765321784,0.7055731419650386,0.7383306765321784,0.6926482884432114,0.740472095473169,0,1.5883314609527588,0.20438289642333984,0
A211117-A211109_1,4,5,DT,0.7539474370280361,0.738498463567602,0.6912932408051086,0.738498463567602,0.6843044307968434,0.7400581937381772,0,1.6676599979400635,0.20456624031066895,0
