Dataset,T,CV,ML,Acc,b_Acc,Prec,Rec,F1,kap,ROC,tra-T,test-T,Al-Time
A211118-A211110_1,0,1,DT,0.7277480942619923,0.7330468662258384,0.6935647298076539,0.7330468662258384,0.6875314828234649,0.7085123680993478,0,1.1954278945922852,0.1889479160308838,0
A211118-A211110_1,1,2,DT,0.7084152239492845,0.7108956866931412,0.6765856135383632,0.7108956866931412,0.6602035208631288,0.6878765428155844,0,1.1646754741668701,0.20399188995361328,0
A211118-A211110_1,2,3,DT,0.7277523163345655,0.7330578965979823,0.6921261874767148,0.7330578965979823,0.6868241374567625,0.7085147280027715,0,1.1317930221557617,0.2044694423675537,0
A211118-A211110_1,3,4,DT,0.727733317007986,0.7330381395627084,0.6922384730563789,0.7330381395627084,0.6868685595404428,0.7084982137426367,0,1.1555159091949463,0.21167373657226562,0
A211118-A211110_1,4,5,DT,0.7277312059716995,0.7329882416003347,0.6935508251955097,0.7329882416003347,0.6875096587911673,0.708492800409966,0,1.1482045650482178,0.18892598152160645,0
