Dataset,T,CV,ML,Acc,b_Acc,Prec,Rec,F1,kap,ROC,tra-T,test-T,Al-Time
A211112-I211104_1,0,1,DT,0.7537422856941997,0.6985150116219818,0.7118175861374632,0.6985150116219818,0.6848308842236488,0.7399923799230168,0,1.6577668190002441,0.16990900039672852,0
A211112-I211104_1,1,2,DT,0.7545231316189873,0.6999223050965341,0.7143805660428626,0.6999223050965341,0.6871538077328476,0.7408161846259624,0,1.6403486728668213,0.1853163242340088,0
A211112-I211104_1,2,3,DT,0.7537874793490105,0.6983875221973512,0.7068255063750655,0.6983875221973512,0.6806741782639566,0.7400555549105017,0,1.5852961540222168,0.17628049850463867,0
A211112-I211104_1,3,4,DT,0.7543272924481402,0.6992020203638778,0.713998185818007,0.6992020203638778,0.6865318728850611,0.7406079630106894,0,1.6635878086090088,0.17133069038391113,0
A211112-I211104_1,4,5,DT,0.7545331746533898,0.6997885973523156,0.7144505323813414,0.6997885973523156,0.6871766677067527,0.7408265189743495,0,1.649501085281372,0.17357087135314941,0
