Dataset,T,CV,ML,Acc,b_Acc,Prec,Rec,F1,kap,ROC,tra-T,test-T,Al-Time
A211109-I211112_1,0,1,DT,0.6773245311524945,0.6867457821716259,0.6717442508910233,0.6867457821716259,0.6386824283291227,0.659773078373573,0,1.9012973308563232,0.22852420806884766,0
A211109-I211112_1,1,2,DT,0.6773245311524945,0.686722271478254,0.6717816064875578,0.686722271478254,0.6386336341305245,0.6597741057727451,0,1.7019245624542236,0.2149336338043213,0
A211109-I211112_1,2,3,DT,0.677421010280159,0.6868857003587637,0.6724970082041755,0.6868857003587637,0.639044366427828,0.6598721703773076,0,1.6601331233978271,0.20499515533447266,0
A211109-I211112_1,3,4,DT,0.6773183729103032,0.6867273181252994,0.6718935966321324,0.6867273181252994,0.6385761337171598,0.6597723268800604,0,1.709688663482666,0.21497058868408203,0
A211109-I211112_1,4,5,DT,0.6772752652149637,0.6866716578628215,0.6718128305313857,0.6866716578628215,0.638762850278969,0.6597138247427443,0,1.9274342060089111,0.24486136436462402,0
