Dataset,T,CV,ML,Acc,b_Acc,Prec,Rec,F1,kap,ROC,tra-T,test-T,Al-Time
A211115-A211112_1,0,1,DT,0.8475512584142457,0.8522197549730959,0.850729946283234,0.8522197549730959,0.8396978753014275,0.8389243591983129,0,2.028921127319336,0.1853046417236328,0
A211115-A211112_1,1,2,DT,0.84849697303122,0.8526126053147549,0.8542279847226162,0.8526126053147549,0.8418643059124109,0.8399107940632102,0,2.174445629119873,0.18078136444091797,0
A211115-A211112_1,2,3,DT,0.8491721587072809,0.8532838524328333,0.8548309173896995,0.8532838524328333,0.8424806096992565,0.840622788169159,0,2.0882599353790283,0.20093202590942383,0
A211115-A211112_1,3,4,DT,0.848049122599624,0.852916898992517,0.8518435767795158,0.852916898992517,0.8405896447511321,0.8394509369379941,0,2.078202962875366,0.19025349617004395,0
A211115-A211112_1,4,5,DT,0.8495290750410909,0.8538362913171963,0.8555977352034295,0.8538362913171963,0.8429798585723716,0.8410031555918774,0,2.0795323848724365,0.18068766593933105,0
