Dataset,T,CV,ML,Acc,b_Acc,Prec,Rec,F1,kap,ROC,tra-T,test-T,Al-Time
results/vs_1,0,1,DT,0.9895229007193714,0.8815750449989457,0.9143087113743439,0.8815750449989457,0.8922705806884611,0.9786161523646862,0,5.638750314712524,0.8503780364990234,0
