Dataset,T,CV,ML,Acc,b_Acc,Prec,Rec,F1,kap,ROC,tra-T,test-T,Al-Time
results/vs_1,0,1,DT,0.8613836295840422,0.8335347532141837,0.845450923989718,0.8335347532141837,0.811039097404531,0.855149913719333,0,1.5672998428344727,0.20883822441101074,0
