Dataset,T,CV,ML,Acc,b_Acc,Prec,Rec,F1,kap,ROC,tra-T,test-T,Al-Time
A211116-A211206_1,0,1,DT,0.6540050168370167,0.6874197048595764,0.6420307611822514,0.6874197048595764,0.6040077768932549,0.6400346566828132,0,1.7729988098144531,0.1806640625,0
A211116-A211206_1,1,2,DT,0.653952472551322,0.6872687447294571,0.6481684142365561,0.6872687447294571,0.610374718866773,0.6398248933594589,0,1.9014742374420166,0.19464516639709473,0
A211116-A211206_1,2,3,DT,0.6537171655327763,0.6867214294988047,0.6472082000455724,0.6867214294988047,0.6100127430601153,0.6395849600079089,0,1.937709093093872,0.18546009063720703,0
A211116-A211206_1,3,4,DT,0.6537651407501497,0.6869932950551264,0.6490185811109851,0.6869932950551264,0.6108024384425869,0.6396348043401812,0,1.932579755783081,0.19567155838012695,0
A211116-A211206_1,4,5,DT,0.6538222541041656,0.6868209934127366,0.6427165743360403,0.6868209934127366,0.6042075052977669,0.6396959013751067,0,1.878878116607666,0.19557809829711914,0
