Dataset,T,CV,ML,Acc,b_Acc,Prec,Rec,F1,kap,ROC,tra-T,test-T,Al-Time
A211109-I211112_1,0,1,DT,0.5980864288764082,0.5529959658258325,0.5295026443806249,0.5529959658258325,0.49384684921957284,0.5802679255315779,0,1.9218664169311523,0.23439240455627441,0
A211109-I211112_1,1,2,DT,0.5980946398659966,0.5530154465057918,0.5402503869261265,0.5530154465057918,0.5030888771649376,0.5802599518579292,0,1.8906254768371582,0.2187507152557373,0
A211109-I211112_1,2,3,DT,0.5980741123920255,0.5529939089516136,0.5300926939010759,0.5529939089516136,0.4940180800079223,0.5802637696677693,0,1.8749926090240479,0.2343752384185791,0
A211109-I211112_1,3,4,DT,0.5818779354287779,0.5311361705381963,0.5025026114092145,0.5311361705381963,0.46620792822307766,0.5634301299625689,0,2.0468649864196777,0.21876907348632812,0
A211109-I211112_1,4,5,DT,0.5818635661969981,0.5311141387298425,0.5106590280082158,0.5311141387298425,0.47162574856677975,0.563312547872463,0,1.9062507152557373,0.2187645435333252,0
