Dataset,T,CV,ML,Acc,b_Acc,Prec,Rec,F1,kap,ROC,tra-T,test-T,Al-Time
A211108-A211228_1,0,1,DT,0.607222874074995,0.5649108761001586,0.545166466166461,0.5649108761001586,0.5158989339640608,0.5919737588417731,0,1.9422023296356201,0.18265199661254883,0
A211108-A211228_1,1,2,DT,0.6073212995267808,0.5648632909651483,0.5543602815924412,0.5648632909651483,0.5226401074016994,0.5916242503484486,0,1.7648262977600098,0.1713554859161377,0
A211108-A211228_1,2,3,DT,0.6085749289653154,0.5650667428969425,0.545256069179857,0.5650667428969425,0.5165617009533107,0.5933299752895427,0,2.088657855987549,0.18961882591247559,0
A211108-A211228_1,3,4,DT,0.6085205359524865,0.564992403047678,0.5448843936505484,0.564992403047678,0.5162578192341039,0.5932702670791513,0,1.8885307312011719,0.1786816120147705,0
A211108-A211228_1,4,5,DT,0.6072021529272507,0.5647462855736055,0.5398532806168308,0.5647462855736055,0.5136230920545605,0.591941381694871,0,1.84883713722229,0.1731274127960205,0
