Dataset,T,CV,ML,Acc,b_Acc,Prec,Rec,F1,kap,ROC,tra-T,test-T,Al-Time
results/vs_1,0,1,DT,0.7715771614863441,0.7930537413465746,0.7933571316503546,0.7930537413465746,0.7751010867455334,0.762929043801629,0,1.2675600051879883,0.20598697662353516,0
