Dataset,T,CV,ML,Acc,b_Acc,Prec,Rec,F1,kap,ROC,tra-T,test-T,Al-Time
A211228-I211115_1,0,1,DT,0.6219070535922201,0.6131929421480432,0.6264971184253303,0.6131929421480432,0.5781097086384525,0.602733192329437,0,1.4879224300384521,0.18680858612060547,0
A211228-I211115_1,1,2,DT,0.6219624976436278,0.6132619456327594,0.6271953114515233,0.6132619456327594,0.5785030066531872,0.6027877656666321,0,1.4119279384613037,0.19437241554260254,0
A211228-I211115_1,2,3,DT,0.6218405207305309,0.6130632707908796,0.6266301614953773,0.6130632707908796,0.5783391114599419,0.6026538263361381,0,1.3834922313690186,0.19921422004699707,0
A211228-I211115_1,3,4,DT,0.6219159246404453,0.6132417079512044,0.6270040521417247,0.6132417079512044,0.5785045097166276,0.6027373989948422,0,1.491326093673706,0.19199371337890625,0
A211228-I211115_1,4,5,DT,0.621913706878389,0.6132388168924074,0.6271550317865529,0.6132388168924074,0.5784842894853341,0.6027366002717512,0,1.5082037448883057,0.19366908073425293,0
