Dataset,T,CV,ML,Acc,b_Acc,Prec,Rec,F1,kap,ROC,tra-T,test-T,Al-Time
A211228-A211125_1,0,1,DT,0.7135010640022169,0.6760134568547618,0.6850273462534824,0.6760134568547618,0.6514568907058909,0.6983393112177111,0,1.4716193675994873,0.16468596458435059,0
A211228-A211125_1,1,2,DT,0.7135062925143392,0.6759753827903359,0.6723421322186017,0.6759753827903359,0.6440653254417976,0.698390714331566,0,1.487990140914917,0.18047094345092773,0
A211228-A211125_1,2,3,DT,0.7134801499537277,0.6760083922674959,0.6834639070713364,0.6760083922674959,0.6501405825474467,0.6983727428155457,0,1.4135661125183105,0.1897602081298828,0
A211228-A211125_1,3,4,DT,0.7135141352825226,0.6759914793728957,0.685093008922446,0.6759914793728957,0.6516426555730204,0.6983577217720249,0,1.4373509883880615,0.1433413028717041,0
A211228-A211125_1,4,5,DT,0.7134827642097888,0.6759275190844796,0.6849271194632933,0.6759275190844796,0.6516081442158291,0.6983147980583126,0,1.600785493850708,0.20957231521606445,0
