Dataset,T,CV,ML,Acc,b_Acc,Prec,Rec,F1,kap,ROC,tra-T,test-T,Al-Time
A211109-A211123_1,0,1,DT,0.7588164604241775,0.5923826773228006,0.6034534156934481,0.5923826773228006,0.5635276964626654,0.7425643440967634,0,1.880305290222168,0.24044346809387207,0
A211109-A211123_1,1,2,DT,0.7703682050948932,0.6138167611182772,0.6124834415385693,0.6138167611182772,0.5701718867242247,0.754921627049011,0,1.9360291957855225,0.1896953582763672,0
A211109-A211123_1,2,3,DT,0.770366039819416,0.613811849045376,0.622840472587176,0.613811849045376,0.5792024397360951,0.7549073018949608,0,1.8730120658874512,0.1986863613128662,0
A211109-A211123_1,3,4,DT,0.7706561867333571,0.6140264881303732,0.6121389261548006,0.6140264881303732,0.570517710775164,0.7552210105650445,0,1.847240686416626,0.2156970500946045,0
A211109-A211123_1,4,5,DT,0.757655872768413,0.5920599588675659,0.5931416142660463,0.5920599588675659,0.5479552298961945,0.7413456587641212,0,1.8000004291534424,0.20768952369689941,0
