Dataset,T,CV,ML,Acc,b_Acc,Prec,Rec,F1,kap,ROC,tra-T,test-T,Al-Time
A211225-A211115_1,0,1,DT,0.82313304230061,0.7192909128304864,0.7007124553583847,0.7192909128304864,0.6863621042444339,0.8068417495828197,0,1.1131622791290283,0.22987914085388184,0
A211225-A211115_1,1,2,DT,0.8326703297919842,0.7326334611676617,0.7168763102040413,0.7326334611676617,0.6968623174350931,0.8172645538703703,0,1.242999792098999,0.2066202163696289,0
A211225-A211115_1,2,3,DT,0.8232437479012064,0.7192780269003397,0.702399589274441,0.7192780269003397,0.6824714578207451,0.8069841493372043,0,1.2841932773590088,0.2434861660003662,0
A211225-A211115_1,3,4,DT,0.8235297373694135,0.7196296155267242,0.7027514220196363,0.7196296155267242,0.6870008445427817,0.8072821137172289,0,1.2831144332885742,0.21344661712646484,0
A211225-A211115_1,4,5,DT,0.8232474380878929,0.7192033217588703,0.7017890966702467,0.7192033217588703,0.6865213786686991,0.8069688678114038,0,1.3178882598876953,0.2448866367340088,0
