Dataset,T,CV,ML,Acc,b_Acc,Prec,Rec,F1,kap,ROC,tra-T,test-T,Al-Time
A211123-I211119_1,0,1,DT,0.8654020200557506,0.8478617235967875,0.8476297231046503,0.8478617235967875,0.8282936004167698,0.8593485606387877,0,1.796959400177002,0.20304417610168457,0
A211123-I211119_1,1,2,DT,0.865236849726677,0.847705243555554,0.8466200044753054,0.847705243555554,0.8276851432258677,0.859176499796279,0,1.8107717037200928,0.1878969669342041,0
A211123-I211119_1,2,3,DT,0.8653273540165803,0.8477466627246094,0.847571152167694,0.8477466627246094,0.8282108721507704,0.8592704795709938,0,1.7343792915344238,0.2187814712524414,0
A211123-I211119_1,3,4,DT,0.865356767910799,0.8477849495905261,0.8474954051939873,0.8477849495905261,0.828186383658027,0.8593010588550891,0,1.7655346393585205,0.20316386222839355,0
A211123-I211119_1,4,5,DT,0.8653002027296094,0.8478195627919225,0.8447519657303451,0.8478195627919225,0.8269521404235992,0.859250588358158,0,1.8126626014709473,0.20313620567321777,0
