Dataset,T,CV,ML,Acc,b_Acc,Prec,Rec,F1,kap,ROC,tra-T,test-T,Al-Time
A211108-I211122_1,0,1,DT,0.7629015053801832,0.7267733062930568,0.7176232777197422,0.7267733062930568,0.6813967080362839,0.7497897097698152,0,2.049306631088257,0.19091510772705078,0
A211108-I211122_1,1,2,DT,0.7658895042912038,0.7291885175203604,0.7392574576215216,0.7291885175203604,0.6984924170504133,0.7528338558478942,0,2.054023265838623,0.18600678443908691,0
A211108-I211122_1,2,3,DT,0.7658917358064473,0.7292223701646948,0.7185545024353546,0.7292223701646948,0.6813913419410428,0.7529217048363386,0,2.0666489601135254,0.19017672538757324,0
A211108-I211122_1,3,4,DT,0.7497199448369432,0.7155608736519569,0.7321371771636761,0.7155608736519569,0.6893456036302213,0.735831468169217,0,2.0668160915374756,0.20955896377563477,0
A211108-I211122_1,4,5,DT,0.7628613381058006,0.7268037029085952,0.7299646136617615,0.7268037029085952,0.6909749821008754,0.7497346219726997,0,1.98939847946167,0.1960277557373047,0
