Dataset,T,CV,ML,Acc,b_Acc,Prec,Rec,F1,kap,ROC,tra-T,test-T,Al-Time
A211125-I211122_1,0,1,DT,0.8827137903179016,0.8527099643647691,0.8572504731910388,0.8527099643647691,0.8362047000020955,0.877509376978321,0,1.4890952110290527,0.18262767791748047,0
A211125-I211122_1,1,2,DT,0.8827361054703364,0.8527233186335988,0.8576294496664867,0.8527233186335988,0.8361809483368173,0.8775327720417501,0,1.580519199371338,0.18661761283874512,0
A211125-I211122_1,2,3,DT,0.8827004012264408,0.8526542069758994,0.8562514069436035,0.8526542069758994,0.836047346515864,0.8774954911528419,0,1.4786829948425293,0.20468401908874512,0
A211125-I211122_1,3,4,DT,0.8546279394634545,0.8350979122320856,0.8380987442795574,0.8350979122320856,0.8082753546827729,0.8483142298589217,0,1.5355875492095947,0.20157074928283691,0
A211125-I211122_1,4,5,DT,0.8827762727447191,0.8527543292550294,0.8565061944167626,0.8527543292550294,0.8362150523381127,0.8775749309620676,0,1.5903069972991943,0.20659708976745605,0
