Dataset,T,CV,ML,Acc,b_Acc,Prec,Rec,F1,kap,ROC,tra-T,test-T,Al-Time
11110-A21111_1,0,1,DT,0.8226194021537742,0.8225378207170089,0.8107122196112553,0.8225378207170089,0.799060502360956,0.8139935086121667,0,3.296870231628418,0.2031393051147461,0
11110-A21111_1,1,2,DT,0.8223784267946412,0.8225935202224437,0.8188816372001885,0.8225935202224437,0.8032400395758653,0.813722460141757,0,3.421872138977051,0.21874403953552246,0
11110-A21111_1,2,3,DT,0.822321592983525,0.8224030553061442,0.8035373769335944,0.8224030553061442,0.794848847743008,0.8137183066877556,0,3.2656338214874268,0.20312809944152832,0
11110-A21111_1,3,4,DT,0.8223306863933036,0.8225152350581134,0.8087009286709801,0.8225152350581134,0.7975595481670732,0.8137071617826874,0,3.286491632461548,0.21875262260437012,0
11110-A21111_1,4,5,DT,0.8223761534421966,0.8224777278536948,0.803758490250477,0.8224777278536948,0.7949719461396993,0.8137740477849296,0,3.2968738079071045,0.20313453674316406,0
