Dataset,T,CV,ML,Acc,b_Acc,Prec,Rec,F1,kap,ROC,tra-T,test-T,Al-Time
A211110-I211103_1,0,1,DT,0.7449725936311633,0.6812396648016,0.6999844038889773,0.6812396648016,0.6603235715813661,0.7305503247512203,0,1.7935843467712402,0.18101906776428223,0
A211110-I211103_1,1,2,DT,0.7449775743433553,0.6812126927201168,0.6988991563460961,0.6812126927201168,0.6599065179364787,0.7305648668675265,0,1.8499691486358643,0.18082356452941895,0
A211110-I211103_1,2,3,DT,0.7449701032750673,0.6811982430569572,0.6982109661256897,0.6811982430569572,0.6599259032919232,0.7305567465260064,0,1.882354736328125,0.17733335494995117,0
A211110-I211103_1,3,4,DT,0.7449725936311633,0.6811983419034161,0.6995164823165309,0.6811983419034161,0.6605338520781294,0.7305578394433082,0,1.8140974044799805,0.17587566375732422,0
A211110-I211103_1,4,5,DT,0.7450722078750041,0.6812660628130781,0.6996275220745254,0.6812660628130781,0.6605546627593557,0.7306650735458126,0,1.8134703636169434,0.1810007095336914,0
