Dataset,T,CV,ML,Acc,b_Acc,Prec,Rec,F1,kap,ROC,tra-T,test-T,Al-Time
results/vs_1,0,1,DT,0.6299490868813041,0.5591015730576804,0.5475949683909341,0.5591015730576804,0.5236864377804981,0.6153516157258575,0,1.6392033100128174,0.17730975151062012,0
