Dataset,T,CV,ML,Acc,b_Acc,Prec,Rec,F1,kap,ROC,tra-T,test-T,Al-Time
A211206-A211112_1,0,1,DT,0.7297415880276167,0.7107623153010277,0.6656677195994253,0.7107623153010277,0.6643111867574323,0.714248228293923,0,1.728046178817749,0.18843388557434082,0
A211206-A211112_1,1,2,DT,0.7301462447627644,0.711893123312646,0.6616648377941232,0.711893123312646,0.6616836185234599,0.7147172905251322,0,1.77744722366333,0.17320489883422852,0
A211206-A211112_1,2,3,DT,0.7413879726015563,0.7241185622400511,0.6701642546267286,0.7241185622400511,0.6646123965573837,0.7266019474138506,0,1.79337739944458,0.1886591911315918,0
A211206-A211112_1,3,4,DT,0.7422427531207446,0.7250332605712452,0.6781369368855876,0.7250332605712452,0.6741125570771545,0.7274783713823109,0,1.7771344184875488,0.17320704460144043,0
A211206-A211112_1,4,5,DT,0.7420881651545084,0.7248244021496453,0.6708274712254974,0.7248244021496453,0.6652022571696762,0.7273445289011746,0,1.7983202934265137,0.16817879676818848,0
