Dataset,T,CV,ML,Acc,b_Acc,Prec,Rec,F1,kap,ROC,tra-T,test-T,Al-Time
A211208-I211108_1,0,1,DT,0.6910803142782732,0.6561994615283074,0.6524260405155604,0.6561994615283074,0.6336878088637131,0.6740765528696333,0,1.5240428447723389,0.20579743385314941,0
A211208-I211108_1,1,2,DT,0.6911794193365493,0.6569461746740203,0.6521920392777093,0.6569461746740203,0.633669702546243,0.6741812762861346,0,1.431241750717163,0.18776369094848633,0
A211208-I211108_1,2,3,DT,0.6911287144230126,0.6568770367749011,0.6412344686624767,0.6568770367749011,0.6275792870713832,0.6740265343784269,0,1.4163093566894531,0.1888418197631836,0
A211208-I211108_1,3,4,DT,0.6910941428910559,0.6574115967060294,0.6382345003796914,0.6574115967060294,0.6272165924153678,0.6740071752551533,0,1.433335304260254,0.17298293113708496,0
A211208-I211108_1,4,5,DT,0.6912070765621147,0.657737548685111,0.6532090279220365,0.657737548685111,0.6341664194722763,0.67420977931433,0,1.4624748229980469,0.17259860038757324,0
