Dataset,T,CV,ML,Acc,b_Acc,Prec,Rec,F1,kap,ROC,tra-T,test-T,Al-Time
A211228-A211108_1,0,1,DT,0.785365040240581,0.6095629683738569,0.6065830693436077,0.6095629683738569,0.5765427124712764,0.7683639978469575,0,1.7191462516784668,0.2185049057006836,0
A211228-A211108_1,1,2,DT,0.785409123753922,0.6095542550725429,0.6068883118065904,0.6095542550725429,0.5765987126670671,0.7684098873286416,0,1.8280611038208008,0.218825101852417,0
A211228-A211108_1,2,3,DT,0.785474290686687,0.6095020220413379,0.6062488319812985,0.6095020220413379,0.5765264792529904,0.7684797545415522,0,1.6879158020019531,0.21874690055847168,0
A211228-A211108_1,3,4,DT,0.7858825423537146,0.6101793216325796,0.6069267713324379,0.6101793216325796,0.5772126392593322,0.7689237989306569,0,1.7968857288360596,0.2188117504119873,0
A211228-A211108_1,4,5,DT,0.7855241242235073,0.6095891633551064,0.6050667208960793,0.6095891633551064,0.5754271231069247,0.7687116032508541,0,1.796881914138794,0.23438405990600586,0
