Dataset,T,CV,ML,Acc,b_Acc,Prec,Rec,F1,kap,ROC,tra-T,test-T,Al-Time
A211116-A211223_1,0,1,DT,0.6987040062232595,0.6807669359896995,0.6812281063431608,0.6807669359896995,0.6361446540245164,0.6827780804408257,0,1.9463655948638916,0.13894939422607422,0
A211116-A211223_1,1,2,DT,0.6987382341501361,0.6808041560165485,0.6903610350080754,0.6808041560165485,0.6387059059567441,0.6828121688592554,0,1.8734068870544434,0.15608000755310059,0
A211116-A211223_1,2,3,DT,0.6987444574095683,0.680792798189818,0.6909438487759381,0.680792798189818,0.6395213154118301,0.6827149750898895,0,1.8967881202697754,0.19424819946289062,0
A211116-A211223_1,3,4,DT,0.698685336444963,0.6806434187836449,0.6912761753377745,0.6806434187836449,0.6391549101040487,0.6827113414393347,0,1.8247687816619873,0.14968442916870117,0
A211116-A211223_1,4,5,DT,0.6986075457020614,0.6805404276794815,0.6897946437134402,0.6805404276794815,0.6383015004952157,0.6826752767427731,0,1.7843291759490967,0.12841033935546875,0
