Dataset,T,CV,ML,Acc,b_Acc,Prec,Rec,F1,kap,ROC,tra-T,test-T,Al-Time
A211105-A211122_1,0,1,DT,0.791742820494075,0.7190196325335737,0.7384871713283101,0.7190196325335737,0.6705792110971547,0.7759083359930364,0,1.3627872467041016,0.19043946266174316,0
A211105-A211122_1,1,2,DT,0.7917118051170942,0.7189935243207924,0.7265713377702213,0.7189935243207924,0.670687716293705,0.775813841915237,0,1.3495419025421143,0.17301464080810547,0
A211105-A211122_1,2,3,DT,0.7918358666250175,0.7190549621994881,0.7354906516267875,0.7190549621994881,0.6693852402976801,0.7760075229823467,0,1.321092128753662,0.1659541130065918,0
A211105-A211122_1,3,4,DT,0.7917140205011642,0.718986416100316,0.7354378522631095,0.718986416100316,0.6695514024640924,0.775879163296384,0,1.4001281261444092,0.17774462699890137,0
A211105-A211122_1,4,5,DT,0.7915810974569606,0.718856276160246,0.7376960858574926,0.718856276160246,0.670037724809567,0.7757332367357119,0,1.3525786399841309,0.16233062744140625,0
