Dataset,T,CV,ML,Acc,b_Acc,Prec,Rec,F1,kap,ROC,tra-T,test-T,Al-Time
11126-A21120_1,0,1,DT,0.26880734015441554,0.5408777135347305,0.5355169083756445,0.5408777135347305,0.5018305146099734,0.24383350050389663,0,5.265608072280884,0.9687271118164062,0
11126-A21120_1,1,2,DT,0.26884191423630077,0.5413800718628219,0.5448161628466417,0.5413800718628219,0.5090990390493254,0.24388783265054614,0,5.29641318321228,0.9555792808532715,0
11126-A21120_1,2,3,DT,0.2686555983505858,0.5404123121902139,0.5425918190416559,0.5404123121902139,0.5072651756949139,0.24369196098577406,0,5.015626668930054,0.9531240463256836,0
11126-A21120_1,3,4,DT,0.26872205741909855,0.5406541324935104,0.536243841880081,0.5406541324935104,0.5015921453865635,0.24419819163903111,0,5.314885854721069,0.9843893051147461,0
11126-A21120_1,4,5,DT,0.26881579159665414,0.5409438651141406,0.5337602901638657,0.5409438651141406,0.5018978964439673,0.2438491022626793,0,5.312498569488525,0.968761682510376,0
