Dataset,T,CV,ML,Acc,b_Acc,Prec,Rec,F1,kap,ROC,tra-T,test-T,Al-Time
results/vs_1,0,1,DT,0.5373834776965958,0.5182439869431757,0.5377196415272317,0.5182439869431757,0.4744386402283082,0.517738068811697,0,1.5497584342956543,0.19104814529418945,0
