Dataset,T,CV,ML,Acc,b_Acc,Prec,Rec,F1,kap,ROC,tra-T,test-T,Al-Time
A211125-I211118_1,0,1,DT,0.8678743589571999,0.8373969880179497,0.8496547416563873,0.8373969880179497,0.8265399806882602,0.862074457228261,0,1.7353456020355225,0.21868586540222168,0
A211125-I211118_1,1,2,DT,0.8678475907497998,0.8373248338294971,0.8497839518318031,0.8373248338294971,0.8263624934856588,0.8620463133577283,0,1.6564583778381348,0.2036287784576416,0
A211125-I211118_1,2,3,DT,0.86792566468805,0.8374286811996818,0.8496078903285679,0.8374286811996818,0.8265758721682499,0.8621278149903615,0,1.6425113677978516,0.20321249961853027,0
A211125-I211118_1,3,4,DT,0.8678676669053499,0.8372350360095222,0.8500340176091721,0.8372350360095222,0.8263812120730211,0.8620675198950559,0,1.7978582382202148,0.21913576126098633,0
A211125-I211118_1,4,5,DT,0.8472829154146952,0.8198245993469143,0.8325161605236623,0.8198245993469143,0.8009536769499089,0.8406453834768584,0,1.7354276180267334,0.20313477516174316,0
