Dataset,T,CV,ML,Acc,b_Acc,Prec,Rec,F1,kap,ROC,tra-T,test-T,Al-Time
A211109-A211225_1,0,1,DT,0.7292611977331735,0.6909898288748108,0.71471806639782,0.6909898288748108,0.6733701853694051,0.7153229806404433,0,1.9448683261871338,0.15482449531555176,0
A211109-A211225_1,1,2,DT,0.7296258420404728,0.6911937623273857,0.7149822061292511,0.6911937623273857,0.6734991138077757,0.715705974771087,0,1.7545294761657715,0.16494965553283691,0
A211109-A211225_1,2,3,DT,0.729699867576541,0.6912253330598317,0.7150016331206456,0.6912253330598317,0.6735540503823135,0.7157834566046042,0,1.929591417312622,0.15991997718811035,0
A211109-A211225_1,3,4,DT,0.7141298298235177,0.6768308081268007,0.6992344674721852,0.6768308081268007,0.6656001358050215,0.6995379874339938,0,1.9953563213348389,0.17436718940734863,0
A211109-A211225_1,4,5,DT,0.7294448907300837,0.6910505480226986,0.7147022595340033,0.6910505480226986,0.6733491749604918,0.7155166752114532,0,1.8797197341918945,0.1556539535522461,0
