Dataset,T,CV,ML,Acc,b_Acc,Prec,Rec,F1,kap,ROC,tra-T,test-T,Al-Time
A211118-A211115_1,0,1,DT,0.6315330142551911,0.7839897095985027,0.775301893652166,0.7839897095985027,0.7498608684247764,0.6163661411017011,0,1.2538683414459229,0.2266695499420166,0
A211118-A211115_1,1,2,DT,0.6307230182774947,0.7835018958958017,0.7746538878674423,0.7835018958958017,0.7507355141065362,0.6155081935801958,0,1.3156383037567139,0.24652552604675293,0
A211118-A211115_1,2,3,DT,0.6315440848152508,0.7840202164377623,0.7742159208945268,0.7840202164377623,0.7502616709136105,0.6163678946742734,0,1.2506849765777588,0.2346053123474121,0
A211118-A211115_1,3,4,DT,0.6315754514020865,0.7840913784754099,0.7759813616517441,0.7840913784754099,0.7514356875362677,0.6164065207207612,0,1.3572320938110352,0.24209356307983398,0
A211118-A211115_1,4,5,DT,0.6315219436951315,0.7839841810838728,0.7779242068905748,0.7839841810838728,0.752002086589888,0.6163489344803539,0,1.251983404159546,0.22792482376098633,0
