Dataset,T,CV,ML,Acc,b_Acc,Prec,Rec,F1,kap,ROC,tra-T,test-T,Al-Time
A211125-A211118_1,0,1,DT,0.910472998160016,0.8525341469883913,0.8786141843796724,0.8525341469883913,0.8512513555826353,0.9054676447657086,0,1.2340400218963623,0.1637895107269287,0
A211125-A211118_1,1,2,DT,0.9107145519773119,0.8526806085119287,0.8793763411265981,0.8526806085119287,0.8516421400249151,0.9057214990913265,0,1.281949758529663,0.155717134475708,0
A211125-A211118_1,2,3,DT,0.9106906948101715,0.8526615617131146,0.8793601263121805,0.8526615617131146,0.8516239859962872,0.905696346749525,0,1.3075826168060303,0.14737391471862793,0
A211125-A211118_1,3,4,DT,0.9104133552421652,0.8524903692539014,0.8802080144063406,0.8524903692539014,0.8512242424434825,0.9054042328888527,0,1.3372554779052734,0.13515615463256836,0
A211125-A211118_1,4,5,DT,0.9104700160141235,0.8525286230443221,0.8787284119982287,0.8525286230443221,0.8512769762066714,0.9054643655685533,0,1.3744304180145264,0.13231801986694336,0
