Dataset,T,CV,ML,Acc,b_Acc,Prec,Rec,F1,kap,ROC,tra-T,test-T,Al-Time
A211126-A211126_1,0,1,DT,0.9755221405255136,0.9485654179525872,0.9509954854036625,0.9485654179525872,0.9490053373104886,0.9717223031953639,0,4.78529691696167,0.4621448516845703,0
A211126-A211126_1,1,2,DT,0.9755221405255136,0.9485654179525872,0.9509954854036625,0.9485654179525872,0.9490053373104886,0.9717223031953639,0,5.038069009780884,0.4490621089935303,0
A211126-A211126_1,2,3,DT,0.9755221405255136,0.9485654179525872,0.9509954854036625,0.9485654179525872,0.9490053373104886,0.9717223031953639,0,4.852991580963135,0.4443387985229492,0
A211126-A211126_1,3,4,DT,0.9755221405255136,0.9485654179525872,0.9509954854036625,0.9485654179525872,0.9490053373104886,0.9717223031953639,0,4.856306791305542,0.44060754776000977,0
A211126-A211126_1,4,5,DT,0.9755221405255136,0.9485654179525872,0.9509954854036625,0.9485654179525872,0.9490053373104886,0.9717223031953639,0,6.579908847808838,0.9412059783935547,0
