Dataset,T,CV,ML,Acc,b_Acc,Prec,Rec,F1,kap,ROC,tra-T,test-T,Al-Time
A211105-I211108_1,0,1,DT,0.8943355697273228,0.8518606368612044,0.8639048400792558,0.8518606368612044,0.8479681807375231,0.8882999006832352,0,1.3623840808868408,0.18212890625,0
A211105-I211108_1,1,2,DT,0.8939161018062473,0.8516760491907889,0.8628986729619179,0.8516760491907889,0.8473358461923847,0.8878596502490935,0,1.477895975112915,0.18985772132873535,0
A211105-I211108_1,2,3,DT,0.8937985585975943,0.8515058149353275,0.8617597357553696,0.8515058149353275,0.8468584641621338,0.8877359588833611,0,1.425734043121338,0.2152266502380371,0
A211105-I211108_1,3,4,DT,0.893890749349479,0.8516552650819901,0.8627749262639094,0.8516552650819901,0.847332064266143,0.8878332044771811,0,1.4596655368804932,0.1873457431793213,0
A211105-I211108_1,4,5,DT,0.894455417704773,0.8519236114918944,0.8639685935905528,0.8519236114918944,0.8479739699450402,0.8884263308743551,0,1.4623219966888428,0.18674969673156738,0
