Dataset,T,CV,ML,Acc,b_Acc,Prec,Rec,F1,kap,ROC,tra-T,test-T,Al-Time
A211122-A211115_1,0,1,DT,0.7808490381528401,0.8058666997156586,0.7973006269849718,0.8058666997156586,0.7891612030498585,0.7646899485301566,0,1.4833793640136719,0.22780966758728027,0
A211122-A211115_1,1,2,DT,0.7808398126861238,0.8057925053474281,0.7983733995307434,0.8057925053474281,0.7896336304437573,0.7646744597698651,0,1.5903244018554688,0.25354576110839844,0
A211122-A211115_1,2,3,DT,0.7806700640985428,0.805709612129699,0.7988849342696591,0.805709612129699,0.7893418331147426,0.7644992969393967,0,1.699936866760254,0.25470924377441406,0
A211122-A211115_1,3,4,DT,0.7800169010550244,0.8021532030719801,0.796669068425078,0.8021532030719801,0.7858812613890194,0.7637906695777514,0,1.6081035137176514,0.2325277328491211,0
A211122-A211115_1,4,5,DT,0.7808674890862729,0.8057753789319003,0.7961807857369004,0.8057753789319003,0.7886708166707768,0.7647254882719206,0,1.5526063442230225,0.23955130577087402,0
