Dataset,T,CV,ML,Acc,b_Acc,Prec,Rec,F1,kap,ROC,tra-T,test-T,Al-Time
results/vs_1,0,1,DT,0.6155250740940782,0.5204374372120212,0.5267191991457593,0.5204374372120212,0.4901504442994899,0.6002150803913846,0,1.4898104667663574,0.15947222709655762,0
