Dataset,T,CV,ML,Acc,b_Acc,Prec,Rec,F1,kap,ROC,tra-T,test-T,Al-Time
results/vs_1,0,1,DT,0.7534863038721129,0.5504105006390541,0.543087950910238,0.5504105006390541,0.5249194087932741,0.7321408782548942,0,1.5303716659545898,0.2413628101348877,0
