Dataset,T,CV,ML,Acc,b_Acc,Prec,Rec,F1,kap,ROC,tra-T,test-T,Al-Time
A211118-A211228_1,0,1,DT,0.5978439645771979,0.5559514938048247,0.49582818309602916,0.5559514938048247,0.47978173395630724,0.5827150411166737,0,1.374906063079834,0.1719493865966797,0
A211118-A211228_1,1,2,DT,0.597794751851305,0.5558762069435794,0.49786746052491165,0.5558762069435794,0.48071171716750416,0.5826602056959405,0,1.4531211853027344,0.1875014305114746,0
A211118-A211228_1,2,3,DT,0.597683375682179,0.5561086828031546,0.4959510371451704,0.5561086828031546,0.47983726539524324,0.5826140429130199,0,1.3437604904174805,0.17187047004699707,0
A211118-A211228_1,3,4,DT,0.5976678348213708,0.5560185929165558,0.49718607206869786,0.5560185929165558,0.480610363927189,0.5825562912517659,0,1.2969038486480713,0.18750786781311035,0
A211118-A211228_1,4,5,DT,0.5978595054380063,0.5559584565164851,0.49793418033136344,0.5559584565164851,0.4807299604654551,0.5827278271292506,0,1.359381914138794,0.18741226196289062,0
