Dataset,T,CV,ML,Acc,b_Acc,Prec,Rec,F1,kap,ROC,tra-T,test-T,Al-Time
A211123-A211225_1,0,1,DT,0.7318603165551257,0.7105541190536034,0.6957563152995281,0.7105541190536034,0.6613919913759548,0.7183306670050038,0,1.5120759010314941,0.14808440208435059,0
A211123-A211225_1,1,2,DT,0.7016304809740664,0.683249579940622,0.6764480185179199,0.683249579940622,0.6436771642298649,0.6868461085008407,0,1.5165979862213135,0.17207837104797363,0
A211123-A211225_1,2,3,DT,0.7319891758216149,0.7106610191438476,0.6937017617844236,0.7106610191438476,0.660410612137071,0.7184640161648826,0,1.6125402450561523,0.14330005645751953,0
A211123-A211225_1,3,4,DT,0.7318109661977469,0.7104641355456065,0.6985116392129753,0.7104641355456065,0.6626771912461273,0.7183265167810204,0,1.5590705871582031,0.1518716812133789,0
A211123-A211225_1,4,5,DT,0.7318959584798993,0.7104962212313717,0.6978872965409793,0.7104962212313717,0.6624684944367328,0.7184095533776176,0,1.6057894229888916,0.16776490211486816,0
