Dataset,T,CV,ML,Acc,b_Acc,Prec,Rec,F1,kap,ROC,tra-T,test-T,Al-Time
A211116-I211104_1,0,1,DT,0.7086817010891671,0.6453685693617682,0.6609248679477521,0.6453685693617682,0.6144832836308598,0.6917442759504027,0,1.7789125442504883,0.16636180877685547,0
A211116-I211104_1,1,2,DT,0.7087595346057858,0.6455339195728758,0.6497547761161268,0.6455339195728758,0.608249114051708,0.6920974926932806,0,1.816420316696167,0.1732947826385498,0
A211116-I211104_1,2,3,DT,0.7087218732267767,0.6455462197188379,0.6584042944328822,0.6455462197188379,0.6127621698367729,0.6919926816152027,0,1.730703353881836,0.17932915687561035,0
A211116-I211104_1,3,4,DT,0.7088348573638039,0.6455683852910362,0.6619078381106046,0.6455683852910362,0.6146426413447142,0.6921103851525912,0,1.9438107013702393,0.17251348495483398,0
A211116-I211104_1,4,5,DT,0.7088373681224045,0.645536256377773,0.661226904738635,0.645536256377773,0.6147545340985693,0.6919085887163663,0,1.9971120357513428,0.18897628784179688,0
