Dataset,T,CV,ML,Acc,b_Acc,Prec,Rec,F1,kap,ROC,tra-T,test-T,Al-Time
A211110-A211102_1,0,1,DT,0.7282213706997723,0.6863050497146393,0.6745660990963349,0.6863050497146393,0.6425204261486944,0.714731450706513,0,1.7953917980194092,0.15429115295410156,0
A211110-A211102_1,1,2,DT,0.7282298545027784,0.6864330580315082,0.6768883182691366,0.6864330580315082,0.6436981147631841,0.7147382846185609,0,1.8748183250427246,0.16003751754760742,0
A211110-A211102_1,2,3,DT,0.7281110812606931,0.6855075406872017,0.6760427806046204,0.6855075406872017,0.6418003415462361,0.7146448116085394,0,1.8393034934997559,0.16469454765319824,0
A211110-A211102_1,3,4,DT,0.7280799739830042,0.6856325869379865,0.6756350231243232,0.6856325869379865,0.6424603575454223,0.7145816319558282,0,1.8446056842803955,0.16494464874267578,0
A211110-A211102_1,4,5,DT,0.7281761237504065,0.6863850608361594,0.6799125850394796,0.6863850608361594,0.644636463147262,0.7147185891789773,0,1.8249576091766357,0.15530729293823242,0
