Dataset,T,CV,ML,Acc,b_Acc,Prec,Rec,F1,kap,ROC,tra-T,test-T,Al-Time
A211206-A211225_1,0,1,DT,0.7340481823989209,0.7202004536235871,0.6961287792122575,0.7202004536235871,0.6913042910330938,0.7206327466967561,0,1.5343167781829834,0.15217828750610352,0
A211206-A211225_1,1,2,DT,0.730056286824277,0.7160851759516028,0.6893989808061469,0.7160851759516028,0.6842847688911072,0.7164463427813873,0,1.7025392055511475,0.16016626358032227,0
A211206-A211225_1,2,3,DT,0.7355835268507069,0.7219479788326051,0.7068091531988571,0.7219479788326051,0.6974229489738982,0.7222353846828089,0,1.6863751411437988,0.15303349494934082,0
A211206-A211225_1,3,4,DT,0.74772097307938,0.7324537523804036,0.707183568245845,0.7324537523804036,0.7019864915481163,0.7349308176604084,0,1.6184704303741455,0.14170360565185547,0
A211206-A211225_1,4,5,DT,0.744595450445387,0.72927611788965,0.7133922430129507,0.72927611788965,0.7047236765694093,0.731625054210956,0,1.6176040172576904,0.17150378227233887,0
