Dataset,T,CV,ML,Acc,b_Acc,Prec,Rec,F1,kap,ROC,tra-T,test-T,Al-Time
11126-A21112_1,0,1,DT,0.9651396537924964,0.9207285660147567,0.9236996710118808,0.9207285660147567,0.9201585112060363,0.959781751016761,0,5.578129529953003,0.48436546325683594,0
11126-A21112_1,1,2,DT,0.9651396537924964,0.9207285660147567,0.9236996710118808,0.9207285660147567,0.9201585112060363,0.959781751016761,0,5.533318281173706,0.5000028610229492,0
11126-A21112_1,2,3,DT,0.9651396537924964,0.9207285660147567,0.9236996710118808,0.9207285660147567,0.9201585112060363,0.959781751016761,0,4.915849685668945,0.5000019073486328,0
11126-A21112_1,3,4,DT,0.9651396537924964,0.9207285660147567,0.9236996710118808,0.9207285660147567,0.9201585112060363,0.959781751016761,0,5.17197322845459,0.5000061988830566,0
11126-A21112_1,4,5,DT,0.9651396537924964,0.9207285660147567,0.9236996710118808,0.9207285660147567,0.9201585112060363,0.959781751016761,0,5.173990249633789,0.4999980926513672,0
