Dataset,T,CV,ML,Acc,b_Acc,Prec,Rec,F1,kap,ROC,tra-T,test-T,Al-Time
A211206-I211115_1,0,1,DT,0.7680930572958827,0.7151803760713148,0.7250499880903788,0.7151803760713148,0.6949553462539012,0.7549962863266042,0,1.6339030265808105,0.2331690788269043,0
A211206-I211115_1,1,2,DT,0.76794446723811,0.7148210824596671,0.7242740947947116,0.7148210824596671,0.6943454057255096,0.7548424570307797,0,1.5745306015014648,0.1982572078704834,0
A211206-I211115_1,2,3,DT,0.75234029340992,0.7016951201051654,0.6952968682304622,0.7016951201051654,0.6688190522684726,0.7384491171634116,0,1.7170891761779785,0.2168104648590088,0
A211206-I211115_1,3,4,DT,0.768073097437376,0.715190486498091,0.7251671350452871,0.715190486498091,0.6949799929262332,0.754975278824141,0,1.752816915512085,0.20135235786437988,0
A211206-I211115_1,4,5,DT,0.768101928344108,0.71520745759504,0.7254647491652164,0.71520745759504,0.6951444607166001,0.7550055342498255,0,1.593806266784668,0.19020342826843262,0
