Dataset,T,CV,ML,Acc,b_Acc,Prec,Rec,F1,kap,ROC,tra-T,test-T,Al-Time
A211117-A211206_1,0,1,DT,0.7645604784728346,0.694336774511114,0.6824376884418886,0.694336774511114,0.6477524725854608,0.749221164203062,0,1.6960313320159912,0.1887362003326416,0
A211117-A211206_1,1,2,DT,0.7652755376651147,0.6953367148517766,0.6727589528300143,0.6953367148517766,0.6438216305251985,0.7499840057534917,0,1.6493074893951416,0.18736052513122559,0
A211117-A211206_1,2,3,DT,0.7648300535037901,0.6944741990622858,0.6787068852689777,0.6944741990622858,0.6461911546276861,0.749508350434565,0,1.7387213706970215,0.18809914588928223,0
A211117-A211206_1,3,4,DT,0.7645376331312282,0.694426567664247,0.6783735323650375,0.694426567664247,0.6460286747138965,0.7492000177273732,0,1.7119600772857666,0.1879720687866211,0
A211117-A211206_1,4,5,DT,0.7645284949945856,0.6943587700922017,0.6816461196611904,0.6943587700922017,0.647686636610261,0.7491876675497092,0,1.677206039428711,0.19193625450134277,0
