Dataset,T,CV,ML,Acc,b_Acc,Prec,Rec,F1,kap,ROC,tra-T,test-T,Al-Time
A211125-A211125_1,0,1,DT,0.9340736906498518,0.9211331565280131,0.9222845029425633,0.9211331565280131,0.9189129272372583,0.9311218362938886,0,1.8905539512634277,0.15631747245788574,0
A211125-A211125_1,1,2,DT,0.9340736906498518,0.9211331565280131,0.9222845029425633,0.9211331565280131,0.9189129272372583,0.9311218362938886,0,1.866302251815796,0.18742823600769043,0
A211125-A211125_1,2,3,DT,0.9340736906498518,0.9211331565280131,0.9222845029425633,0.9211331565280131,0.9189129272372583,0.9311218362938886,0,1.7812714576721191,0.17185568809509277,0
A211125-A211125_1,3,4,DT,0.9340736906498518,0.9211331565280131,0.9222845029425633,0.9211331565280131,0.9189129272372583,0.9311218362938886,0,1.7350499629974365,0.17188334465026855,0
A211125-A211125_1,4,5,DT,0.9340736906498518,0.9211331565280131,0.9222845029425633,0.9211331565280131,0.9189129272372583,0.9311218362938886,0,1.7031304836273193,0.17187738418579102,0
