Dataset,T,CV,ML,Acc,b_Acc,Prec,Rec,F1,kap,ROC,tra-T,test-T,Al-Time
results/vs_1,0,1,DT,0.6201208654935341,0.5482509258293685,0.49281639926314097,0.5482509258293685,0.4777718828946494,0.6011565514342199,0,1.9151313304901123,0.2383556365966797,0
