Dataset,T,CV,ML,Acc,b_Acc,Prec,Rec,F1,kap,ROC,tra-T,test-T,Al-Time
A211228-A211109_1,0,1,DT,0.7754001845348882,0.6921662551232816,0.7136702275730301,0.6921662551232816,0.6805896876979982,0.7614878552267745,0,1.3673477172851562,0.1733107566833496,0
A211228-A211109_1,1,2,DT,0.7754024515482568,0.6921617394680857,0.7138348394252112,0.6921617394680857,0.6806426643654218,0.7614895024790438,0,1.401651382446289,0.17070317268371582,0
A211228-A211109_1,2,3,DT,0.7753276401070938,0.6914777522924386,0.7140451624307175,0.6914777522924386,0.6802565124760885,0.7614095137403498,0,1.445890188217163,0.15770745277404785,0
A211228-A211109_1,3,4,DT,0.7753684463477281,0.6921226370741571,0.7135902175716944,0.6921226370741571,0.6805483502756331,0.7614536694203515,0,1.3982398509979248,0.17316079139709473,0
A211228-A211109_1,4,5,DT,0.7753752473878338,0.6921123638206199,0.7135828284913696,0.6921123638206199,0.6805381692426149,0.7614608307077466,0,1.3837220668792725,0.18318700790405273,0
