Dataset,T,CV,ML,Acc,b_Acc,Prec,Rec,F1,kap,ROC,tra-T,test-T,Al-Time
A211117-A211116_1,0,1,DT,0.8837104425746247,0.8246161512886251,0.8529538355762686,0.8246161512886251,0.8174363684276217,0.8736182425337995,0,1.9374206066131592,0.2187488079071045,0
A211117-A211116_1,1,2,DT,0.8951974698865743,0.8388869840939437,0.8556364709349641,0.8388869840939437,0.8332429622293656,0.8860825452382767,0,1.8125042915344238,0.2187480926513672,0
A211117-A211116_1,2,3,DT,0.8950490990375417,0.8383920119190824,0.8553303262660071,0.8383920119190824,0.8330244477827385,0.8859197543976146,0,1.9843828678131104,0.23428916931152344,0
A211117-A211116_1,3,4,DT,0.8952365148468462,0.8388117024261512,0.8562679944994791,0.8388117024261512,0.8333737396769322,0.8861263937860089,0,1.953120470046997,0.21867918968200684,0
A211117-A211116_1,4,5,DT,0.8950276243093923,0.8383608201844179,0.8554635504243004,0.8383608201844179,0.8329623693896193,0.8858975390904459,0,1.9375121593475342,0.21875262260437012,0
