Dataset,T,CV,ML,Acc,b_Acc,Prec,Rec,F1,kap,ROC,tra-T,test-T,Al-Time
A211123-I211122_1,0,1,DT,0.8923137688953553,0.8792519283842188,0.8731226515859917,0.8792519283842188,0.8690724370318751,0.8875657227039535,0,1.5966322422027588,0.18936371803283691,0
A211123-I211122_1,1,2,DT,0.8922758331362162,0.8791818547327921,0.8730381506323446,0.8791818547327921,0.8690258303383865,0.8875260664817812,0,1.4276740550994873,0.18792343139648438,0
A211123-I211122_1,2,3,DT,0.892298148288651,0.8792349538149224,0.8731274265037613,0.8792349538149224,0.8691074392603597,0.887549346558682,0,1.4797673225402832,0.1796705722808838,0
A211123-I211122_1,3,4,DT,0.8923160004105988,0.8792545547193497,0.8731251278656937,0.8792545547193497,0.869101261970846,0.8875680345243657,0,1.48187255859375,0.1797475814819336,0
A211123-I211122_1,4,5,DT,0.8922802961667031,0.8792238721412426,0.8731310451092499,0.8792238721412426,0.869084296864209,0.8875307388166321,0,1.4338111877441406,0.19199824333190918,0
