Dataset,T,CV,ML,Acc,b_Acc,Prec,Rec,F1,kap,ROC,tra-T,test-T,Al-Time
A211122-A211112_1,0,1,DT,0.6926723030651611,0.7488127518557918,0.7023224417825499,0.7488127518557918,0.6920667064689607,0.6770460173370191,0,1.6673822402954102,0.1889171600341797,0
A211122-A211112_1,1,2,DT,0.6927746039251703,0.7490343753549469,0.7070460524165851,0.7490343753549469,0.6949441614105172,0.6770427837642634,0,1.7190625667572021,0.18431830406188965,0
A211122-A211112_1,2,3,DT,0.6926313827211574,0.7487355898190722,0.7066426809629377,0.7487355898190722,0.6945662709184443,0.6768920258425435,0,1.6773393154144287,0.20168590545654297,0
A211122-A211112_1,3,4,DT,0.6909059082156684,0.7457120528555692,0.7049497227499962,0.7457120528555692,0.6906266850657992,0.6750667375255925,0,1.5872693061828613,0.1889333724975586,0
A211122-A211112_1,4,5,DT,0.6922085391664526,0.7480993444239308,0.7060640560712146,0.7480993444239308,0.693761754893069,0.676448541308434,0,1.6196835041046143,0.20341110229492188,0
