Dataset,T,CV,ML,Acc,b_Acc,Prec,Rec,F1,kap,ROC,tra-T,test-T,Al-Time
A211116-I211103_1,0,1,DT,0.7267730712814625,0.6686749252561206,0.6624525041638765,0.6686749252561206,0.6393190564181415,0.710748003189198,0,1.7172884941101074,0.21079540252685547,0
A211116-I211103_1,1,2,DT,0.7268975890862635,0.6688514453351269,0.6666994545113922,0.6688514453351269,0.6427349890479807,0.7109420182335529,0,1.6136541366577148,0.19407081604003906,0
A211116-I211103_1,2,3,DT,0.7268452916082471,0.6687154618999436,0.6654140718699195,0.6687154618999436,0.6422660982650846,0.7108895116099301,0,1.8106427192687988,0.17083525657653809,0
A211116-I211103_1,3,4,DT,0.7268602337448232,0.6687192861917096,0.666202398977067,0.6687192861917096,0.6425747182630702,0.710901665856845,0,1.7854859828948975,0.18851852416992188,0
A211116-I211103_1,4,5,DT,0.7267880134180387,0.668657627148217,0.6653056725739792,0.668657627148217,0.6421720328419269,0.7108301965482532,0,1.9125804901123047,0.1978626251220703,0
