Dataset,T,CV,ML,Acc,b_Acc,Prec,Rec,F1,kap,ROC,tra-T,test-T,Al-Time
A211123-A211117_1,0,1,DT,0.730753472137632,0.8092411282093259,0.8074812644268952,0.8092411282093259,0.7757036021400213,0.717364808025092,0,1.5456435680389404,0.19539666175842285,0
A211123-A211117_1,1,2,DT,0.731172055465613,0.8095961479075321,0.8029991162222552,0.8095961479075321,0.7734440456077804,0.7178037710343903,0,1.5008165836334229,0.19710612297058105,0
A211123-A211117_1,2,3,DT,0.7310015215171763,0.809489190688278,0.8029082190859952,0.809489190688278,0.7733700954451244,0.7176210732746122,0,1.5168509483337402,0.18881702423095703,0
A211123-A211117_1,3,4,DT,0.7309417238988933,0.8092742748418182,0.8029073749607989,0.8092742748418182,0.7733238252347064,0.7175637172354195,0,1.6106481552124023,0.18118977546691895,0
A211123-A211117_1,4,5,DT,0.7304234778737738,0.808858537788008,0.8022423423732491,0.808858537788008,0.7730774522765395,0.7170153339143088,0,1.5209941864013672,0.17467451095581055,0
