Dataset,T,CV,ML,Acc,b_Acc,Prec,Rec,F1,kap,ROC,tra-T,test-T,Al-Time
A211117-A211117_1,0,1,DT,0.9407959284466129,0.9315239506402018,0.9317940235665573,0.9315239506402018,0.9297514065042726,0.9374268998084453,0,1.921874761581421,0.18749761581420898,0
A211117-A211117_1,1,2,DT,0.9407959284466129,0.9315239506402018,0.9317940235665573,0.9315239506402018,0.9297514065042726,0.9374268998084453,0,1.9427902698516846,0.20316267013549805,0
A211117-A211117_1,2,3,DT,0.9407959284466129,0.9315239506402018,0.9317940235665573,0.9315239506402018,0.9297514065042726,0.9374268998084453,0,1.745070219039917,0.2031078338623047,0
A211117-A211117_1,3,4,DT,0.9407959284466129,0.9315239506402018,0.9317940235665573,0.9315239506402018,0.9297514065042726,0.9374268998084453,0,1.9218881130218506,0.20311856269836426,0
A211117-A211117_1,4,5,DT,0.9407959284466129,0.9315239506402018,0.9317940235665573,0.9315239506402018,0.9297514065042726,0.9374268998084453,0,1.9537217617034912,0.20322895050048828,0
