Dataset,T,CV,ML,Acc,b_Acc,Prec,Rec,F1,kap,ROC,tra-T,test-T,Al-Time
results/vs_1,0,1,DT,0.7053781842944868,0.7847291820854891,0.8252200555447083,0.7847291820854891,0.7786141913623918,0.6909695170672921,0,1.478717565536499,0.23224711418151855,0
