Dataset,T,CV,ML,Acc,b_Acc,Prec,Rec,F1,kap,ROC,tra-T,test-T,Al-Time
A211102-A211110_1,0,1,DT,0.6753669508825187,0.6669160158658509,0.6098896623771376,0.6669160158658509,0.6111747127901892,0.6522651404647293,0,1.281733512878418,0.2169511318206787,0
A211102-A211110_1,1,2,DT,0.6755041682411479,0.667123239576355,0.6166917481748001,0.667123239576355,0.6126933085395724,0.6523510112565256,0,1.2048840522766113,0.2094407081604004,0
A211102-A211110_1,2,3,DT,0.6754872799508551,0.6671101643691951,0.6170734379068222,0.6671101643691951,0.612840570930423,0.6523223103578292,0,1.2758772373199463,0.18837642669677734,0
A211102-A211110_1,3,4,DT,0.6758377119744311,0.6677023130776334,0.6147065985826905,0.6677023130776334,0.6116943757759816,0.6527619599884957,0,1.2204530239105225,0.19565868377685547,0
A211102-A211110_1,4,5,DT,0.6763823593363746,0.6681067370612274,0.6157989622482414,0.6681067370612274,0.6121277323584556,0.6533760658043133,0,1.2302427291870117,0.17725086212158203,0
