Dataset,T,CV,ML,Acc,b_Acc,Prec,Rec,F1,kap,ROC,tra-T,test-T,Al-Time
A211124-I211222_1,0,1,DT,0.6990941875313802,0.6725158040115126,0.6682038777280587,0.6725158040115126,0.6348330335645187,0.6817123332058574,0,1.1510977745056152,0.17827534675598145,0
A211124-I211222_1,1,2,DT,0.6788870726277733,0.6573214771251268,0.6441169322707916,0.6573214771251268,0.6125924871996936,0.6605629660010426,0,1.1520569324493408,0.18066048622131348,0
A211124-I211222_1,2,3,DT,0.6990070681342464,0.6723487986388481,0.6682025718376401,0.6723487986388481,0.6345907717798986,0.6816202769757846,0,1.3329756259918213,0.20340299606323242,0
A211124-I211222_1,3,4,DT,0.6990758466056678,0.6724403269768767,0.6685353325203235,0.6724403269768767,0.634735544248443,0.6816925987458153,0,1.2330424785614014,0.21892762184143066,0
A211124-I211222_1,4,5,DT,0.6990116533656745,0.6723262038468769,0.6676619218564432,0.6723262038468769,0.6346826613286427,0.6816249998305819,0,1.1879565715789795,0.183793306350708,0
