Dataset,T,CV,ML,Acc,b_Acc,Prec,Rec,F1,kap,ROC,tra-T,test-T,Al-Time
results/vs_1,0,1,DT,0.7345448648471113,0.7508759104610394,0.7393924775611725,0.7508759104610394,0.7245216359038255,0.7226090427532796,0,1.5631780624389648,0.20672059059143066,0
