Dataset,T,CV,ML,Acc,b_Acc,Prec,Rec,F1,kap,ROC,tra-T,test-T,Al-Time
A211115-I211110_1,0,1,DT,0.8982056213430074,0.8825401751209512,0.8975053405597595,0.8825401751209512,0.8786894985174402,0.8924229872930823,0,2.2554728984832764,0.21581792831420898,0
A211115-I211110_1,1,2,DT,0.8963038243914572,0.8818988625642732,0.8972900173795303,0.8818988625642732,0.8783842113442198,0.890413032829461,0,2.1938719749450684,0.1902751922607422,0
A211115-I211110_1,2,3,DT,0.8980212306577388,0.882364864981201,0.8973949467892058,0.882364864981201,0.8785248408480825,0.8922275765699847,0,2.2502689361572266,0.19586777687072754,0
A211115-I211110_1,3,4,DT,0.8963231210910783,0.8816095921977671,0.896702575004619,0.8816095921977671,0.8777249719892397,0.8904340739609587,0,2.154735803604126,0.19633889198303223,0
A211115-I211110_1,4,5,DT,0.8963124007023998,0.8816093518499023,0.8966185308141028,0.8816093518499023,0.8776633401424951,0.8904228557252039,0,2.129434823989868,0.20526576042175293,0
