Dataset,T,CV,ML,Acc,b_Acc,Prec,Rec,F1,kap,ROC,tra-T,test-T,Al-Time
A211115-A211208_1,0,1,DT,0.616226078003876,0.5606670783012362,0.5675507306625406,0.5606670783012362,0.5225919676552279,0.6003583166626685,0,2.2835047245025635,0.1788334846496582,0
A211115-A211208_1,1,2,DT,0.6163143976098191,0.5607553402141162,0.5673863884639017,0.5607553402141162,0.5227026705779074,0.600446710425622,0,2.2555654048919678,0.1776905059814453,0
A211115-A211208_1,2,3,DT,0.6162588824289406,0.560652742017865,0.5671873202653508,0.560652742017865,0.522470676129544,0.6003890695609755,0,2.2474491596221924,0.17769312858581543,0
A211115-A211208_1,3,4,DT,0.6162487887596899,0.5607186763285948,0.5673928917704961,0.5607186763285948,0.5226438776613896,0.6003790634097596,0,2.2460901737213135,0.18858647346496582,0
A211115-A211208_1,4,5,DT,0.6162689760981912,0.560685867642032,0.5681070419149565,0.560685867642032,0.5228603507267359,0.6004035060659854,0,2.3518106937408447,0.18973851203918457,0
