Dataset,T,CV,ML,Acc,b_Acc,Prec,Rec,F1,kap,ROC,tra-T,test-T,Al-Time
A211112-I211122_1,0,1,DT,0.8518162302566689,0.8059135381835324,0.8185303973746461,0.8059135381835324,0.776065937828856,0.8434977090471474,0,1.5309653282165527,0.19590163230895996,0
A211112-I211122_1,1,2,DT,0.8519121854121385,0.8059415101733952,0.8185731166551492,0.8059415101733952,0.7764557945354674,0.8435973861992898,0,1.607846736907959,0.2059950828552246,0
A211112-I211122_1,2,3,DT,0.8518117672261819,0.8058881504896537,0.8186352945693188,0.8058881504896537,0.7762809747914753,0.8434913899904131,0,1.5673823356628418,0.1858992576599121,0
A211112-I211122_1,3,4,DT,0.851398936906138,0.8012255306304753,0.8384043283767557,0.8012255306304753,0.7917562786025016,0.8428254733761459,0,1.5766031742095947,0.18603110313415527,0
A211112-I211122_1,4,5,DT,0.8516957284335209,0.8046848728677972,0.8187824216477123,0.8046848728677972,0.7760713469654319,0.8433681532742513,0,1.5899665355682373,0.18763303756713867,0
