Dataset,T,CV,ML,Acc,b_Acc,Prec,Rec,F1,kap,ROC,tra-T,test-T,Al-Time
A211228-A211225_1,0,1,DT,0.7745977260451995,0.7455046452273741,0.7586689164163046,0.7455046452273741,0.7266881541116983,0.7636065771469895,0,1.4117021560668945,0.14795207977294922,0
A211228-A211225_1,1,2,DT,0.7745620841204258,0.7454202400753208,0.7587513934400653,0.7454202400753208,0.7273330194618752,0.7635087105657559,0,1.3181967735290527,0.14516186714172363,0
A211228-A211225_1,2,3,DT,0.7746141761643257,0.7455065881137118,0.7602841272304143,0.7455065881137118,0.7280529730598708,0.7635614862888698,0,1.354299545288086,0.16305851936340332,0
A211228-A211225_1,3,4,DT,0.7745922426721573,0.7454993672684024,0.759242874273432,0.7454993672684024,0.7275952750617697,0.763551218026679,0,1.4635117053985596,0.16118073463439941,0
A211228-A211225_1,4,5,DT,0.7746141761643257,0.7455182706938515,0.760314839850852,0.7455182706938515,0.7280701093407793,0.7635616255279426,0,1.3839051723480225,0.15705084800720215,0
