Dataset,T,CV,ML,Acc,b_Acc,Prec,Rec,F1,kap,ROC,tra-T,test-T,Al-Time
A211117-A211225_1,0,1,DT,0.6190289494679757,0.567472627784731,0.554402725383422,0.567472627784731,0.5325007024104697,0.6041868133555823,0,1.9374992847442627,0.1718308925628662,0
A211117-A211225_1,1,2,DT,0.6382043049961753,0.581540392712669,0.557591188790164,0.581540392712669,0.5461388099134465,0.6241479876572,0,1.8906283378601074,0.17187905311584473,0
A211117-A211225_1,2,3,DT,0.6378122438236656,0.5806000381695045,0.5581523304864882,0.5806000381695045,0.54608860538931,0.6237432915427643,0,1.9687433242797852,0.15626049041748047,0
A211117-A211225_1,3,4,DT,0.6378506274349603,0.5806614473305279,0.5568368508049321,0.5806614473305279,0.5453325322713022,0.6237734947788374,0,1.9531171321868896,0.17391109466552734,0
A211117-A211225_1,4,5,DT,0.6382152717422596,0.5815229156400398,0.5609696072960141,0.5815229156400398,0.5486672610096415,0.6240921708741021,0,1.8906214237213135,0.1718733310699463,0
