Dataset,T,CV,ML,Acc,b_Acc,Prec,Rec,F1,kap,ROC,tra-T,test-T,Al-Time
A211102-A211123_1,0,1,DT,0.8314809401626122,0.7575450987396404,0.745069823443149,0.7575450987396404,0.7251262836500456,0.819005208487054,0,1.3839402198791504,0.1884768009185791,0
A211102-A211123_1,1,2,DT,0.8314896012645209,0.7575516584377253,0.7390857811937823,0.7575516584377253,0.72178317896963,0.8190158730265606,0,1.4005112648010254,0.20253610610961914,0
A211102-A211123_1,2,3,DT,0.8315047581928611,0.7575605911391683,0.7449767556751684,0.7575605911391683,0.7251212149580123,0.8190310383454554,0,1.4162254333496094,0.1883072853088379,0
A211102-A211123_1,3,4,DT,0.8314896012645209,0.7575476505188827,0.7393067573582958,0.7575476505188827,0.721842510705692,0.8190156034398464,0,1.399296522140503,0.2044839859008789,0
A211102-A211123_1,4,5,DT,0.831491766539998,0.7575282145491253,0.7449226910481895,0.7575282145491253,0.7250691889850513,0.8190171468757179,0,1.3838331699371338,0.17353439331054688,0
