Dataset,T,CV,ML,Acc,b_Acc,Prec,Rec,F1,kap,ROC,tra-T,test-T,Al-Time
A211112-A211116_1,0,1,DT,0.7192667356460964,0.808775547634531,0.8018017674845112,0.808775547634531,0.783233537342711,0.7030092585107126,0,1.5316252708435059,0.20558738708496094,0
A211112-A211116_1,1,2,DT,0.7193077328543819,0.8089144826529101,0.795791070724721,0.8089144826529101,0.7783969033500271,0.7030380383160778,0,1.536789894104004,0.2059624195098877,0
A211112-A211116_1,2,3,DT,0.7190051344122758,0.8078746607826391,0.7916549106182753,0.8078746607826391,0.7752828711347419,0.702673938148169,0,1.5373625755310059,0.21109318733215332,0
A211112-A211116_1,3,4,DT,0.7194092497510883,0.8091235731656379,0.79535011624873,0.8091235731656379,0.7779662296309547,0.7031578060392184,0,1.582122564315796,0.19587373733520508,0
A211112-A211116_1,4,5,DT,0.7192725923901372,0.8088400883328696,0.794911622613492,0.8088400883328696,0.7775710466472333,0.7030136509384788,0,1.5628252029418945,0.21039724349975586,0
