Dataset,T,CV,ML,Acc,b_Acc,Prec,Rec,F1,kap,ROC,tra-T,test-T,Al-Time
A211112-I211118_1,0,1,DT,0.882632563970439,0.8310618734105591,0.8563553975873673,0.8310618734105591,0.8221399081955132,0.8758463804856337,0,1.5918383598327637,0.2007896900177002,0
A211112-I211118_1,1,2,DT,0.8822020419680878,0.8291372438340195,0.8554105251218886,0.8291372438340195,0.8204954641737853,0.875391120375374,0,1.5573787689208984,0.176133394241333,0
A211112-I211118_1,2,3,DT,0.8822332715433879,0.829186324721116,0.8482290701148351,0.829186324721116,0.817055144385984,0.8754337554677037,0,1.5793297290802002,0.1879129409790039,0
A211112-I211118_1,3,4,DT,0.8821931192322878,0.8291497060239856,0.8449399405682432,0.8291497060239856,0.8145321022481015,0.8754012879944166,0,1.6246850490570068,0.18753552436828613,0
A211112-I211118_1,4,5,DT,0.8825321831926887,0.8305722981455663,0.8560909569972315,0.8305722981455663,0.8217336998265434,0.8757404118727363,0,1.5130674839019775,0.1902754306793213,0
