Dataset,T,CV,ML,Acc,b_Acc,Prec,Rec,F1,kap,ROC,tra-T,test-T,Al-Time
11207-A21120_1,0,1,DT,0.9895229007193714,0.8815750449989457,0.9143087113743439,0.8815750449989457,0.8922705806884611,0.9786161523646862,0,6.156147480010986,0.8751022815704346,0
11207-A21120_1,1,2,DT,0.9895229007193714,0.8815750449989457,0.9143087113743439,0.8815750449989457,0.8922705806884611,0.9786161523646862,0,5.57810378074646,0.8905453681945801,0
11207-A21120_1,2,3,DT,0.9895229007193714,0.8815750449989457,0.9143087113743439,0.8815750449989457,0.8922705806884611,0.9786161523646862,0,6.437514305114746,0.8905210494995117,0
11207-A21120_1,3,4,DT,0.9895229007193714,0.8815750449989457,0.9143087113743439,0.8815750449989457,0.8922705806884611,0.9786161523646862,0,6.033412456512451,0.8929150104522705,0
11207-A21120_1,4,5,DT,0.9895229007193714,0.8815750449989457,0.9143087113743439,0.8815750449989457,0.8922705806884611,0.9786161523646862,0,5.703030824661255,0.8907253742218018,0
