Dataset,T,CV,ML,Acc,b_Acc,Prec,Rec,F1,kap,ROC,tra-T,test-T,Al-Time
A211206-A211116_1,0,1,DT,0.7811920426370966,0.5977316024682701,0.6029378081814816,0.5977316024682701,0.5697560895085942,0.7618188892151517,0,1.7590713500976562,0.21566343307495117,0
A211206-A211116_1,1,2,DT,0.781199851629151,0.5977380896908373,0.6029589719054917,0.5977380896908373,0.570000613909763,0.761823425837786,0,1.6803972721099854,0.2138078212738037,0
A211206-A211116_1,2,3,DT,0.7812428010854499,0.5978900897406302,0.5926924381514349,0.5978900897406302,0.5593400221114566,0.7619089278877625,0,1.7418549060821533,0.24053740501403809,0
A211206-A211116_1,3,4,DT,0.7812096128692189,0.5977086671410534,0.6014286516338142,0.5977086671410534,0.5651683386902304,0.7618232805142876,0,1.6714229583740234,0.20074081420898438,0
A211206-A211116_1,4,5,DT,0.7812388965894227,0.5978080914184201,0.602565627507377,0.5978080914184201,0.5698523910060513,0.7618700778249285,0,1.7652366161346436,0.22176384925842285,0
