Dataset,T,CV,ML,Acc,b_Acc,Prec,Rec,F1,kap,ROC,tra-T,test-T,Al-Time
results/vs_1,0,1,DT,0.7811959471331238,0.5978234253003825,0.600544799984578,0.5978234253003825,0.565699688863988,0.7618153859492205,0,1.6490094661712646,0.20757222175598145,0
