Dataset,T,CV,ML,Acc,b_Acc,Prec,Rec,F1,kap,ROC,tra-T,test-T,Al-Time
results/vs_1,0,1,DT,0.5518234951486414,0.5326558948075604,0.5283495423090009,0.5326558948075604,0.46868841483178814,0.5323405441753015,0,1.6412317752838135,0.20167088508605957,0
