Dataset,T,CV,ML,Acc,b_Acc,Prec,Rec,F1,kap,ROC,tra-T,test-T,Al-Time
A211108-A211116_1,0,1,DT,0.6152665794662554,0.5663301892229519,0.5503749330985492,0.5663301892229519,0.5155509870001393,0.5916604269861826,0,2.171875,0.21875810623168945,0
A211108-A211116_1,1,2,DT,0.6152919586904321,0.5663982986627346,0.5217716454111051,0.5663982986627346,0.49506391601817673,0.591759545451662,0,2.156263828277588,0.21875262260437012,0
A211108-A211116_1,2,3,DT,0.615268531714269,0.5663320373956211,0.5222375668700143,0.5663320373956211,0.49477802344451105,0.5917378230613486,0,1.9843857288360596,0.21875333786010742,0
A211108-A211116_1,3,4,DT,0.6152724362102961,0.5663416483892451,0.5381755660989997,0.5663416483892451,0.5069357299990029,0.591685534140957,0,2.140624523162842,0.2031402587890625,0
A211108-A211116_1,4,5,DT,0.6152568182261875,0.5663558773890265,0.5376824644028292,0.5663558773890265,0.5114681547473175,0.5916578402733941,0,2.1239657402038574,0.2187485694885254,0
