Dataset,T,CV,ML,Acc,b_Acc,Prec,Rec,F1,kap,ROC,tra-T,test-T,Al-Time
A211125-I211112_1,0,1,DT,0.7345304956153316,0.7507917426989252,0.7394223027564636,0.7507917426989252,0.724497319161421,0.7225925438009011,0,1.7812891006469727,0.23437929153442383,0
A211125-I211112_1,1,2,DT,0.7331428383748809,0.7503881911768481,0.740574646346801,0.7503881911768481,0.7223079942854602,0.7212763501341003,0,1.624995231628418,0.21881747245788574,0
A211125-I211112_1,2,3,DT,0.7590033500837521,0.7680547003959606,0.7599040317355671,0.7680547003959606,0.750380522749313,0.7480726921153695,0,1.6562623977661133,0.234375,0
A211125-I211112_1,3,4,DT,0.7329888823200972,0.7502428262745703,0.7421143668780946,0.7502428262745703,0.7230793687165273,0.72106347655161,0,1.7811706066131592,0.21875286102294922,0
A211125-I211112_1,4,5,DT,0.7602103655532565,0.7681251241477847,0.7622606827757596,0.7681251241477847,0.7509932962917664,0.7492804468314849,0,1.6250808238983154,0.21875476837158203,0
