Dataset,T,CV,ML,Acc,b_Acc,Prec,Rec,F1,kap,ROC,tra-T,test-T,Al-Time
A211225-A211223_1,0,1,DT,0.8910058343057177,0.8775385231992529,0.8894156171203415,0.8775385231992529,0.877002277562035,0.8865128472928555,0,1.6250874996185303,0.14055848121643066,0
A211225-A211223_1,1,2,DT,0.8910898483080514,0.877576045982644,0.889260886352838,0.877576045982644,0.8769366122547363,0.8866005996054408,0,1.8281903266906738,0.15626239776611328,0
A211225-A211223_1,2,3,DT,0.8910369506028782,0.87755497442854,0.8894620942890845,0.87755497442854,0.8770284939561224,0.886545238401815,0,1.6875312328338623,0.1405336856842041,0
A211225-A211223_1,3,4,DT,0.891024504084014,0.8775609937106656,0.8893696349335437,0.8775609937106656,0.8770029046838039,0.8865323214737976,0,1.6874911785125732,0.14071989059448242,0
A211225-A211223_1,4,5,DT,0.89102761571373,0.8775591352047233,0.8893395085235728,0.8775591352047233,0.8769794375320985,0.8865357247448012,0,1.8281948566436768,0.15618467330932617,0
