Dataset,T,CV,ML,Acc,b_Acc,Prec,Rec,F1,kap,ROC,tra-T,test-T,Al-Time
A211206-A211225_1,0,1,DT,0.6417328555487622,0.5581227707606834,0.5402900321003726,0.5581227707606834,0.5257610793379822,0.6278257379056265,0,1.9243838787078857,0.17188239097595215,0
A211206-A211225_1,1,2,DT,0.6410200170532901,0.5576583322191225,0.5326928412800133,0.5576583322191225,0.5217804979947951,0.6271041328132172,0,1.9219708442687988,0.17177486419677734,0
A211206-A211225_1,2,3,DT,0.6419110651726303,0.5581691295921797,0.5416411341836462,0.5581691295921797,0.527631265120739,0.6279999090658039,0,1.9375050067901611,0.18749070167541504,0
A211206-A211225_1,3,4,DT,0.6419713822760933,0.5582943330596004,0.5405244735237182,0.5582943330596004,0.5259458898352887,0.6280730513565083,0,1.9217793941497803,0.17193198204040527,0
A211206-A211225_1,4,5,DT,0.641129684514132,0.5576713790684257,0.5400850806777916,0.5576713790684257,0.5253539680558001,0.6271992349758497,0,1.953092098236084,0.1718122959136963,0
