Dataset,T,CV,ML,Acc,b_Acc,Prec,Rec,F1,kap,ROC,tra-T,test-T,Al-Time
A211102-I211104_1,0,1,DT,0.8874652887623466,0.8332529140121727,0.8750164382818577,0.8332529140121727,0.8348154276004446,0.8811791900021226,0,1.4919953346252441,0.17296600341796875,0
A211102-I211104_1,1,2,DT,0.8874929071069533,0.8332000368871539,0.8755139717986867,0.8332000368871539,0.8349789812124587,0.8812076779921291,0,1.3727819919586182,0.1720731258392334,0
A211102-I211104_1,2,3,DT,0.8874527349693436,0.833156195746114,0.8753796664292455,0.833156195746114,0.8348835232152827,0.8811654262297126,0,1.4663870334625244,0.16681528091430664,0
A211102-I211104_1,3,4,DT,0.8874150735903346,0.8331392674769038,0.8754303881741153,0.8331392674769038,0.8349918194475467,0.8811258156624798,0,1.4299142360687256,0.1705927848815918,0
A211102-I211104_1,4,5,DT,0.8874903963483527,0.8331926382596883,0.8758531425870346,0.8331926382596883,0.8350896943912705,0.8812050119816617,0,1.3637609481811523,0.17656826972961426,0
