Dataset,T,CV,ML,Acc,b_Acc,Prec,Rec,F1,kap,ROC,tra-T,test-T,Al-Time
results/vs_1,0,1,DT,0.6756333564403142,0.7702947322121679,0.7768077152157971,0.7702947322121679,0.7437119551705135,0.6614563654510683,0,1.163978099822998,0.20999479293823242,0
