Dataset,T,CV,ML,Acc,b_Acc,Prec,Rec,F1,kap,ROC,tra-T,test-T,Al-Time
A211118-A211122_1,0,1,DT,0.8955867333940348,0.8500734118035679,0.8464222868865965,0.8500734118035679,0.8363847214171085,0.888113182801931,0,1.3437449932098389,0.18741822242736816,0
A211118-A211122_1,1,2,DT,0.8753890768273042,0.8324879147205376,0.8338919218747837,0.8324879147205376,0.8147907464700236,0.8664962693381423,0,1.328127384185791,0.1874227523803711,0
A211118-A211122_1,2,3,DT,0.8956797795249773,0.8501999285135846,0.8463483018714582,0.8501999285135846,0.8365117689388859,0.8882126681291694,0,1.3125102519989014,0.20309114456176758,0
A211118-A211122_1,3,4,DT,0.8955468564807738,0.850102930315262,0.8454909663860123,0.850102930315262,0.8363921060923085,0.8880709124254497,0,1.2968196868896484,0.18750333786010742,0
A211118-A211122_1,4,5,DT,0.8754799075741766,0.8325971439504346,0.8341208231446849,0.8325971439504346,0.8149310643829674,0.8665936255737683,0,1.312506914138794,0.1874833106994629,0
