Dataset,T,CV,ML,Acc,b_Acc,Prec,Rec,F1,kap,ROC,tra-T,test-T,Al-Time
results/vs_1,0,1,DT,0.6162857860696904,0.5662445252739325,0.523268005051747,0.5662445252739325,0.4992001010305089,0.6011409830366399,0,1.7827301025390625,0.17959189414978027,0
