Dataset,T,CV,ML,Acc,b_Acc,Prec,Rec,F1,kap,ROC,tra-T,test-T,Al-Time
A211228-I211118_1,0,1,DT,0.6367331187415374,0.535868466652107,0.5465785025549748,0.535868466652107,0.5004358248323466,0.6208089108205559,0,1.7993321418762207,0.20349884033203125,0
A211228-I211118_1,1,2,DT,0.6367398107933874,0.5358698505218337,0.5468438208425259,0.5358698505218337,0.5006045724317552,0.6208190414053676,0,1.7660551071166992,0.21877288818359375,0
A211228-I211118_1,2,3,DT,0.6367531948970874,0.5358553118227504,0.5466347133174358,0.5358553118227504,0.5004072529122565,0.6208333694191546,0,1.7816989421844482,0.20313072204589844,0
A211228-I211118_1,3,4,DT,0.6367041198501873,0.5358435850631512,0.5467422123879802,0.5358435850631512,0.5005720511624789,0.6207752503257528,0,1.6567280292510986,0.21874523162841797,0
A211228-I211118_1,4,5,DT,0.6367420414773374,0.5358487335322248,0.5468177946477047,0.5358487335322248,0.5006061725816231,0.6208179552391215,0,1.7348525524139404,0.20313644409179688,0
