Dataset,T,CV,ML,Acc,b_Acc,Prec,Rec,F1,kap,ROC,tra-T,test-T,Al-Time
A211108-I211118_1,0,1,DT,0.670552518107577,0.5847151601033705,0.5808445005043934,0.5847151601033705,0.5360349152095575,0.6561284498637601,0,2.205695867538452,0.20313549041748047,0
A211108-I211118_1,1,2,DT,0.670579286314977,0.5846957976520153,0.5988004302002369,0.5846957976520153,0.5506807251227579,0.6560539714641815,0,2.234389066696167,0.20311331748962402,0
A211108-I211118_1,2,3,DT,0.670550287423627,0.5847067372985427,0.5810884177088567,0.5847067372985427,0.5355575427289838,0.6561567956877343,0,2.171867847442627,0.20313453674316406,0
A211108-I211118_1,3,4,DT,0.670565902211277,0.5847189887115207,0.5811200357361265,0.5847189887115207,0.5355536683048373,0.6561732558557154,0,2.189927816390991,0.20313262939453125,0
A211108-I211118_1,4,5,DT,0.6706774364087773,0.58476975936129,0.5859666193846831,0.58476975936129,0.5405034831273859,0.6562041404522767,0,2.218768358230591,0.20312190055847168,0
