Dataset,T,CV,ML,Acc,b_Acc,Prec,Rec,F1,kap,ROC,tra-T,test-T,Al-Time
A211206-A211125_1,0,1,DT,0.7410893082155611,0.6843698611232679,0.6745607482233782,0.6843698611232679,0.6417267383562426,0.7276430339506015,0,1.7098517417907715,0.1605207920074463,0
A211206-A211125_1,1,2,DT,0.7411598931292123,0.6844341915795221,0.6955201527410135,0.6844341915795221,0.658423592655241,0.7274342667760075,0,1.6169788837432861,0.1608593463897705,0
A211206-A211125_1,2,3,DT,0.7411625073852733,0.6844263113349383,0.6943849915666339,0.6844263113349383,0.6599179531189129,0.7273822948193183,0,1.7430241107940674,0.2255096435546875,0
A211206-A211125_1,3,4,DT,0.7411128365201115,0.6844030850346546,0.6807534011673292,0.6844030850346546,0.6432228798129549,0.7276506426070213,0,1.59791898727417,0.13881325721740723,0
A211206-A211125_1,4,5,DT,0.7411546646170899,0.6844371984676089,0.6811847416409024,0.6844371984676089,0.6424691492103514,0.7277172277505266,0,1.6741220951080322,0.16287875175476074,0
