Dataset,T,CV,ML,Acc,b_Acc,Prec,Rec,F1,kap,ROC,tra-T,test-T,Al-Time
A211108-I211115_1,0,1,DT,0.6736008693627261,0.6688973589729584,0.658550311733046,0.6688973589729584,0.6206603030204315,0.6572889324330695,0,2.05346417427063,0.20315098762512207,0
A211108-I211115_1,1,2,DT,0.6735764739801067,0.6686126406591048,0.6544952681353411,0.6686126406591048,0.6184125085776844,0.65734242719577,0,2.068972110748291,0.19802188873291016,0
A211108-I211115_1,2,3,DT,0.6735631674077688,0.6685938370567307,0.6587733724253352,0.6685938370567307,0.620073990328743,0.657248171112065,0,2.0501596927642822,0.1946258544921875,0
A211108-I211115_1,3,4,DT,0.6736141759350639,0.6687127680024431,0.6570548656013994,0.6687127680024431,0.6185240669966409,0.6572085552572156,0,2.026832103729248,0.18544292449951172,0
A211108-I211115_1,4,5,DT,0.6736341357935707,0.6687723349499785,0.6389621575507086,0.6687723349499785,0.6067942587801302,0.6574406033341328,0,2.015320301055908,0.196028470993042,0
