Dataset,T,CV,ML,Acc,b_Acc,Prec,Rec,F1,kap,ROC,tra-T,test-T,Al-Time
results/vs_1,0,1,DT,0.7427190910333249,0.8233148587415708,0.803423099758823,0.8233148587415708,0.7982223014785234,0.726919345786154,0,1.557213544845581,0.19213294982910156,0
