Dataset,T,CV,ML,Acc,b_Acc,Prec,Rec,F1,kap,ROC,tra-T,test-T,Al-Time
results/vs_1,0,1,DT,0.5272436856015543,0.5037014679331846,0.4647850762308916,0.5037014679331846,0.4299314996383212,0.5099924004604448,0,1.2660729885101318,0.17673063278198242,0
