Dataset,T,CV,ML,Acc,b_Acc,Prec,Rec,F1,kap,ROC,tra-T,test-T,Al-Time
results/vs_1,0,1,DT,0.6081242440018753,0.5629364468782116,0.5427540150347442,0.5629364468782116,0.5139876206003133,0.5924457381002883,0,1.5301859378814697,0.1552886962890625,0
