Dataset,T,CV,ML,Acc,b_Acc,Prec,Rec,F1,kap,ROC,tra-T,test-T,Al-Time
A211115-A211110_1,0,1,DT,0.8882375169146782,0.8527334678825245,0.8635619956775626,0.8527334678825245,0.8400739071541423,0.8796956206602078,0,2.084688901901245,0.20093798637390137,0
A211115-A211110_1,1,2,DT,0.888345179765295,0.8528724412589128,0.8647630556114165,0.8528724412589128,0.8404301828583506,0.8798100430453212,0,2.0847420692443848,0.19096708297729492,0
A211115-A211110_1,2,3,DT,0.8886892786800112,0.8534734661770269,0.8635512794436908,0.8534734661770269,0.8401344660474056,0.8801828435775474,0,2.0604658126831055,0.20080113410949707,0
A211115-A211110_1,3,4,DT,0.8886618352082853,0.8534467915146311,0.8642886968621496,0.8534467915146311,0.8402668561488759,0.8801520968368871,0,2.138573169708252,0.2103290557861328,0
A211115-A211110_1,4,5,DT,0.8880770781568964,0.8524804462717106,0.8639256737239069,0.8524804462717106,0.8395581997666054,0.8795213565840337,0,2.1337270736694336,0.18044209480285645,0
