Dataset,T,CV,ML,Acc,b_Acc,Prec,Rec,F1,kap,ROC,tra-T,test-T,Al-Time
results/vs_1,0,1,DT,0.7316920545216365,0.565678874773711,0.5829811522907639,0.565678874773711,0.5467256718077088,0.7135076442202746,0,1.4942474365234375,0.22588038444519043,0
