Dataset,T,CV,ML,Acc,b_Acc,Prec,Rec,F1,kap,ROC,tra-T,test-T,Al-Time
results/vs_1,0,1,DT,0.7808102911926315,0.8057355574561618,0.7953807845956411,0.8057355574561618,0.7884377286782046,0.7646311433407053,0,1.413315773010254,0.2098069190979004,0
