Dataset,T,CV,ML,Acc,b_Acc,Prec,Rec,F1,kap,ROC,tra-T,test-T,Al-Time
A211110-A211118_1,0,1,DT,0.8636562897930092,0.8130777608133928,0.8429624519625925,0.8130777608133928,0.8020523405562437,0.8561376164623026,0,1.825178623199463,0.15038633346557617,0
A211110-A211118_1,1,2,DT,0.8637010219813974,0.8132140959741112,0.8435555352448336,0.8132140959741112,0.8024448261814139,0.8561819002392769,0,1.8177440166473389,0.13578391075134277,0
A211110-A211118_1,2,3,DT,0.863137396407707,0.8114243813345347,0.8428259353818005,0.8114243813345347,0.80101032363171,0.8555870803831811,0,1.8642816543579102,0.1404576301574707,0
A211110-A211118_1,3,4,DT,0.8637278612944302,0.8132482471975372,0.8453521528805541,0.8132482471975372,0.8035034851196483,0.8562109782516154,0,1.7173962593078613,0.15053105354309082,0
A211110-A211118_1,4,5,DT,0.8636890933978272,0.813127991238853,0.8451401732727776,0.813127991238853,0.8033279023724327,0.8561699889652993,0,1.8064439296722412,0.14048218727111816,0
