Dataset,T,CV,ML,Acc,b_Acc,Prec,Rec,F1,kap,ROC,tra-T,test-T,Al-Time
I211118-A211105_1,0,1,DT,0.7143569181693323,0.6779285803975597,0.6965589193019555,0.6779285803975597,0.6440485905738701,0.6997677843366958,0,1.4497766494750977,0.1454620361328125,0
I211118-A211105_1,1,2,DT,0.7143790704886802,0.6779594036949592,0.6962687168279069,0.6779594036949592,0.6439894097750337,0.6997931546779605,0,1.4364943504333496,0.12631964683532715,0
I211118-A211105_1,2,3,DT,0.7143901466483541,0.6778763289212927,0.6968670532481048,0.6778763289212927,0.6441034519930383,0.6998040826954779,0,1.414851188659668,0.1406385898590088,0
I211118-A211105_1,3,4,DT,0.7141409330556909,0.6776673255093028,0.6975899313305552,0.6776673255093028,0.6434320626906269,0.6995411808478972,0,1.7917096614837646,0.17873644828796387,0
I211118-A211105_1,4,5,DT,0.7141409330556909,0.6777354294913205,0.6970024861561142,0.6777354294913205,0.6432917733380445,0.6995417073317928,0,1.3793694972991943,0.15761041641235352,0
