Dataset,T,CV,ML,Acc,b_Acc,Prec,Rec,F1,kap,ROC,tra-T,test-T,Al-Time
results/vs_1,0,1,DT,0.7701256942414498,0.809926815123264,0.8197921519805509,0.809926815123264,0.791462552522108,0.7577333666912274,0,1.6954190731048584,0.19068384170532227,0
