Dataset,T,CV,ML,Acc,b_Acc,Prec,Rec,F1,kap,ROC,tra-T,test-T,Al-Time
I211112-A211102_1,0,1,DT,0.6267550867468857,0.6675235577045913,0.6596539917356377,0.6675235577045913,0.6167353949700825,0.6090802957989665,0,1.403207540512085,0.10986065864562988,0
I211112-A211102_1,1,2,DT,0.6274507585933855,0.6678619563601264,0.659874706911237,0.6678619563601264,0.6170637355826517,0.6098108306843906,0,1.118234395980835,0.13261151313781738,0
I211112-A211102_1,2,3,DT,0.6274535865277209,0.6677871839940211,0.6594764001936866,0.6677871839940211,0.6168836321782974,0.6098140727107375,0,1.4461517333984375,0.11019062995910645,0
I211112-A211102_1,3,4,DT,0.6267126677318553,0.6674559636208433,0.6733123450914044,0.6674559636208433,0.6261828506391185,0.6089911910734972,0,1.1917366981506348,0.13083362579345703,0
I211112-A211102_1,4,5,DT,0.6274026837096842,0.6678245256119818,0.6597308553448592,0.6678245256119818,0.6166493240736843,0.6097641553208095,0,1.6520419120788574,0.138871431350708,0
