Dataset,T,CV,ML,Acc,b_Acc,Prec,Rec,F1,kap,ROC,tra-T,test-T,Al-Time
11210-I21122_1,0,1,DT,0.5537149754732003,0.5181712064083832,0.5432590671445044,0.5181712064083832,0.48802967168883343,0.5357516513485792,0,1.9686853885650635,0.21874737739562988,0
11210-I21122_1,1,2,DT,0.5606772712096697,0.5222536076280854,0.5762137879667169,0.5222536076280854,0.5166419130955234,0.5425915473887056,0,2.046959638595581,0.2030489444732666,0
11210-I21122_1,2,3,DT,0.5605932193496721,0.5221441584682628,0.5752783537543911,0.5221441584682628,0.5161808406385285,0.5425057008229575,0,2.017993688583374,0.19200396537780762,0
11210-I21122_1,3,4,DT,0.5606492539230038,0.5221938781036825,0.5754409811213316,0.5221938781036825,0.5162272885468752,0.5425637816587564,0,2.0156354904174805,0.2031092643737793,0
11210-I21122_1,4,5,DT,0.5606819407574474,0.5222195967661153,0.575621243575924,0.5222195967661153,0.5163682600177194,0.5425962490796361,0,2.01574444770813,0.21863150596618652,0
