Dataset,T,CV,ML,Acc,b_Acc,Prec,Rec,F1,kap,ROC,tra-T,test-T,Al-Time
results/vs_1,0,1,DT,0.6324949116656294,0.7687537825172764,0.7867314673975272,0.7687537825172764,0.7426928133366782,0.6188844860223224,0,2.1024158000946045,0.187546968460083,0
