Dataset,T,CV,ML,Acc,b_Acc,Prec,Rec,F1,kap,ROC,tra-T,test-T,Al-Time
11124-I21120_1,0,1,DT,0.6075033855204611,0.5457316791046141,0.5426729036731331,0.5457316791046141,0.513284272209813,0.5915778737729038,0,2.0312623977661133,0.2031230926513672,0
11124-I21120_1,1,2,DT,0.6072842881549904,0.5455255941549606,0.5414869929818831,0.5455255941549606,0.5124937665088156,0.5913517222623016,0,2.0156266689300537,0.18750882148742676,0
11124-I21120_1,2,3,DT,0.6075127088126088,0.5461226154662552,0.545515633814331,0.5461226154662552,0.5135943289502105,0.5916019003221087,0,2.015646457672119,0.20311784744262695,0
11124-I21120_1,3,4,DT,0.6072260175790674,0.5456473846191278,0.5453758998953475,0.5456473846191278,0.512632361333975,0.5913837245043241,0,2.0312588214874268,0.18749570846557617,0
11124-I21120_1,4,5,DT,0.6075569944503103,0.546157173930499,0.541012503560534,0.546157173930499,0.5065651776440941,0.5927087833603063,0,2.0172507762908936,0.20406007766723633,0
