Dataset,T,CV,ML,Acc,b_Acc,Prec,Rec,F1,kap,ROC,tra-T,test-T,Al-Time
results/vs_1,0,1,DT,0.6238726887966233,0.5820589496535847,0.5688011679193978,0.5820589496535847,0.5357150586852398,0.6086510909862759,0,1.941321611404419,0.20066356658935547,0
