Dataset,T,CV,ML,Acc,b_Acc,Prec,Rec,F1,kap,ROC,tra-T,test-T,Al-Time
I211103-A211115_1,0,1,DT,0.5725841270309865,0.6657888592273229,0.661272529402697,0.6657888592273229,0.6106172887580635,0.5524484295844447,0,1.5257625579833984,0.2044532299041748,0
I211103-A211115_1,1,2,DT,0.5726025779644193,0.6658103743875093,0.6567772980605198,0.6658103743875093,0.6094282206581323,0.5524694301340551,0,1.4330899715423584,0.2073371410369873,0
I211103-A211115_1,2,3,DT,0.5720287539346616,0.6651906068814638,0.660790062719092,0.6651906068814638,0.6104211421165495,0.5518377380000867,0,1.4176790714263916,0.22841835021972656,0
I211103-A211115_1,3,4,DT,0.5720139931879153,0.6651542536472415,0.656023973761328,0.6651542536472415,0.608988546679578,0.5518333564413321,0,1.4100792407989502,0.20469069480895996,0
I211103-A211115_1,4,5,DT,0.5720841067349597,0.6650711673092974,0.6561712697020184,0.6650711673092974,0.609053368712669,0.5519010757471278,0,1.485219955444336,0.22039341926574707,0
