Dataset,T,CV,ML,Acc,b_Acc,Prec,Rec,F1,kap,ROC,tra-T,test-T,Al-Time
results/vs_1,0,1,DT,0.7235254543956054,0.5711885044053808,0.5672393303963951,0.5711885044053808,0.5364121242133253,0.7028484804030402,0,1.6264142990112305,0.2037370204925537,0
