Dataset,T,CV,ML,Acc,b_Acc,Prec,Rec,F1,kap,ROC,tra-T,test-T,Al-Time
results/vs_1,0,1,DT,0.7785076679123097,0.795072615124415,0.8051433296698404,0.795072615124415,0.7874271268958044,0.770066275302447,0,1.5581185817718506,0.20324349403381348,0
