Dataset,T,CV,ML,Acc,b_Acc,Prec,Rec,F1,kap,ROC,tra-T,test-T,Al-Time
I211103-I211104_1,0,1,DT,0.9016284780283514,0.848582630830316,0.8839402277305132,0.848582630830316,0.8479649517849303,0.8961435873163746,0,1.5973622798919678,0.17030858993530273,0
I211103-I211104_1,1,2,DT,0.9018192956819974,0.848680914195704,0.8878851900316236,0.848680914195704,0.852070347309065,0.8963332553115007,0,1.5384531021118164,0.1737346649169922,0
I211103-I211104_1,2,3,DT,0.9018393817508021,0.8487155408054886,0.8881144955949434,0.8487155408054886,0.852171196441255,0.896354461992561,0,1.419196605682373,0.1740257740020752,0
I211103-I211104_1,3,4,DT,0.9016109027181473,0.8484164701435399,0.883633077662751,0.8484164701435399,0.8477597356335538,0.8961248960325996,0,1.5766901969909668,0.1732337474822998,0
I211103-I211104_1,4,5,DT,0.9018418925094028,0.848721660201504,0.8879210789182106,0.848721660201504,0.852093617345199,0.896357031634705,0,1.558455228805542,0.16774821281433105,0
