Dataset,T,CV,ML,Acc,b_Acc,Prec,Rec,F1,kap,ROC,tra-T,test-T,Al-Time
I211112-A211208_1,0,1,DT,0.5327009649547804,0.6559936298095773,0.6603557480830285,0.6559936298095773,0.579685000841188,0.5125336755582184,0,1.5853302478790283,0.14296460151672363,0
I211112-A211208_1,1,2,DT,0.532352733365633,0.6548424052724555,0.668251958496458,0.6548424052724555,0.5816801043618566,0.5121474368890471,0,1.5881767272949219,0.14087200164794922,0
I211112-A211208_1,2,3,DT,0.5324309593023255,0.6549281554757596,0.6682902749215863,0.6549281554757596,0.5820782144479094,0.5122244972313912,0,1.6036207675933838,0.14144396781921387,0
I211112-A211208_1,3,4,DT,0.5324132953811369,0.6549315469936989,0.665793688166947,0.6549315469936989,0.5809369225547159,0.5122253468886383,0,1.60414457321167,0.14133191108703613,0
I211112-A211208_1,4,5,DT,0.5324511466408268,0.6550204451611462,0.6661153943444587,0.6550204451611462,0.5807923843819139,0.5122679947467398,0,1.5725228786468506,0.15755510330200195,0
