Dataset,T,CV,ML,Acc,b_Acc,Prec,Rec,F1,kap,ROC,tra-T,test-T,Al-Time
I211112-A211228_1,0,1,DT,0.5788245410913311,0.6233143670125505,0.6021309770485376,0.6233143670125505,0.5510454014106965,0.5599468237753848,0,1.6036672592163086,0.15644073486328125,0
I211112-A211228_1,1,2,DT,0.578816770660927,0.6232095933174933,0.5800870162294244,0.6232095933174933,0.5359765471098731,0.5600507751902335,0,1.7455604076385498,0.1571202278137207,0
I211112-A211228_1,2,3,DT,0.5787753283654382,0.6231501026652673,0.6015056905325086,0.6231501026652673,0.5507861083209985,0.5598858094130024,0,1.6016461849212646,0.14185070991516113,0
I211112-A211228_1,3,4,DT,0.578819360804395,0.6231147965022431,0.582726083961857,0.6231147965022431,0.5367990247043466,0.5600520490323373,0,1.730644702911377,0.15711236000061035,0
I211112-A211228_1,4,5,DT,0.5794746671018107,0.6236117845286765,0.5832737905235471,0.6236117845286765,0.5372080111617571,0.5606741930245596,0,1.8405554294586182,0.15690159797668457,0
