Dataset,T,CV,ML,Acc,b_Acc,Prec,Rec,F1,kap,ROC,tra-T,test-T,Al-Time
I211124-I211222_1,0,1,DT,0.7172035590566345,0.693008979926444,0.6825154211563966,0.693008979926444,0.6544635727982792,0.7012760664326521,0,1.7742910385131836,0.18085360527038574,0
I211124-I211222_1,1,2,DT,0.7466590857507055,0.7160477888485036,0.7048389921091538,0.7160477888485036,0.6884346451875627,0.7321419979561219,0,1.5632548332214355,0.17876815795898438,0
I211124-I211222_1,2,3,DT,0.7176712526623,0.6943932516775451,0.6842016529201973,0.6943932516775451,0.6559850934885291,0.7017779476578576,0,1.588430643081665,0.2652158737182617,0
I211124-I211222_1,3,4,DT,0.7466751340607038,0.7161770239071396,0.7055143832031467,0.7161770239071396,0.6888811678734121,0.7321577572476927,0,1.737666368484497,0.20657706260681152,0
I211124-I211222_1,4,5,DT,0.7466407448249932,0.7160862200447393,0.7045043208191673,0.7160862200447393,0.6883998614177161,0.7321230701097694,0,1.5421066284179688,0.19899296760559082,0
