Dataset,T,CV,ML,Acc,b_Acc,Prec,Rec,F1,kap,ROC,tra-T,test-T,Al-Time
11209-I21122_1,0,1,DT,0.534542538549735,0.47039514342671435,0.5272805995949453,0.47039514342671435,0.45746635056716156,0.5156081982985077,0,1.9414184093475342,0.2035067081451416,0
11209-I21122_1,1,2,DT,0.5347010801508213,0.4708216223145686,0.5312762042147207,0.4708216223145686,0.4577328525069045,0.5157480366678521,0,1.953139066696167,0.2030189037322998,0
11209-I21122_1,2,3,DT,0.5346298513155506,0.470576691412757,0.526888758826431,0.470576691412757,0.44190340158000296,0.5165176825785049,0,2.016018867492676,0.2031240463256836,0
11209-I21122_1,3,4,DT,0.5346459352460956,0.4705752581444456,0.5179306644925072,0.4705752581444456,0.4415523479217646,0.5165473126866422,0,1.8621931076049805,0.1557462215423584,0
11209-I21122_1,4,5,DT,0.5353697121206202,0.4717895101827756,0.5237447903571208,0.4717895101827756,0.44249370416708533,0.5173241770259733,0,1.9374616146087646,0.2031702995300293,0
