Dataset,T,CV,ML,Acc,b_Acc,Prec,Rec,F1,kap,ROC,tra-T,test-T,Al-Time
I211103-A211102_1,0,1,DT,0.7175939934674717,0.7714716090019268,0.7834825263021191,0.7714716090019268,0.7493001876766856,0.7073389962781294,0,1.4027655124664307,0.15623950958251953,0
I211103-A211102_1,1,2,DT,0.7175798537957948,0.7714989567940728,0.7836556724017538,0.7714989567940728,0.7493252520043309,0.7073251187361786,0,1.8750088214874268,0.17188000679016113,0
I211103-A211102_1,2,3,DT,0.717743873987246,0.7715626369660454,0.7834064708772935,0.7715626369660454,0.7494845670428741,0.7074949194768538,0,1.8750221729278564,0.15625381469726562,0
I211103-A211102_1,3,4,DT,0.7176222728108254,0.7715116312409475,0.7839491971876648,0.7715116312409475,0.7497229865692534,0.7073596197686616,0,1.8593664169311523,0.15624713897705078,0
I211103-A211102_1,4,5,DT,0.7177353901842399,0.7715498606842732,0.7843962222159401,0.7715498606842732,0.7497770936054817,0.7074761265593352,0,1.8749990463256836,0.17188596725463867,0
