Dataset,T,CV,ML,Acc,b_Acc,Prec,Rec,F1,kap,ROC,tra-T,test-T,Al-Time
I211102-I211122_1,0,1,DT,0.752453551010207,0.7260487223479798,0.708946781514843,0.7260487223479798,0.6933543927440926,0.7391017540557581,0,1.7032825946807861,0.19388914108276367,0
I211102-I211122_1,1,2,DT,0.7524468564644765,0.7260328820326369,0.7091724308809684,0.7260328820326369,0.6933168853033262,0.7390954996508896,0,1.643310546875,0.18875503540039062,0
I211102-I211122_1,2,3,DT,0.7524312358577722,0.7260364569916172,0.7083511132124828,0.7260364569916172,0.6931321331161125,0.7390782222265351,0,1.5972967147827148,0.18431663513183594,0
I211102-I211122_1,3,4,DT,0.7524111522205809,0.7260448343516768,0.7091116706489317,0.7260448343516768,0.6934574939938275,0.739056490492536,0,1.650437593460083,0.18077802658081055,0
I211102-I211122_1,4,5,DT,0.752453551010207,0.726070535552076,0.7090217348272937,0.726070535552076,0.6934681050955916,0.7391009313439912,0,1.6840810775756836,0.17884540557861328,0
