Dataset,T,CV,ML,Acc,b_Acc,Prec,Rec,F1,kap,ROC,tra-T,test-T,Al-Time
I211110-I211102_1,0,1,DT,0.5993928721040813,0.6703538914780279,0.6865318828553726,0.6703538914780279,0.6412401721767824,0.5760890927850302,0,1.4307456016540527,0.18882441520690918,0
I211110-I211102_1,1,2,DT,0.5994027989826934,0.6703392016520788,0.6874300379566093,0.6703392016520788,0.6417699907405179,0.5760993767693667,0,1.4954869747161865,0.18890070915222168,0
I211110-I211102_1,2,3,DT,0.5993908867283589,0.670234360962236,0.6839876143712169,0.670234360962236,0.6393394053484116,0.5760968605602035,0,1.5050010681152344,0.1885972023010254,0
I211110-I211102_1,3,4,DT,0.5946279703702527,0.6535860219807632,0.6689491916092412,0.6535860219807632,0.621162850742127,0.570993505036446,0,1.5563561916351318,0.17362070083618164,0
I211110-I211102_1,4,5,DT,0.5946557656303667,0.653602667125773,0.6755189677818518,0.653602667125773,0.6251970583262131,0.5710081603848212,0,1.5561017990112305,0.21983957290649414,0
