Dataset,T,CV,ML,Acc,b_Acc,Prec,Rec,F1,kap,ROC,tra-T,test-T,Al-Time
I211108-A211118_1,0,1,DT,0.6576854372869629,0.5523095266805622,0.5898679063083266,0.5523095266805622,0.5350809605635745,0.6430545888755943,0,2.0000157356262207,0.15623712539672852,0
I211108-A211118_1,1,2,DT,0.6575154549710881,0.5516446104998384,0.5893516888610251,0.5516446104998384,0.534758623434855,0.6428724763146694,0,1.99346923828125,0.17186999320983887,0
I211108-A211118_1,2,3,DT,0.6576794729951778,0.552313322169224,0.5898787982279176,0.552313322169224,0.5350997938276773,0.6430475433674152,0,1.9843382835388184,0.14071178436279297,0
I211108-A211118_1,3,4,DT,0.6576585979739301,0.5523126436214776,0.589853607227434,0.5523126436214776,0.5350818605964495,0.6430259747406903,0,1.9843053817749023,0.1562352180480957,0
I211108-A211118_1,4,5,DT,0.6575184371169807,0.5516394495900357,0.58977332452009,0.5516394495900357,0.5347446185442053,0.6428772771974332,0,2.0000815391540527,0.15618252754211426,0
