Dataset,T,CV,ML,Acc,b_Acc,Prec,Rec,F1,kap,ROC,tra-T,test-T,Al-Time
I211119-A211122_1,0,1,DT,0.9212851886067228,0.8684524467911724,0.8672272274785537,0.8684524467911724,0.8579031597673766,0.9151171515851245,0,1.3822681903839111,0.18125391006469727,0
I211119-A211122_1,1,2,DT,0.9211500501784492,0.868319078798061,0.8669626072529553,0.868319078798061,0.8577069615323487,0.9149712214132886,0,1.493232011795044,0.1724088191986084,0
I211119-A211122_1,2,3,DT,0.9212785424545126,0.8684462132155601,0.8671953734776986,0.8684462132155601,0.8578841052510604,0.9151099613170923,0,1.4604606628417969,0.15670037269592285,0
I211119-A211122_1,3,4,DT,0.9211589117147294,0.8683413272936538,0.867002630503134,0.8683413272936538,0.8577326465957827,0.9149807909418597,0,1.3189492225646973,0.15737700462341309,0
I211119-A211122_1,4,5,DT,0.9008172551834449,0.8458915839175103,0.8592502298695099,0.8458915839175103,0.8341279183420791,0.893066670761919,0,1.5880811214447021,0.20433855056762695,0
