Dataset,T,CV,ML,Acc,b_Acc,Prec,Rec,F1,kap,ROC,tra-T,test-T,Al-Time
I211104-A211117_1,0,1,DT,0.5655813768069401,0.6485773791422328,0.6386859411497069,0.6485773791422328,0.5746587742689032,0.5468684961056173,0,1.3252744674682617,0.17572736740112305,0
I211104-A211117_1,1,2,DT,0.565548155907894,0.6483129213538522,0.636783197444099,0.6483129213538522,0.5739813422702017,0.5468175379737401,0,1.3543436527252197,0.1736288070678711,0
I211104-A211117_1,2,3,DT,0.5657696285682013,0.6486011744734844,0.6382126097937253,0.6486011744734844,0.5746290391195752,0.5470668328714375,0,1.462589979171753,0.18612456321716309,0
I211104-A211117_1,3,4,DT,0.5653045359815557,0.647197908402844,0.6384039703723702,0.647197908402844,0.5744548273244007,0.5465647410374985,0,1.380265474319458,0.169036865234375,0
I211104-A211117_1,4,5,DT,0.5653333274273957,0.647242785287476,0.6361410662664226,0.647242785287476,0.5738171406069572,0.5465867192911362,0,1.3826353549957275,0.17847752571105957,0
