Dataset,T,CV,ML,Acc,b_Acc,Prec,Rec,F1,kap,ROC,tra-T,test-T,Al-Time
results/vs_1,0,1,DT,0.6149175101741513,0.5341416100843617,0.5509266857892403,0.5341416100843617,0.5005455912068991,0.5936911025444136,0,1.7615790367126465,0.19640874862670898,0
