Dataset,T,CV,ML,Acc,b_Acc,Prec,Rec,F1,kap,ROC,tra-T,test-T,Al-Time
11124-I21122_1,0,1,DT,0.5928789546364227,0.5291402778267572,0.5209834014382789,0.5291402778267572,0.49656758865399314,0.5766396465616725,0,1.9691040515899658,0.20352864265441895,0
11124-I21122_1,1,2,DT,0.6099991498493855,0.5494139997037033,0.5337948030359997,0.5494139997037033,0.5125144850984281,0.5944307728043314,0,2.0312631130218506,0.2031104564666748,0
11124-I21122_1,2,3,DT,0.610343805503921,0.5501675487753613,0.534500872179921,0.5501675487753613,0.5130425709924774,0.594803924861379,0,2.0625059604644775,0.20325565338134766,0
11124-I21122_1,3,4,DT,0.6102633858511961,0.5500945116858501,0.5353319205474139,0.5500945116858501,0.5134180871695282,0.594719355193176,0,2.07806396484375,0.20312786102294922,0
11124-I21122_1,4,5,DT,0.6101048442501097,0.5497487290657932,0.5345212898351065,0.5497487290657932,0.5130838731384401,0.5945428796796,0,2.015632152557373,0.2031998634338379,0
