Dataset,T,CV,ML,Acc,b_Acc,Prec,Rec,F1,kap,ROC,tra-T,test-T,Al-Time
I211118-I211110_1,0,1,DT,0.746915208157787,0.7807445889808204,0.7582752357877225,0.7807445889808204,0.7474510869189671,0.7339903452777927,0,1.8969662189483643,0.21408438682556152,0
I211118-I211110_1,1,2,DT,0.7738855619949356,0.8032316993414369,0.7808713174713898,0.8032316993414369,0.782151396270017,0.7621379151263823,0,1.5923666954040527,0.20159316062927246,0
I211118-I211110_1,2,3,DT,0.7737697817972088,0.8027177901317069,0.7813248393125991,0.8027177901317069,0.7818718931063918,0.7620196079459655,0,1.8410909175872803,0.2612583637237549,0
I211118-I211110_1,3,4,DT,0.746928072624201,0.7808295390997891,0.7713076150858483,0.7808295390997891,0.7588796608201225,0.7336145285927071,0,1.714923620223999,0.20478296279907227,0
I211118-I211110_1,4,5,DT,0.7469173522355227,0.7807430247109628,0.7595092392748531,0.7807430247109628,0.7481816069725387,0.7339508858631383,0,1.868868350982666,0.23155879974365234,0
