Dataset,T,CV,ML,Acc,b_Acc,Prec,Rec,F1,kap,ROC,tra-T,test-T,Al-Time
I211108-I211115_1,0,1,DT,0.568955766735787,0.5250758761935277,0.5317057790959329,0.5250758761935277,0.49097195372817454,0.5525666520392498,0,1.7801029682159424,0.2031869888305664,0
I211108-I211115_1,1,2,DT,0.5689624200219559,0.5251063780054034,0.5334050552756353,0.5251063780054034,0.49063301698062584,0.5525571646100036,0,1.8438866138458252,0.2122960090637207,0
I211108-I211115_1,2,3,DT,0.5686275379514532,0.524144548408151,0.5315188309947098,0.524144548408151,0.4904689976159456,0.5522145616198194,0,1.8214309215545654,0.19560575485229492,0
I211108-I211115_1,3,4,DT,0.5690222995974762,0.5251533332441326,0.5336016654059721,0.5251533332441326,0.49073587944371405,0.5526188603794097,0,1.8240504264831543,0.20070147514343262,0
I211108-I211115_1,4,5,DT,0.5689535489737306,0.5249116464984565,0.5315559776143822,0.5249116464984565,0.4909035423233524,0.552564870940872,0,1.7566685676574707,0.20007920265197754,0
