Dataset,T,CV,ML,Acc,b_Acc,Prec,Rec,F1,kap,ROC,tra-T,test-T,Al-Time
I211122-A211223_1,0,1,DT,0.5991349669389343,0.5586531276565543,0.546148212888984,0.5586531276565543,0.524148903738032,0.5834189850837044,0,1.7812590599060059,0.15614986419677734,0
I211122-A211223_1,1,2,DT,0.5989949436017113,0.558525717016599,0.5443941508420952,0.558525717016599,0.5233667628440075,0.5832400716012056,0,1.7656183242797852,0.15616893768310547,0
I211122-A211223_1,2,3,DT,0.5992812135355893,0.5587290756138146,0.5450790563651648,0.5587290756138146,0.5238098657796804,0.5835370778006155,0,1.8593862056732178,0.15624570846557617,0
I211122-A211223_1,3,4,DT,0.5991131855309219,0.5586112733559357,0.5450656947144663,0.5586112733559357,0.5237383505157344,0.5833625097121501,0,1.8437678813934326,0.15615057945251465,0
I211122-A211223_1,4,5,DT,0.5990540645663166,0.5585497239250602,0.5450152134951636,0.5585497239250602,0.5235622501917813,0.5833364167877853,0,1.7812888622283936,0.156174898147583,0
