Dataset,T,CV,ML,Acc,b_Acc,Prec,Rec,F1,kap,ROC,tra-T,test-T,Al-Time
I211220-I211124_1,0,1,DT,0.687363512816908,0.6580018073255494,0.6583999975587069,0.6580018073255494,0.6119072203614853,0.6692591665284282,0,1.5903842449188232,0.19562792778015137,0
I211220-I211124_1,1,2,DT,0.6874220910070763,0.6580763982206451,0.6556148160083695,0.6580763982206451,0.609231243238387,0.669311186424058,0,1.5700294971466064,0.18894720077514648,0
I211220-I211124_1,2,3,DT,0.6873424246684474,0.6580179652172607,0.6570114246229587,0.6580179652172607,0.61549986150299,0.669176240750149,0,1.6696994304656982,0.21222829818725586,0
I211220-I211124_1,3,4,DT,0.6873494540512677,0.6579941414027204,0.6618095331237214,0.6579941414027204,0.6147879990400127,0.6691821282728285,0,1.5900287628173828,0.21408581733703613,0
I211220-I211124_1,4,5,DT,0.6873494540512677,0.6579894603895512,0.6596996410618279,0.6579894603895512,0.6065603480825517,0.6695351512596186,0,1.6607871055603027,0.1884596347808838,0
