Dataset,T,CV,ML,Acc,b_Acc,Prec,Rec,F1,kap,ROC,tra-T,test-T,Al-Time
I211210-A211124_1,0,1,DT,0.7594067107239768,0.7308170958015922,0.7282389874906969,0.7308170958015922,0.704268946319564,0.7459828762626677,0,1.5032057762145996,0.17005109786987305,0
I211210-A211124_1,1,2,DT,0.7594126483668513,0.7308289281933223,0.7280473302316003,0.7308289281933223,0.7043055958381566,0.7459782552867129,0,1.5063934326171875,0.18807435035705566,0
I211210-A211124_1,2,3,DT,0.759308739616547,0.7307595158998178,0.7284655023738716,0.7307595158998178,0.7042647519537834,0.7458773097962632,0,1.5515766143798828,0.17233586311340332,0
I211210-A211124_1,3,4,DT,0.7597095305105779,0.7317169629220407,0.7303948179840265,0.7317169629220407,0.7056392604177155,0.7463050719049409,0,1.4896206855773926,0.1725168228149414,0
I211210-A211124_1,4,5,DT,0.7421459828877133,0.7038768677849144,0.699473907912096,0.7038768677849144,0.6719539838453316,0.7277439749488632,0,1.5326945781707764,0.18373942375183105,0
