Dataset,T,CV,ML,Acc,b_Acc,Prec,Rec,F1,kap,ROC,tra-T,test-T,Al-Time
results/vs_1,0,1,DT,0.7012240534032705,0.5550689692400091,0.6006256397571573,0.5550689692400091,0.5420708852962776,0.6837745085372879,0,1.687859296798706,0.1992781162261963,0
