Dataset,T,CV,ML,Acc,b_Acc,Prec,Rec,F1,kap,ROC,tra-T,test-T,Al-Time
I211112-I211118_1,0,1,DT,0.7796575007863161,0.8071983345861234,0.81848748707629,0.8071983345861234,0.8040747739292681,0.7704631579275297,0,2.5162105560302734,0.23437905311584473,0
I211112-I211118_1,1,2,DT,0.7750444463777039,0.7955784998944666,0.8186352632686106,0.7955784998944666,0.7934563467124559,0.7656167507892717,0,2.531264066696167,0.21874165534973145,0
I211112-I211118_1,2,3,DT,0.7749708338073537,0.7955333708810514,0.8160557961071859,0.7955333708810514,0.7928944570042076,0.7655477255665369,0,2.594186305999756,0.21874690055847168,0
I211112-I211118_1,3,4,DT,0.7751225203159541,0.795777943549786,0.8175613948821567,0.795777943549786,0.7933315744897412,0.765702467748147,0,2.344679832458496,0.21874690055847168,0
I211112-I211118_1,4,5,DT,0.7750266009061039,0.7955819056061999,0.8167139369892892,0.7955819056061999,0.7931813124528193,0.7656016487597633,0,2.4687564373016357,0.20312809944152832,0
