Dataset,T,CV,ML,Acc,b_Acc,Prec,Rec,F1,kap,ROC,tra-T,test-T,Al-Time
I211210-I211216_1,0,1,DT,0.6666754793710613,0.6949517130454419,0.688285607487166,0.6949517130454419,0.6661695761096358,0.6483720430683657,0,1.5392720699310303,0.22484993934631348,0
I211210-I211216_1,1,2,DT,0.6570832512149515,0.6880683592392025,0.694196823416969,0.6880683592392025,0.6645320419202465,0.6381240479081962,0,1.6548712253570557,0.22775554656982422,0
I211210-I211216_1,2,3,DT,0.6666418308633726,0.6949327167925641,0.6996282694132852,0.6949327167925641,0.6741166558780612,0.6482273003869676,0,1.500077724456787,0.2202591896057129,0
I211210-I211216_1,3,4,DT,0.6661971898689151,0.6945264118161212,0.6986639458541908,0.6945264118161212,0.6734622153363232,0.6477620207375405,0,1.6106884479522705,0.250485897064209,0
I211210-I211216_1,4,5,DT,0.6663125561809905,0.6945011829564216,0.6988232066142165,0.6945011829564216,0.6735487232278308,0.6478831811153606,0,1.6812410354614258,0.21823811531066895,0
