Dataset,T,CV,ML,Acc,b_Acc,Prec,Rec,F1,kap,ROC,tra-T,test-T,Al-Time
I211103-I211122_1,0,1,DT,0.6727572156045398,0.7165706753645841,0.6908006660889213,0.7165706753645841,0.6700152382450413,0.6564837511531891,0,1.5337340831756592,0.1972944736480713,0
I211103-I211122_1,1,2,DT,0.6727996143941659,0.7165711775122866,0.6909887860833707,0.7165711775122866,0.6699790600124069,0.6565279194969651,0,1.496098279953003,0.18058061599731445,0
I211103-I211122_1,2,3,DT,0.6726969646929658,0.7135986729717213,0.6856630739879517,0.7135986729717213,0.6643965627913462,0.6564248349266573,0,1.4782400131225586,0.19390273094177246,0
I211103-I211122_1,3,4,DT,0.6727371319673485,0.7136648214332713,0.6860774422976978,0.7136648214332713,0.6550143868852053,0.6577523331265249,0,1.4270987510681152,0.26709675788879395,0
I211103-I211122_1,4,5,DT,0.672739363482592,0.7136094311138408,0.6853133023135779,0.7136094311138408,0.6646093912733761,0.6564640618928431,0,1.4423942565917969,0.19047141075134277,0
