Dataset,T,CV,ML,Acc,b_Acc,Prec,Rec,F1,kap,ROC,tra-T,test-T,Al-Time
11223-I21122_1,0,1,DT,0.8809352955067025,0.8635393238078092,0.882583986014181,0.8635393238078092,0.8688175008516635,0.8760523929777343,0,1.82637619972229,0.18900418281555176,0
11223-I21122_1,1,2,DT,0.8808917358081356,0.8635087311523747,0.8825410470589216,0.8635087311523747,0.8687516989756279,0.8760071893863011,0,2.1165378093719482,0.20404744148254395,0
11223-I21122_1,2,3,DT,0.8809284176595603,0.8635222758916945,0.8825873234787278,0.8635222758916945,0.8688189249035739,0.8760451016515162,0,2.0923068523406982,0.2041947841644287,0
11223-I21122_1,3,4,DT,0.8808504687252827,0.8634664582449135,0.8825601239046958,0.8634664582449135,0.8687332913998775,0.8759640417931944,0,2.0707504749298096,0.20364928245544434,0
11223-I21122_1,4,5,DT,0.8808986136552777,0.8635010907146857,0.8826731704212077,0.8635010907146857,0.8688096453917521,0.8760140181394573,0,2.069880485534668,0.21956682205200195,0
