Dataset,T,CV,ML,Acc,b_Acc,Prec,Rec,F1,kap,ROC,tra-T,test-T,Al-Time
results/vs_1,0,1,DT,0.5887294530094638,0.5622515570007204,0.5027243818322871,0.5622515570007204,0.4871859206195664,0.573665439431802,0,1.825127124786377,0.19049477577209473,0
