Dataset,T,CV,ML,Acc,b_Acc,Prec,Rec,F1,kap,ROC,tra-T,test-T,Al-Time
11215-I21120_1,0,1,DT,0.5969167872867588,0.5461740857150085,0.5556788754010901,0.5461740857150085,0.49297598516372076,0.5813819231890344,0,1.9374072551727295,0.20313382148742676,0
11215-I21120_1,1,2,DT,0.596940095517128,0.5461412292965154,0.5539329796857153,0.5461412292965154,0.49226613918022594,0.5814111166285807,0,1.8749918937683105,0.18751049041748047,0
11215-I21120_1,2,3,DT,0.5968725016490573,0.5461035660539453,0.5552859602104999,0.5461035660539453,0.49328049344559033,0.5812851418221961,0,1.7306630611419678,0.23281407356262207,0
11215-I21120_1,3,4,DT,0.5969051331715742,0.5461687712450952,0.5535758346605052,0.5461687712450952,0.4920799462577497,0.5813695212012521,0,1.7256646156311035,0.16373229026794434,0
11215-I21120_1,4,5,DT,0.5969354338710542,0.5461778101265085,0.5636531898010075,0.5461778101265085,0.4976403091962656,0.5818519141604346,0,1.8407156467437744,0.1896815299987793,0
