Dataset,T,CV,ML,Acc,b_Acc,Prec,Rec,F1,kap,ROC,tra-T,test-T,Al-Time
11124-I21120_1,0,1,DT,0.6357751344368819,0.5780378612167241,0.5879739888074557,0.5780378612167241,0.5544286500746209,0.6209530551384379,0,1.9843907356262207,0.18748736381530762,0
11124-I21120_1,1,2,DT,0.6357947066853907,0.5778993973128974,0.5885747738623343,0.5778993973128974,0.55472848527521,0.6209683899339218,0,1.9687693119049072,0.18748784065246582,0
11124-I21120_1,2,3,DT,0.6354228339637228,0.5772363187121337,0.5918836248185257,0.5772363187121337,0.5565222590271912,0.6205405169075704,0,1.9334924221038818,0.18746185302734375,0
11124-I21120_1,3,4,DT,0.6358411907755993,0.5786315390069946,0.5928913417222704,0.5786315390069946,0.5578772315903633,0.6209825983024309,0,2.0625100135803223,0.18749189376831055,0
11124-I21120_1,4,5,DT,0.635657700945829,0.5782251910197944,0.5884303920675651,0.5782251910197944,0.5545160755079666,0.6208287886429127,0,1.906256914138794,0.18750810623168945,0
