Dataset,T,CV,ML,Acc,b_Acc,Prec,Rec,F1,kap,ROC,tra-T,test-T,Al-Time
I211122-I211118_1,0,1,DT,0.8729558569953133,0.8408818332803941,0.8601787903420183,0.8408818332803941,0.8397520923211947,0.8673313436216976,0,1.7811594009399414,0.2032172679901123,0
I211122-I211118_1,1,2,DT,0.8730718525607136,0.8409569614240008,0.8678560525562459,0.8409569614240008,0.8408756326161232,0.8674429551529912,0,1.7968761920928955,0.21866106986999512,0
I211122-I211118_1,2,3,DT,0.8730852366644136,0.8409594230153765,0.8677824625562751,0.8409594230153765,0.8408279597711609,0.8674569514034961,0,1.7812516689300537,0.21878528594970703,0
I211122-I211118_1,3,4,DT,0.8729067819484132,0.840710958618779,0.867886757259095,0.840710958618779,0.840763346898922,0.8672697515096173,0,1.7968826293945312,0.2187354564666748,0
I211122-I211118_1,4,5,DT,0.8730517764051636,0.8411204033896235,0.8690848802007318,0.8411204033896235,0.8412073405116904,0.8674202798619686,0,1.7656257152557373,0.20313596725463867,0
