Dataset,T,CV,ML,Acc,b_Acc,Prec,Rec,F1,kap,ROC,tra-T,test-T,Al-Time
results/vs_1,0,1,DT,0.401257721802364,0.5183351723649302,0.47634599146688994,0.5183351723649302,0.43767695642289306,0.3837795263416224,0,2.2077152729034424,0.24284577369689941,0
