Dataset,T,CV,ML,Acc,b_Acc,Prec,Rec,F1,kap,ROC,tra-T,test-T,Al-Time
11223-I21120_1,0,1,DT,0.565033458964695,0.5254915106020587,0.4716376693306462,0.5254915106020587,0.452685419976232,0.5479842717236496,0,2.1103663444519043,0.21335172653198242,0
11223-I21120_1,1,2,DT,0.5650590980181012,0.5254921826374193,0.47129458391093704,0.5254921826374193,0.4525043424654747,0.5480114708364396,0,2.081308364868164,0.20321154594421387,0
11223-I21120_1,2,3,DT,0.5650544363720273,0.5255132796743514,0.4702616759166253,0.5255132796743514,0.4519957038215405,0.5480065842689849,0,2.096377372741699,0.19352984428405762,0
11223-I21120_1,3,4,DT,0.5649915041500304,0.5254383967760715,0.47014230094885956,0.5254383967760715,0.45192784783323664,0.5479410738345121,0,2.0847432613372803,0.19359254837036133,0
11223-I21120_1,4,5,DT,0.5650590980181012,0.5254762762577946,0.47008692683680575,0.5254762762577946,0.45192583919630464,0.5480094940584718,0,2.11807918548584,0.2039170265197754,0
