Dataset,T,CV,ML,Acc,b_Acc,Prec,Rec,F1,kap,ROC,tra-T,test-T,Al-Time
results/vs_1,0,1,DT,0.5476670258744488,0.4953865222076203,0.5139092847374824,0.4953865222076203,0.47888747631828066,0.5296577902613536,0,1.818467378616333,0.20908761024475098,0
