Dataset,T,CV,ML,Acc,b_Acc,Prec,Rec,F1,kap,ROC,tra-T,test-T,Al-Time
results/vs_1,0,1,DT,0.6078228573073797,0.7763032073927243,0.7813942214609186,0.7763032073927243,0.7477803246996239,0.5941929446055645,0,1.5120034217834473,0.19167351722717285,0
