Dataset,T,CV,ML,Acc,b_Acc,Prec,Rec,F1,kap,ROC,tra-T,test-T,Al-Time
results/vs_1,0,1,DT,0.6259355690559376,0.5403247687950807,0.5579040587949547,0.5403247687950807,0.5126289847321368,0.6105474017541117,0,1.682298183441162,0.1697101593017578,0
