Dataset,T,CV,ML,Acc,b_Acc,Prec,Rec,F1,kap,ROC,tra-T,test-T,Al-Time
11223-I21122_1,0,1,DT,0.8700861765042365,0.8546614762181153,0.8679663426960036,0.8546614762181153,0.8525113215242766,0.8647688779222,0,1.7023720741271973,0.20273613929748535,0
11223-I21122_1,1,2,DT,0.8700534896697929,0.8545998555664531,0.8667792082184683,0.8545998555664531,0.8519416604409537,0.8647348476290042,0,2.1035139560699463,0.17316818237304688,0
11223-I21122_1,2,3,DT,0.87003948102646,0.8545945864365416,0.867747993175083,0.8545945864365416,0.852403695169937,0.8647203355705215,0,2.092406749725342,0.1884922981262207,0
11223-I21122_1,3,4,DT,0.8700815069564588,0.8547228781339817,0.8665267467898883,0.8547228781339817,0.8518586570284862,0.8647641418190941,0,2.0795891284942627,0.1889660358428955,0
11223-I21122_1,4,5,DT,0.87007917218257,0.8546078162226075,0.8664079928919707,0.8546078162226075,0.8517596845461622,0.8647615190212841,0,2.0756914615631104,0.20450878143310547,0
