Dataset,T,CV,ML,Acc,b_Acc,Prec,Rec,F1,kap,ROC,tra-T,test-T,Al-Time
results/vs_1,0,1,DT,0.7880802849904649,0.6668394254443737,0.7016846493130913,0.6668394254443737,0.6653665669002671,0.7775340796248458,0,1.6236085891723633,0.16783833503723145,0
