Dataset,T,CV,ML,Acc,b_Acc,Prec,Rec,F1,kap,ROC,tra-T,test-T,Al-Time
11203-I21112_1,0,1,DT,0.6505569861913589,0.5681683340687628,0.5801851505479104,0.5681683340687628,0.5474592480436052,0.6355920553824949,0,2.0961945056915283,0.18767094612121582,0
11203-I21112_1,1,2,DT,0.6505425596118288,0.5679424047935884,0.5803926921279271,0.5679424047935884,0.5471695589087405,0.6355768030690112,0,2.0957343578338623,0.2040691375732422,0
11203-I21112_1,2,3,DT,0.6505161108826902,0.5677645985347747,0.5828751360133725,0.5677645985347747,0.54799494339663,0.6355431617128411,0,2.0312647819519043,0.18754172325134277,0
11203-I21112_1,3,4,DT,0.6505617950512024,0.5678203580091254,0.5823675984855344,0.5678203580091254,0.5476083673698143,0.6355934935734033,0,1.9844658374786377,0.20306134223937988,0
11203-I21112_1,4,5,DT,0.650564199481124,0.567971057839806,0.581820407873975,0.567971057839806,0.547670483180406,0.6355979520130995,0,2.046889305114746,0.21257257461547852,0
