Dataset,T,CV,ML,Acc,b_Acc,Prec,Rec,F1,kap,ROC,tra-T,test-T,Al-Time
11207-I21121_1,0,1,DT,0.5703299628088175,0.5114464678769898,0.5561676619780513,0.5114464678769898,0.48751473202887324,0.5527645522151177,0,1.8751366138458252,0.18754982948303223,0
11207-I21121_1,1,2,DT,0.5527094918775305,0.49032580451237745,0.5438875003715494,0.49032580451237745,0.4799918859171549,0.5344420094751693,0,1.9374825954437256,0.1874082088470459,0
11207-I21121_1,2,3,DT,0.5527142026036183,0.49032556112447767,0.5476875494662051,0.49032556112447767,0.48017384968324633,0.5344443427510803,0,1.859306812286377,0.2032032012939453,0
11207-I21121_1,3,4,DT,0.55272126869275,0.49028167429710195,0.5479332543511656,0.49028167429710195,0.48019240402749247,0.534451499237037,0,2.031329870223999,0.20305299758911133,0
11207-I21121_1,4,5,DT,0.5527094918775305,0.4902770693467481,0.5395538489456944,0.4902770693467481,0.4778180184218421,0.5344411649199661,0,1.8282184600830078,0.20303559303283691,0
