Dataset,T,CV,ML,Acc,b_Acc,Prec,Rec,F1,kap,ROC,tra-T,test-T,Al-Time
I211104-A211105_1,0,1,DT,0.8476861902441185,0.85127816846224,0.8522378873060981,0.85127816846224,0.8280195107146274,0.84128529616524,0,1.8594071865081787,0.1562204360961914,0
I211104-A211105_1,1,2,DT,0.8476640379247707,0.8513206586751924,0.851651333062267,0.8513206586751924,0.8279663539939062,0.8412621484578777,0,1.8593719005584717,0.17188811302185059,0
I211104-A211105_1,2,3,DT,0.8476557308050153,0.8512093233753846,0.8517593131888095,0.8512093233753846,0.8278954039626261,0.8412536397767572,0,1.8614485263824463,0.15622854232788086,0
I211104-A211105_1,3,4,DT,0.8476834212042,0.8514178699769844,0.8523962860899322,0.8514178699769844,0.8281785443305728,0.841282394239552,0,1.8281364440917969,0.17188382148742676,0
I211104-A211105_1,4,5,DT,0.847694497363874,0.8514283070607724,0.8524174577025995,0.8514283070607724,0.8281159801500104,0.8412940248849465,0,1.8437442779541016,0.15625929832458496,0
