Dataset,T,CV,ML,Acc,b_Acc,Prec,Rec,F1,kap,ROC,tra-T,test-T,Al-Time
results/vs_1,0,1,DT,0.6135918110810223,0.5847717176933187,0.607774615935206,0.5847717176933187,0.5744430756140201,0.59815024338326,0,1.8153865337371826,0.20936942100524902,0
