Dataset,T,CV,ML,Acc,b_Acc,Prec,Rec,F1,kap,ROC,tra-T,test-T,Al-Time
11117-I21111_1,0,1,DT,0.9237446280973698,0.9196760054189209,0.9230651770414137,0.9196760054189209,0.9188981440624886,0.9204838565321984,0,1.7812550067901611,0.20311808586120605,0
11117-I21111_1,1,2,DT,0.9237446280973698,0.9196760054189209,0.9230651770414137,0.9196760054189209,0.9188981440624886,0.9204838565321984,0,1.7969696521759033,0.21873903274536133,0
11117-I21111_1,2,3,DT,0.9237446280973698,0.9196760054189209,0.9230651770414137,0.9196760054189209,0.9188981440624886,0.9204838565321984,0,1.7968814373016357,0.21875286102294922,0
11117-I21111_1,3,4,DT,0.9237446280973698,0.9196760054189209,0.9230651770414137,0.9196760054189209,0.9188981440624886,0.9204838565321984,0,1.8282115459442139,0.20311856269836426,0
11117-I21111_1,4,5,DT,0.9237446280973698,0.9196760054189209,0.9230651770414137,0.9196760054189209,0.9188981440624886,0.9204838565321984,0,1.93760347366333,0.21874260902404785,0
