Dataset,T,CV,ML,Acc,b_Acc,Prec,Rec,F1,kap,ROC,tra-T,test-T,Al-Time
results/vs_1,0,1,DT,0.60515586017956,0.5359793609834824,0.5967649795092306,0.5359793609834824,0.5411612173772935,0.5889496731748478,0,1.5034825801849365,0.1971900463104248,0
