Dataset,T,CV,ML,Acc,b_Acc,Prec,Rec,F1,kap,ROC,tra-T,test-T,Al-Time
I211108-I211108_1,0,1,DT,0.8999799485114651,0.8850374068792178,0.8912220255185788,0.8850374068792178,0.8802266678887155,0.8958190243013561,0,2.078383684158325,0.20307397842407227,0
I211108-I211108_1,1,2,DT,0.8999799485114651,0.8850374068792178,0.8912220255185788,0.8850374068792178,0.8802266678887155,0.8958190243013561,0,1.9847991466522217,0.21878647804260254,0
I211108-I211108_1,2,3,DT,0.8999799485114651,0.8850374068792178,0.8912220255185788,0.8850374068792178,0.8802266678887155,0.8958190243013561,0,1.9067966938018799,0.2186570167541504,0
I211108-I211108_1,3,4,DT,0.8999799485114651,0.8850374068792178,0.8912220255185788,0.8850374068792178,0.8802266678887155,0.8958190243013561,0,2.0161385536193848,0.20305490493774414,0
I211108-I211108_1,4,5,DT,0.8999799485114651,0.8850374068792178,0.8912220255185788,0.8850374068792178,0.8802266678887155,0.8958190243013561,0,2.0504307746887207,0.20311999320983887,0
