Dataset,T,CV,ML,Acc,b_Acc,Prec,Rec,F1,kap,ROC,tra-T,test-T,Al-Time
11203-I21120_1,0,1,DT,0.9214566593378863,0.9215437804861156,0.9288619180144178,0.9215437804861156,0.9220410374989866,0.918303236149553,0,1.9843685626983643,0.18751764297485352,0
11203-I21120_1,1,2,DT,0.9214566593378863,0.9215437804861156,0.9288619180144178,0.9215437804861156,0.9220410374989866,0.918303236149553,0,1.9063518047332764,0.1718604564666748,0
11203-I21120_1,2,3,DT,0.9214566593378863,0.9215437804861156,0.9288619180144178,0.9215437804861156,0.9220410374989866,0.918303236149553,0,2.0937628746032715,0.18749547004699707,0
11203-I21120_1,3,4,DT,0.9214566593378863,0.9215437804861156,0.9288619180144178,0.9215437804861156,0.9220410374989866,0.918303236149553,0,2.015636444091797,0.20303750038146973,0
11203-I21120_1,4,5,DT,0.9214566593378863,0.9215437804861156,0.9288619180144178,0.9215437804861156,0.9220410374989866,0.918303236149553,0,1.8438260555267334,0.18751096725463867,0
