Dataset,T,CV,ML,Acc,b_Acc,Prec,Rec,F1,kap,ROC,tra-T,test-T,Al-Time
I211115-I211103_1,0,1,DT,0.7323539592926392,0.7016585121142452,0.7222654258399959,0.7016585121142452,0.6794886986134554,0.7173988932469574,0,1.4992778301239014,0.16463732719421387,0
I211115-I211103_1,1,2,DT,0.7324012760584636,0.7019326242943879,0.723174053818949,0.7019326242943879,0.6799347404308361,0.7174486782949664,0,1.5250310897827148,0.17003273963928223,0
I211115-I211103_1,2,3,DT,0.7323888242779835,0.7017212497187392,0.7223584045068238,0.7017212497187392,0.6795308741937904,0.7174354197556932,0,1.43275785446167,0.15485763549804688,0
I211115-I211103_1,3,4,DT,0.7324112374828476,0.7016258438773332,0.7218562532863868,0.7016258438773332,0.6793634224801249,0.7174593400895987,0,1.509756088256836,0.16000843048095703,0
I211115-I211103_1,4,5,DT,0.7323564496487353,0.7018876727294914,0.7223572385925257,0.7018876727294914,0.6797090185973911,0.7174017982010199,0,1.3694262504577637,0.1497645378112793,0
