Dataset,T,CV,ML,Acc,b_Acc,Prec,Rec,F1,kap,ROC,tra-T,test-T,Al-Time
results/vs_1,0,1,DT,0.6668470874923849,0.6085741460446765,0.5915147669162258,0.6085741460446765,0.5807762915064838,0.6524351779243079,0,1.847825527191162,0.18073129653930664,0
