Dataset,T,CV,ML,Acc,b_Acc,Prec,Rec,F1,kap,ROC,tra-T,test-T,Al-Time
results/vs_1,0,1,DT,0.4756011751643722,0.5007389806775946,0.5242066999925056,0.5007389806775946,0.4607813941674509,0.4580770941861676,0,2.1034011840820312,0.24479150772094727,0
