Dataset,T,CV,ML,Acc,b_Acc,Prec,Rec,F1,kap,ROC,tra-T,test-T,Al-Time
results/vs_1,0,1,DT,0.6085145689325251,0.565148054910853,0.570951727752782,0.565148054910853,0.5282620316423045,0.592765972825974,0,1.7600431442260742,0.18651700019836426,0
