Dataset,T,CV,ML,Acc,b_Acc,Prec,Rec,F1,kap,ROC,tra-T,test-T,Al-Time
I211122-A211108_1,0,1,DT,0.6477554783348699,0.6964838470790264,0.6760960653667804,0.6964838470790264,0.6313732981012559,0.6276453804984687,0,1.6157591342926025,0.23636341094970703,0
I211122-A211108_1,1,2,DT,0.6435943780103769,0.6766714588913377,0.6749327551473233,0.6766714588913377,0.6297776567682811,0.6232049420649323,0,1.4799444675445557,0.23317551612854004,0
I211122-A211108_1,2,3,DT,0.6479509791331648,0.6967801962141345,0.6953902337287406,0.6967801962141345,0.6427679489738252,0.6278090565445338,0,1.4543700218200684,0.20453310012817383,0
I211122-A211108_1,3,4,DT,0.6480448961833261,0.697459837862706,0.6766472027996528,0.697459837862706,0.6320253378488,0.6278905250760711,0,1.4566819667816162,0.20398879051208496,0
I211122-A211108_1,4,5,DT,0.6436480448961833,0.6766367839107179,0.6847242302561451,0.6766367839107179,0.6371702405228444,0.6232283566208175,0,1.432589054107666,0.20167016983032227,0
