Dataset,T,CV,ML,Acc,b_Acc,Prec,Rec,F1,kap,ROC,tra-T,test-T,Al-Time
11223-I21121_1,0,1,DT,0.7913624280763148,0.799337255452393,0.7902532599682003,0.799337255452393,0.7851489421764157,0.7830424257786457,0,1.8422930240631104,0.16888666152954102,0
11223-I21121_1,1,2,DT,0.7909466286598761,0.7973890498787932,0.7920081785403204,0.7973890498787932,0.784596193572442,0.782608335899083,0,1.952906847000122,0.20464420318603516,0
11223-I21121_1,2,3,DT,0.7909538390543808,0.7973923201806986,0.7919533703275989,0.7973923201806986,0.7845655867656125,0.7826153994614283,0,2.088792324066162,0.18828797340393066,0
11223-I21121_1,3,4,DT,0.7913504107521403,0.799334267627244,0.7927574913947131,0.799334267627244,0.7863962861649565,0.783030304896519,0,1.9943273067474365,0.1919567584991455,0
11223-I21121_1,4,5,DT,0.7909658563785553,0.7973872188653244,0.7919594474808107,0.7973872188653244,0.7845954838222066,0.7826283514989498,0,2.0866410732269287,0.1886615753173828,0
