Dataset,T,CV,ML,Acc,b_Acc,Prec,Rec,F1,kap,ROC,tra-T,test-T,Al-Time
11209-I21112_1,0,1,DT,0.6249379071184217,0.5705890064401187,0.5896723233492214,0.5705890064401187,0.5355362231337804,0.6083641631177351,0,1.9533965587615967,0.2030775547027588,0
11209-I21112_1,1,2,DT,0.624935563990815,0.5705630985257074,0.5900817311743161,0.5705630985257074,0.5355706968512999,0.6083634786540659,0,1.953141689300537,0.20310378074645996,0
11209-I21112_1,2,3,DT,0.6255260321477107,0.5714990915028504,0.59093310871101,0.5714990915028504,0.5369264944932663,0.6089332152636868,0,1.937932014465332,0.20302891731262207,0
11209-I21112_1,3,4,DT,0.6234008154084072,0.5638165118044807,0.5882188356089686,0.5638165118044807,0.5313928160861094,0.6066934274403779,0,1.908782958984375,0.18748807907104492,0
11209-I21112_1,4,5,DT,0.624839495758939,0.5700556485538519,0.5788587680292101,0.5700556485538519,0.5361317487925734,0.6082171791084047,0,1.9220726490020752,0.15673828125,0
