Dataset,T,CV,ML,Acc,b_Acc,Prec,Rec,F1,kap,ROC,tra-T,test-T,Al-Time
I211209-I211203_1,0,1,DT,0.7775524366052716,0.7826767328909698,0.8060476087541085,0.7826767328909698,0.7634298547081525,0.7652584528062552,0,1.5002000331878662,0.2129056453704834,0
I211209-I211203_1,1,2,DT,0.7775384176844014,0.7826728712175769,0.8016663321749006,0.7826728712175769,0.7614809349125129,0.7652052770928259,0,1.5016202926635742,0.22144341468811035,0
I211209-I211203_1,2,3,DT,0.7773865460416408,0.78215010276764,0.8049985053771365,0.78215010276764,0.7628235101209052,0.7650836084427426,0,1.5131020545959473,0.21824240684509277,0
I211209-I211203_1,3,4,DT,0.7773842095548291,0.7821530473547676,0.8007846738802555,0.7821530473547676,0.7608631649320472,0.7650427410070499,0,1.529747486114502,0.22548890113830566,0
I211209-I211203_1,4,5,DT,0.7775547730920833,0.7826825578191774,0.8113450884479646,0.7826825578191774,0.7637102118071726,0.7653464634775471,0,1.5337014198303223,0.23751568794250488,0
