Dataset,T,CV,ML,Acc,b_Acc,Prec,Rec,F1,kap,ROC,tra-T,test-T,Al-Time
11209-I21120_1,0,1,DT,0.755907222781681,0.7579810689758175,0.7609593243670973,0.7579810689758175,0.7331514954491208,0.7457912215120002,0,1.9356634616851807,0.18846654891967773,0
11209-I21120_1,1,2,DT,0.7558768484531289,0.7579698822109421,0.7613440059758225,0.7579698822109421,0.7333477576110761,0.7457587008969182,0,1.860912561416626,0.1874988079071045,0
11209-I21120_1,2,3,DT,0.7561081606474872,0.7584516001632011,0.7616763278698467,0.7584516001632011,0.7336760624454385,0.746000364117534,0,1.8597311973571777,0.2031230926513672,0
11209-I21120_1,3,4,DT,0.7558745119663172,0.7579894038959017,0.7613673392222743,0.7579894038959017,0.7333485274362787,0.745756213969876,0,1.9222054481506348,0.20313405990600586,0
11209-I21120_1,4,5,DT,0.7560988147002404,0.7584389006362834,0.7620137692295011,0.7584389006362834,0.7338315805669694,0.7459897555007458,0,1.968754768371582,0.18750429153442383,0
