Dataset,T,CV,ML,Acc,b_Acc,Prec,Rec,F1,kap,ROC,tra-T,test-T,Al-Time
11207-I21120_1,0,1,DT,0.7499398354645987,0.7554516755176116,0.7649985471951799,0.7554516755176116,0.7282362860515976,0.7400583266531492,0,1.8750054836273193,0.18754148483276367,0
11207-I21120_1,1,2,DT,0.7523417439070266,0.7611284456138494,0.7667141476043587,0.7611284456138494,0.7335763818768518,0.7425353377861081,0,1.906334400177002,0.1874246597290039,0
11207-I21120_1,2,3,DT,0.7499702097931509,0.7554736668919452,0.7690444572661621,0.7554736668919452,0.7295741038729403,0.7401081839429566,0,1.8754346370697021,0.2030351161956787,0
11207-I21120_1,3,4,DT,0.7523627722883318,0.7611522791839835,0.7711014564527389,0.7611522791839835,0.7343060905308629,0.7425756106203522,0,1.8750181198120117,0.20311713218688965,0
11207-I21120_1,4,5,DT,0.7523861371564489,0.761170314138105,0.7714441585722154,0.761170314138105,0.734294052544414,0.7426038034639779,0,1.8750228881835938,0.203108549118042,0
