Dataset,T,CV,ML,Acc,b_Acc,Prec,Rec,F1,kap,ROC,tra-T,test-T,Al-Time
results/vs_1,0,1,DT,0.8754978648634008,0.8424151789089463,0.8644634225776073,0.8424151789089463,0.8427118820392405,0.8703535714391493,0,1.8041613101959229,0.189849853515625,0
