Dataset,T,CV,ML,Acc,b_Acc,Prec,Rec,F1,kap,ROC,tra-T,test-T,Al-Time
I211122-I211119_1,0,1,DT,0.9066584006081888,0.8492722813252002,0.896143764624497,0.8492722813252002,0.8612369177271615,0.901097012621864,0,1.3210852146148682,0.157029390335083,0
I211122-I211119_1,1,2,DT,0.906635774535713,0.8492269285361864,0.8958527818631371,0.8492269285361864,0.8610675863937891,0.9010731352630207,0,1.3979361057281494,0.18863511085510254,0
I211122-I211119_1,2,3,DT,0.9066991275386453,0.8492781206142859,0.8961147957413829,0.8492781206142859,0.8612247791708089,0.9011402106169726,0,1.6683766841888428,0.18919944763183594,0
I211122-I211119_1,3,4,DT,0.9067308040401115,0.8493593861433287,0.8960741607455367,0.8493593861433287,0.8612233796774299,0.9011738140471737,0,1.5708897113800049,0.17270135879516602,0
I211122-I211119_1,4,5,DT,0.9065995728197517,0.8491026699198305,0.8958501942496897,0.8491026699198305,0.8610031349762566,0.9010345858787325,0,1.6261518001556396,0.1948075294494629,0
