Dataset,T,CV,ML,Acc,b_Acc,Prec,Rec,F1,kap,ROC,tra-T,test-T,Al-Time
I211220-A211124_1,0,1,DT,0.6270596198721031,0.6451518983545985,0.6109914277811332,0.6451518983545985,0.5678563050601307,0.6084514289859864,0,1.5899052619934082,0.15246295928955078,0
I211220-A211124_1,1,2,DT,0.6270477445863541,0.6451482333352835,0.6266376631837853,0.6451482333352835,0.5791296690410266,0.608449782934055,0,1.6181178092956543,0.14690661430358887,0
I211220-A211124_1,2,3,DT,0.626979461693297,0.645088236987004,0.6149529294066786,0.645088236987004,0.569713038963296,0.6083370028164247,0,1.5832390785217285,0.14255070686340332,0
I211220-A211124_1,3,4,DT,0.6265103879062089,0.6439913866640966,0.5990328407819175,0.6439913866640966,0.5561018933772836,0.6077547091037205,0,1.6495485305786133,0.1525712013244629,0
I211220-A211124_1,4,5,DT,0.6265638266920798,0.6437063084083084,0.6039640289954151,0.6437063084083084,0.5604493020670906,0.6078163104605019,0,1.5233643054962158,0.14130687713623047,0
