Dataset,T,CV,ML,Acc,b_Acc,Prec,Rec,F1,kap,ROC,tra-T,test-T,Al-Time
I211213-I211208_1,0,1,DT,0.8742932560831707,0.8135404348079903,0.8398780454697858,0.8135404348079903,0.8136536103615886,0.8670460294418119,0,1.504732370376587,0.19699764251708984,0
I211213-I211208_1,1,2,DT,0.8736752920648946,0.8126892566350865,0.8370588480805193,0.8126892566350865,0.8118558200026224,0.8663946738855686,0,1.5198843479156494,0.18565654754638672,0
I211213-I211208_1,2,3,DT,0.8743156258213888,0.8134268170045961,0.8399369457926029,0.8134268170045961,0.8136382353549984,0.8670697218944349,0,1.5019145011901855,0.21152520179748535,0
I211213-I211208_1,3,4,DT,0.8760185221432446,0.8151111886126499,0.8406073025363086,0.8151111886126499,0.8154647649964759,0.8688755495579201,0,1.4496333599090576,0.18131089210510254,0
I211213-I211208_1,4,5,DT,0.8760185221432446,0.8151044599536894,0.8406544349927062,0.8151044599536894,0.8154769022576646,0.8688755236614037,0,1.5435972213745117,0.1880500316619873,0
