Dataset,T,CV,ML,Acc,b_Acc,Prec,Rec,F1,kap,ROC,tra-T,test-T,Al-Time
11209-I21122_1,0,1,DT,0.535105678121339,0.4626553225375071,0.5218588898158935,0.4626553225375071,0.4539447229787251,0.5161849676930557,0,1.9218969345092773,0.20302438735961914,0
11209-I21122_1,1,2,DT,0.5351584082827621,0.46273854157747774,0.5100562572734751,0.46273854157747774,0.45324259437509584,0.516264225260247,0,1.8437583446502686,0.20312714576721191,0
11209-I21122_1,2,3,DT,0.5358805822326868,0.463970490008367,0.5225682852078214,0.463970490008367,0.45481213515924707,0.5169989330026437,0,1.9741313457489014,0.20462727546691895,0
11209-I21122_1,3,4,DT,0.5351446525884778,0.4627364766168597,0.5042769159724048,0.4627364766168597,0.43885451122570684,0.5172331240033983,0,1.9376721382141113,0.21876120567321777,0
11209-I21122_1,4,5,DT,0.5351354821256216,0.4627513443192702,0.5210566613728321,0.4627513443192702,0.4537573948478132,0.5162184408376991,0,1.9218852519989014,0.21864748001098633,0
