Dataset,T,CV,ML,Acc,b_Acc,Prec,Rec,F1,kap,ROC,tra-T,test-T,Al-Time
I211108-A211208_1,0,1,DT,0.6660509528423773,0.6351085428458624,0.6360421909939972,0.6351085428458624,0.5824374837322633,0.639774351564949,0,1.4627254009246826,0.15366125106811523,0
I211108-A211208_1,1,2,DT,0.6660812338501292,0.6350594098471121,0.6362259765102762,0.6350594098471121,0.5824900647548736,0.6398061190637507,0,1.397993564605713,0.18535208702087402,0
I211108-A211208_1,2,3,DT,0.6659727269056848,0.6350131175349498,0.6362432715291053,0.6350131175349498,0.5823938091608919,0.6396895513312424,0,1.4554164409637451,0.15657258033752441,0
I211108-A211208_1,3,4,DT,0.6659954376614987,0.635045534421702,0.6360568936771095,0.635045534421702,0.5823829011841205,0.6397143617608482,0,1.351074457168579,0.14770722389221191,0
I211108-A211208_1,4,5,DT,0.6660862806847545,0.63515361698026,0.6358734361272771,0.63515361698026,0.5824993179100119,0.6398130077059394,0,1.569051742553711,0.14496517181396484,0
