Dataset,T,CV,ML,Acc,b_Acc,Prec,Rec,F1,kap,ROC,tra-T,test-T,Al-Time
I211118-A211125_1,0,1,DT,0.7247449793212346,0.7781965896562543,0.7819588284483139,0.7781965896562543,0.7514713265234786,0.7148885701187553,0,1.9218792915344238,0.18741512298583984,0
I211118-A211125_1,1,2,DT,0.7239737737831945,0.7769244110124811,0.7805618409274478,0.7769244110124811,0.7502245246570997,0.7140885935413118,0,1.906346321105957,0.18741440773010254,0
I211118-A211125_1,2,3,DT,0.7246822371757669,0.7780961353141452,0.782736624276323,0.7780961353141452,0.7519876993358479,0.7148305911079964,0,1.92189621925354,0.1873922348022461,0
I211118-A211125_1,3,4,DT,0.7239188744059103,0.7768857675461875,0.7874572073683062,0.7768857675461875,0.7522852522311293,0.7137704899607646,0,1.8437533378601074,0.1874985694885254,0
I211118-A211125_1,4,5,DT,0.7239084173816657,0.776793037125372,0.7898498361788144,0.776793037125372,0.7509395107824419,0.7137850587827008,0,1.906266450881958,0.18741202354431152,0
