Dataset,T,CV,ML,Acc,b_Acc,Prec,Rec,F1,kap,ROC,tra-T,test-T,Al-Time
results/vs_1,0,1,DT,0.9228662356815738,0.9215405731861416,0.9247538498229928,0.9215405731861416,0.9209780193867219,0.9195671882495668,0,1.7293453216552734,0.21311283111572266,0
