Dataset,T,CV,ML,Acc,b_Acc,Prec,Rec,F1,kap,ROC,tra-T,test-T,Al-Time
I211222-I211201_1,0,1,DT,0.7269062126583778,0.6881678302532699,0.7181317571582387,0.6881678302532699,0.6666357788035009,0.7106789092432543,0,1.5462720394134521,0.18353939056396484,0
I211222-I211201_1,1,2,DT,0.7268741173798402,0.688050422452556,0.7178352917077674,0.688050422452556,0.6664841677116122,0.7106425807846566,0,1.629913330078125,0.1803884506225586,0
I211222-I211201_1,2,3,DT,0.7270666890510661,0.6884099364019399,0.7198804937474125,0.6884099364019399,0.667185207733928,0.7108501091742881,0,1.5698506832122803,0.18004894256591797,0
I211222-I211201_1,3,4,DT,0.7269259635990164,0.6880772005266863,0.7175976001452861,0.6880772005266863,0.6664712898973142,0.710697217090366,0,1.619668960571289,0.19524264335632324,0
I211222-I211201_1,4,5,DT,0.7270740956538055,0.6884034168917772,0.7201838348197466,0.6884034168917772,0.6670741992781809,0.7108574336393166,0,1.7081334590911865,0.1697998046875,0
