Dataset,T,CV,ML,Acc,b_Acc,Prec,Rec,F1,kap,ROC,tra-T,test-T,Al-Time
I211110-A211110_1,0,1,DT,0.8788982923827477,0.8602237106630284,0.8706947349005529,0.8602237106630284,0.848413362633037,0.8698515609463839,0,1.4922997951507568,0.19349932670593262,0
I211110-A211110_1,1,2,DT,0.8789806227979253,0.8604064895088064,0.8707796419699457,0.8604064895088064,0.8485949205468002,0.869925765231776,0,1.4101011753082275,0.19451642036437988,0
I211110-A211110_1,2,3,DT,0.8789194027456138,0.8602861463214069,0.8708116846258742,0.8602861463214069,0.8486567775840126,0.8698628555489427,0,1.5086796283721924,0.17316889762878418,0
I211110-A211110_1,3,4,DT,0.8789004034190344,0.8603046074614973,0.8705454033395277,0.8603046074614973,0.8483996107383015,0.8698426260750288,0,1.6050934791564941,0.18874216079711914,0
I211110-A211110_1,4,5,DT,0.8789046254916075,0.8602456441742257,0.8707082811993411,0.8602456441742257,0.8485330588174652,0.8698439908743902,0,1.4474577903747559,0.1617419719696045,0
