Dataset,T,CV,ML,Acc,b_Acc,Prec,Rec,F1,kap,ROC,tra-T,test-T,Al-Time
results/vs_1,0,1,DT,0.5899485211553767,0.5117270341714176,0.5522127629740683,0.5117270341714176,0.4778518251049593,0.5728172060137933,0,1.5826737880706787,0.18503761291503906,0
