Dataset,T,CV,ML,Acc,b_Acc,Prec,Rec,F1,kap,ROC,tra-T,test-T,Al-Time
I211104-A211206_1,0,1,DT,0.6995129373169517,0.6893884460102248,0.6905682275468071,0.6893884460102248,0.645306763929809,0.6816626933434018,0,1.553429126739502,0.18347477912902832,0
I211104-A211206_1,1,2,DT,0.702494254396586,0.6926652467277808,0.6987023141065263,0.6926652467277808,0.650306025863739,0.6848089603136125,0,1.4710299968719482,0.1794571876525879,0
I211104-A211206_1,2,3,DT,0.6994261250188474,0.6889684332181724,0.6903140735587726,0.6889684332181724,0.6450221624565315,0.681570249843416,0,1.4420762062072754,0.24799013137817383,0
I211104-A211206_1,3,4,DT,0.69954263626104,0.6894224670135821,0.6905094983229139,0.6894224670135821,0.6453345348612914,0.6816942557853851,0,1.4615778923034668,0.17026114463806152,0
I211104-A211206_1,4,5,DT,0.6994946610436665,0.6893611926587495,0.6902984436438657,0.6893611926587495,0.6452528575606201,0.6816437736349445,0,1.4515421390533447,0.17653489112854004,0
