Dataset,T,CV,ML,Acc,b_Acc,Prec,Rec,F1,kap,ROC,tra-T,test-T,Al-Time
I211104-I211103_1,0,1,DT,0.8959653740888409,0.8655005900514235,0.8853906735253322,0.8655005900514235,0.8691921725678663,0.891344343708349,0,1.7812387943267822,0.1875,0
I211104-I211103_1,1,2,DT,0.8959230380352087,0.865412123905732,0.884882964600714,0.865412123905732,0.8690295096445129,0.8913001464407948,0,1.8593730926513672,0.1718730926513672,0
I211104-I211103_1,2,3,DT,0.8959080958986325,0.8654118181411609,0.8846034387096967,0.8654118181411609,0.8689254854333666,0.8912845277922424,0,1.8125183582305908,0.1718745231628418,0
I211104-I211103_1,3,4,DT,0.8958707405571923,0.8653816056960066,0.8848106504471797,0.8653816056960066,0.8689496113940075,0.8912454850799021,0,1.828134298324585,0.18748736381530762,0
I211104-I211103_1,4,5,DT,0.8959205476791127,0.86541951955339,0.8851050081273523,0.86541951955339,0.869075893636822,0.891297535492998,0,1.8593804836273193,0.18750739097595215,0
