Dataset,T,CV,ML,Acc,b_Acc,Prec,Rec,F1,kap,ROC,tra-T,test-T,Al-Time
11201-I21121_1,0,1,DT,0.6645147644844809,0.5854543565237412,0.592067098324187,0.5854543565237412,0.5646674335897155,0.6505379942982072,0,1.921879529953003,0.18750309944152832,0
11201-I21121_1,1,2,DT,0.664512361019646,0.5854619515898494,0.5964079141421617,0.5854619515898494,0.5656427973152167,0.6505194128073313,0,2.0156197547912598,0.18750596046447754,0
11201-I21121_1,2,3,DT,0.6644859229064619,0.58529712665976,0.5949639880797257,0.58529712665976,0.564883241142985,0.6504921963652984,0,2.063483715057373,0.18702197074890137,0
11201-I21121_1,3,4,DT,0.6645171679493157,0.5853176540050902,0.5952172093146968,0.5853176540050902,0.5649958241465873,0.6505247061834323,0,2.081388473510742,0.17288994789123535,0
11201-I21121_1,4,5,DT,0.6645051506251411,0.5853066437866816,0.5943932904705128,0.5853066437866816,0.5645936286766652,0.6505121499674563,0,1.9539732933044434,0.18741083145141602,0
