Dataset,T,CV,ML,Acc,b_Acc,Prec,Rec,F1,kap,ROC,tra-T,test-T,Al-Time
I211115-I211119_1,0,1,DT,0.7944421315570358,0.811748233003619,0.7829056438637552,0.811748233003619,0.7798489718791886,0.783681355973595,0,1.4601678848266602,0.1802375316619873,0
I211115-I211119_1,1,2,DT,0.7944285559135503,0.8117141359759946,0.7654616052029127,0.8117141359759946,0.7681187456066585,0.7837064843059732,0,1.535304307937622,0.16019558906555176,0
I211115-I211119_1,2,3,DT,0.79475663396445,0.8153341544144058,0.8018748778285186,0.8153341544144058,0.792970638556081,0.7839842427485638,0,1.4982926845550537,0.16489529609680176,0
I211115-I211119_1,3,4,DT,0.7947656843934402,0.8153739771162997,0.7868620072410358,0.8153739771162997,0.7833982580771486,0.7840177123422427,0,1.4508635997772217,0.16928529739379883,0
I211115-I211119_1,4,5,DT,0.7944330811280454,0.8117024654477677,0.7856544626082312,0.8117024654477677,0.780604124276593,0.7836709129240369,0,1.4354031085968018,0.1684281826019287,0
