Dataset,T,CV,ML,Acc,b_Acc,Prec,Rec,F1,kap,ROC,tra-T,test-T,Al-Time
I211122-A211225_1,0,1,DT,0.5578948234216796,0.5245671922590417,0.5072951577619448,0.5245671922590417,0.4640737276269376,0.5423950143432175,0,1.4530267715454102,0.17196440696716309,0
I211122-A211225_1,1,2,DT,0.5592574416226398,0.5256031816258913,0.5128597989177038,0.5256031816258913,0.47489927341906973,0.5435715341559864,0,1.7187438011169434,0.17187762260437012,0
I211122-A211225_1,2,3,DT,0.5580593246129424,0.5247855838087014,0.5127987049542523,0.5247855838087014,0.4736854638246674,0.5423161256269708,0,1.7656221389770508,0.18741941452026367,0
I211122-A211225_1,3,4,DT,0.5581607670142211,0.5246424711790315,0.5125621151179027,0.5246424711790315,0.47371458849704484,0.5424216851653705,0,1.7968471050262451,0.17188143730163574,0
I211122-A211225_1,4,5,DT,0.5593588840239184,0.525623000942019,0.5126963370461158,0.525623000942019,0.47498911018265855,0.5436748201197299,0,1.7500014305114746,0.17187976837158203,0
