Dataset,T,CV,ML,Acc,b_Acc,Prec,Rec,F1,kap,ROC,tra-T,test-T,Al-Time
I211103-A211109_1,0,1,DT,0.6345370418649359,0.8051229430800215,0.781037983416944,0.8051229430800215,0.7332356864160567,0.6211237797851901,0,1.4962048530578613,0.1704261302947998,0
I211103-A211109_1,1,2,DT,0.6345302408248301,0.8050568860326476,0.7787383124852527,0.8050568860326476,0.7321879553704116,0.6211297868803161,0,1.4126253128051758,0.15710163116455078,0
I211103-A211109_1,2,3,DT,0.6344531623702985,0.8050485425544769,0.780011936146088,0.8050485425544769,0.7251567037256361,0.6221212849854213,0,1.2945623397827148,0.19907903671264648,0
I211103-A211109_1,3,4,DT,0.6343262096216581,0.8047020343196559,0.7797953824684014,0.8047020343196559,0.7249363226706437,0.6219893289358475,0,1.3240907192230225,0.1648566722869873,0
I211103-A211109_1,4,5,DT,0.634552910958516,0.8051321852552947,0.777843620129462,0.8051321852552947,0.7319759034776069,0.6211534818259257,0,1.371903419494629,0.18171000480651855,0
