Dataset,T,CV,ML,Acc,b_Acc,Prec,Rec,F1,kap,ROC,tra-T,test-T,Al-Time
11207-I21121_1,0,1,DT,0.8741099650836999,0.8379281918914185,0.840545052706945,0.8379281918914185,0.8300681787634943,0.8690157040535711,0,1.8734142780303955,0.20109772682189941,0
11207-I21121_1,1,2,DT,0.8740910658684898,0.8379143388410986,0.841134267553139,0.8379143388410986,0.8303758096713187,0.8689960530009031,0,1.8438339233398438,0.20303988456726074,0
11207-I21121_1,2,3,DT,0.8741005154760949,0.8378705469745816,0.8569955940318282,0.8378705469745816,0.8364008684428924,0.8690016360466977,0,1.891188621520996,0.20311999320983887,0
11207-I21121_1,3,4,DT,0.8741005154760949,0.8379103002180012,0.8411787106926388,0.8379103002180012,0.8303658765019293,0.8690057931923323,0,1.8750264644622803,0.20312261581420898,0
11207-I21121_1,4,5,DT,0.8740768914570822,0.8378353646956563,0.8438530288701269,0.8378353646956563,0.8316548828798577,0.8689812764981701,0,1.8596231937408447,0.18756890296936035,0
