Dataset,T,CV,ML,Acc,b_Acc,Prec,Rec,F1,kap,ROC,tra-T,test-T,Al-Time
I211208-I211213_1,0,1,DT,0.8445429920542032,0.8003942885341077,0.8362707339270973,0.8003942885341077,0.8057392445439446,0.8360613213690458,0,1.4253478050231934,0.25010013580322266,0
I211208-I211213_1,1,2,DT,0.8441275410762317,0.8001507160783825,0.8158890344192676,0.8001507160783825,0.7912029722887577,0.8358905358707814,0,1.7301979064941406,0.2801501750946045,0
I211208-I211213_1,2,3,DT,0.8446284562553861,0.8006062787282692,0.8361037424191335,0.8006062787282692,0.8057800409807959,0.8361515038283709,0,1.372915506362915,0.20813632011413574,0
I211208-I211213_1,3,4,DT,0.8446213342386208,0.800770296558542,0.8157081483918347,0.800770296558542,0.7915139032505223,0.8364109056370199,0,1.3816981315612793,0.22807931900024414,0
I211208-I211213_1,4,5,DT,0.8445524880765569,0.800054244435067,0.8359333332372962,0.800054244435067,0.8053580665367405,0.8360716043461516,0,1.4903252124786377,0.2103109359741211,0
