Dataset,T,CV,ML,Acc,b_Acc,Prec,Rec,F1,kap,ROC,tra-T,test-T,Al-Time
I211119-A211117_1,0,1,DT,0.8168598277385648,0.8300097055859651,0.8035739023917916,0.8300097055859651,0.7871762216342284,0.8056514753154582,0,1.436716079711914,0.19252705574035645,0
I211119-A211117_1,1,2,DT,0.816895263364214,0.8300537846621231,0.8071528451112048,0.8300537846621231,0.7889248105215724,0.8056856354099365,0,1.5397861003875732,0.19718670845031738,0
I211119-A211117_1,2,3,DT,0.8168243921129156,0.8299974282381711,0.8070007090712168,0.8299974282381711,0.7888691132874172,0.8056156332653199,0,1.4433636665344238,0.18181324005126953,0
I211119-A211117_1,3,4,DT,0.8166095636324174,0.8297030192958558,0.806860176980651,0.8297030192958558,0.7885487404650842,0.805381009782542,0,1.448291540145874,0.20666909217834473,0
I211119-A211117_1,4,5,DT,0.8168332510193279,0.8299932913202599,0.8071659351047558,0.8299932913202599,0.7889004067464694,0.8056259014787237,0,1.4253435134887695,0.16991233825683594,0
