Dataset,T,CV,ML,Acc,b_Acc,Prec,Rec,F1,kap,ROC,tra-T,test-T,Al-Time
results/vs_1,0,1,DT,0.8865789817651737,0.8357159834824776,0.8368736852310494,0.8357159834824776,0.8229629189552482,0.8784628117029177,0,1.7249679565429688,0.19902586936950684,0
