Dataset,T,CV,ML,Acc,b_Acc,Prec,Rec,F1,kap,ROC,tra-T,test-T,Al-Time
11222-I21122_1,0,1,DT,0.8733758102280013,0.8454518388366478,0.8708186055215188,0.8454518388366478,0.8507901657164556,0.8682138307494408,0,2.0186972618103027,0.19992303848266602,0
11222-I21122_1,1,2,DT,0.8733137722101848,0.8453946820965427,0.8711733213642174,0.8453946820965427,0.8509383855558758,0.8681489351557549,0,2.0132038593292236,0.2045903205871582,0
11222-I21122_1,2,3,DT,0.8733827033410919,0.8454876255516824,0.871220922468036,0.8454876255516824,0.8510105874279412,0.8682209230526425,0,2.038806438446045,0.2047138214111328,0
11222-I21122_1,3,4,DT,0.8733091768014577,0.8453944858278941,0.8711840791453457,0.8453944858278941,0.8509414718179136,0.8681440972870204,0,2.033665657043457,0.18990373611450195,0
11222-I21122_1,4,5,DT,0.8733459400712748,0.8454721954022065,0.8711611547485238,0.8454721954022065,0.8509643214105095,0.8681828097951239,0,2.0358519554138184,0.20453858375549316,0
