Dataset,T,CV,ML,Acc,b_Acc,Prec,Rec,F1,kap,ROC,tra-T,test-T,Al-Time
results/vs_1,0,1,DT,0.798759132870735,0.8359481885099707,0.8418407342476095,0.8359481885099707,0.8291500637176016,0.7884311211401228,0,1.9161174297332764,0.21192598342895508,0
