Dataset,T,CV,ML,Acc,b_Acc,Prec,Rec,F1,kap,ROC,tra-T,test-T,Al-Time
I211213-I211209_1,0,1,DT,0.8722988674530864,0.8357953865464584,0.8415010482001686,0.8357953865464584,0.8134025076306172,0.8656326805146974,0,1.4700641632080078,0.2263176441192627,0
I211213-I211209_1,1,2,DT,0.8723921003745633,0.8358200549298124,0.8373199166069132,0.8358200549298124,0.8118056752295308,0.8657307841809505,0,1.560119867324829,0.24009203910827637,0
I211213-I211209_1,2,3,DT,0.8724107469588587,0.8356950741257589,0.841859483512051,0.8356950741257589,0.8135376760923848,0.865749816444583,0,1.5052199363708496,0.2383418083190918,0
I211213-I211209_1,3,4,DT,0.8723338297986402,0.835790648932629,0.8416686279106708,0.835790648932629,0.8134714418788258,0.8656694298025267,0,1.5884413719177246,0.25005173683166504,0
I211213-I211209_1,4,5,DT,0.8722942058070126,0.8357523417036826,0.836116994175122,0.8357523417036826,0.8111599306818875,0.8656282828958111,0,1.5283102989196777,0.24323201179504395,0
