Dataset,T,CV,ML,Acc,b_Acc,Prec,Rec,F1,kap,ROC,tra-T,test-T,Al-Time
I211201-I211215_1,0,1,DT,0.7600497452674868,0.7055175106587143,0.7291696118548546,0.7055175106587143,0.686151351932571,0.745868213218273,0,1.471909761428833,0.17289328575134277,0
I211201-I211215_1,1,2,DT,0.7600403238153113,0.7053942706841523,0.7279150853671449,0.7053942706841523,0.6854250930533902,0.7458623722543578,0,1.3698277473449707,0.1699371337890625,0
I211201-I211215_1,2,3,DT,0.760026191637048,0.7053711912109661,0.7342534610693221,0.7053711912109661,0.6885628156705756,0.7458428514532998,0,1.4284143447875977,0.16437339782714844,0
I211201-I211215_1,3,4,DT,0.759964952197907,0.7052376868039856,0.7289605871517246,0.7052376868039856,0.685796118744272,0.7457825838456249,0,1.4116296768188477,0.20514702796936035,0
I211201-I211215_1,4,5,DT,0.7599743736500826,0.7053087415061278,0.7336624122198688,0.7053087415061278,0.6881204368735722,0.745792748930616,0,1.397644281387329,0.20208263397216797,0
