Dataset,T,CV,ML,Acc,b_Acc,Prec,Rec,F1,kap,ROC,tra-T,test-T,Al-Time
results/vs_1,0,1,DT,0.5921161167877174,0.5252945116680247,0.5772530864324609,0.5252945116680247,0.5144372367647327,0.5753067782010982,0,1.5637052059173584,0.18021416664123535,0
