Dataset,T,CV,ML,Acc,b_Acc,Prec,Rec,F1,kap,ROC,tra-T,test-T,Al-Time
results/vs_1,0,1,DT,0.5316565429855656,0.5200717986061862,0.4877537297830297,0.5200717986061862,0.45083559005820134,0.5141561619488493,0,1.7912006378173828,0.13923978805541992,0
