Dataset,T,CV,ML,Acc,b_Acc,Prec,Rec,F1,kap,ROC,tra-T,test-T,Al-Time
results/vs_1,0,1,DT,0.8112859575610687,0.7982616352161919,0.7877087678710785,0.7982616352161919,0.776527610807779,0.8036020323203668,0,1.7427372932434082,0.18184185028076172,0
