Dataset,T,CV,ML,Acc,b_Acc,Prec,Rec,F1,kap,ROC,tra-T,test-T,Al-Time
I211118-I211115_1,0,1,DT,0.7792971912043557,0.7994107147543518,0.8046596120114725,0.7994107147543518,0.7895518215306038,0.770851522660342,0,1.8754463195800781,0.20312070846557617,0
I211118-I211115_1,1,2,DT,0.7793104977766936,0.7993958721850711,0.803389491274492,0.7993958721850711,0.7888597807754337,0.7708566303802485,0,1.7973809242248535,0.20311808586120605,0
I211118-I211115_1,2,3,DT,0.760659118883135,0.7845261520397091,0.7894042480335517,0.7845261520397091,0.768539202194779,0.7516430478241326,0,1.859377384185791,0.20311999320983887,0
I211118-I211115_1,3,4,DT,0.7610472272429891,0.7878913812990005,0.7850294755823292,0.7878913812990005,0.7684202026955508,0.7520440928960072,0,1.8775568008422852,0.20311951637268066,0
I211118-I211115_1,4,5,DT,0.7609806943812998,0.7878574731101059,0.7907522010788753,0.7878574731101059,0.7713988236159677,0.7519772601203689,0,1.8125746250152588,0.2187519073486328,0
