Dataset,T,CV,ML,Acc,b_Acc,Prec,Rec,F1,kap,ROC,tra-T,test-T,Al-Time
I211117-I211116_1,0,1,DT,0.8043492625680605,0.8128840616337416,0.7778814431934117,0.8128840616337416,0.7654156903168189,0.7943012380514562,0,1.3173625469207764,0.17612838745117188,0
I211117-I211116_1,1,2,DT,0.8043338443375447,0.8128720465408898,0.7778730596862198,0.8128720465408898,0.7655039783610589,0.7942811403840437,0,1.3365614414215088,0.16362953186035156,0
I211117-I211116_1,2,3,DT,0.8042831844372786,0.8127950691649178,0.7813555754600856,0.8127950691649178,0.7686691184200306,0.794208189783784,0,1.4809541702270508,0.18890690803527832,0
I211117-I211116_1,3,4,DT,0.8043360469419041,0.8128851599065898,0.7779264472164039,0.8128851599065898,0.7654326756388812,0.7942875116915984,0,1.5678791999816895,0.15621423721313477,0
I211117-I211116_1,4,5,DT,0.8042765766242005,0.8127958150052381,0.7780068645128541,0.8127958150052381,0.7655175573560602,0.7942211466859399,0,1.6262834072113037,0.20151543617248535,0
