Dataset,T,CV,ML,Acc,b_Acc,Prec,Rec,F1,kap,ROC,tra-T,test-T,Al-Time
results/vs_1,0,1,DT,0.8802933631067694,0.8487905957801649,0.8819110810814712,0.8487905957801649,0.8526092632560417,0.875335294329509,0,1.8944451808929443,0.20754432678222656,0
