Dataset,T,CV,ML,Acc,b_Acc,Prec,Rec,F1,kap,ROC,tra-T,test-T,Al-Time
11203-I21120_1,0,1,DT,0.7442719489075179,0.6108558162930695,0.6158236060646549,0.6108558162930695,0.5903709177717749,0.7315566915313738,0,2.078066110610962,0.17186832427978516,0
11203-I21120_1,1,2,DT,0.7442747451247952,0.6108954218691302,0.6187885166373143,0.6108954218691302,0.5918807115219692,0.7315564038126399,0,2.0157248973846436,0.17180371284484863,0
11203-I21120_1,2,3,DT,0.7442635602556861,0.6109235572303691,0.6189953228691817,0.6109235572303691,0.592122277253573,0.731541478226803,0,2.0508029460906982,0.1719346046447754,0
11203-I21120_1,3,4,DT,0.7442691526902406,0.6109879355864267,0.6153877229555267,0.6109879355864267,0.5901352116074448,0.731553818312815,0,2.0954837799072266,0.17174291610717773,0
11203-I21120_1,4,5,DT,0.7443110959493997,0.6109989801757203,0.6195411000946692,0.6109989801757203,0.5924273463098175,0.7315899774939121,0,2.0944972038269043,0.17231178283691406,0
