Dataset,T,CV,ML,Acc,b_Acc,Prec,Rec,F1,kap,ROC,tra-T,test-T,Al-Time
results/vs_1,0,1,DT,0.6131022841092955,0.5530487252034889,0.5255668646381592,0.5530487252034889,0.5098821049140226,0.5972849677734181,0,1.9988670349121094,0.20567560195922852,0
