Dataset,T,CV,ML,Acc,b_Acc,Prec,Rec,F1,kap,ROC,tra-T,test-T,Al-Time
I211119-A211105_1,0,1,DT,0.7769482964866421,0.7187565086553047,0.714693395396591,0.7187565086553047,0.6983766810181447,0.7649159784323902,0,1.6244957447052002,0.16503167152404785,0
I211119-A211105_1,1,2,DT,0.7773885738336804,0.719292993938008,0.7161811515650366,0.719292993938008,0.6990539204102311,0.765378934452198,0,1.5702252388000488,0.16945886611938477,0
I211119-A211105_1,2,3,DT,0.7774079571131097,0.7193123834539846,0.716325678159119,0.7193123834539846,0.6991245450082346,0.7653987410052931,0,2.142286539077759,0.19262242317199707,0
I211119-A211105_1,3,4,DT,0.7774356475122945,0.7192517637338622,0.7164377747556432,0.7192517637338622,0.6990482152437036,0.7654286117662642,0,2.0128397941589355,0.2656426429748535,0
I211119-A211105_1,4,5,DT,0.7773719595941695,0.7190569542441423,0.7161011519551383,0.7190569542441423,0.6988621311341152,0.7653600283884031,0,1.9928436279296875,0.17455458641052246,0
