Dataset,T,CV,ML,Acc,b_Acc,Prec,Rec,F1,kap,ROC,tra-T,test-T,Al-Time
results/vs_1,0,1,DT,0.7322830046285804,0.7441198946682608,0.7534322734055195,0.7441198946682608,0.7223464421827652,0.7216653784170596,0,1.627152681350708,0.1765129566192627,0
