Dataset,T,CV,ML,Acc,b_Acc,Prec,Rec,F1,kap,ROC,tra-T,test-T,Al-Time
I211103-A211105_1,0,1,DT,0.763346772407071,0.8031542071762587,0.7958500236224504,0.8031542071762587,0.759117903351186,0.7544926609645187,0,1.8144292831420898,0.15622830390930176,0
I211103-A211105_1,1,2,DT,0.7632969296885384,0.8030328409559273,0.797616255535053,0.8030328409559273,0.7663234748423143,0.7539143491380256,0,2.0156378746032715,0.15625429153442383,0
I211103-A211105_1,2,3,DT,0.7633246200877232,0.8030773948697874,0.7977252542297787,0.8030773948697874,0.7664137786580475,0.753941940011079,0,1.703122615814209,0.14064812660217285,0
I211103-A211105_1,3,4,DT,0.7633190820078862,0.8030692817971609,0.7985232563854991,0.8030692817971609,0.7665438432653043,0.7539359848924574,0,1.7957537174224854,0.15626096725463867,0
I211103-A211105_1,4,5,DT,0.7631778609720438,0.802955465507898,0.7953317281561892,0.802955465507898,0.7587669329874692,0.754318645351189,0,1.859377145767212,0.15627264976501465,0
