Dataset,T,CV,ML,Acc,b_Acc,Prec,Rec,F1,kap,ROC,tra-T,test-T,Al-Time
results/vs_1,0,1,DT,0.5775646907475246,0.5156208539347379,0.5524313097688053,0.5156208539347379,0.5132167486474766,0.5599804630618697,0,1.6549887657165527,0.19403386116027832,0
