Dataset,T,CV,ML,Acc,b_Acc,Prec,Rec,F1,kap,ROC,tra-T,test-T,Al-Time
results/vs_1,0,1,DT,0.6396362314647914,0.5608920950263241,0.5857439845069398,0.5608920950263241,0.5461519209178235,0.6245748857726308,0,1.857975721359253,0.17641067504882812,0
