Dataset,T,CV,ML,Acc,b_Acc,Prec,Rec,F1,kap,ROC,tra-T,test-T,Al-Time
I211112-A211225_1,0,1,DT,0.6526365428429645,0.6752150469568429,0.6532685115718414,0.6752150469568429,0.6022600928712875,0.6364044032003215,0,1.7917811870574951,0.15759849548339844,0
I211112-A211225_1,1,2,DT,0.6525981592316697,0.675157575780802,0.6520583456885013,0.675157575780802,0.6022454478049689,0.636364090239665,0,1.762491226196289,0.14157629013061523,0
I211112-A211225_1,2,3,DT,0.6526036426047118,0.6751735463606773,0.6521453035051294,0.6751735463606773,0.6019978504518099,0.6363712272370698,0,1.730128526687622,0.14132142066955566,0
I211112-A211225_1,3,4,DT,0.6506488201152056,0.6664405543906903,0.6511715904698809,0.6664405543906903,0.5960108373051065,0.6343144817565884,0,1.8403680324554443,0.1573929786682129,0
I211112-A211225_1,4,5,DT,0.6525926758586277,0.6751743327741687,0.6512079135321412,0.6751743327741687,0.602276330596936,0.6363571137346141,0,1.9199635982513428,0.1413271427154541,0
