Dataset,T,CV,ML,Acc,b_Acc,Prec,Rec,F1,kap,ROC,tra-T,test-T,Al-Time
I211125-I211130_1,0,1,DT,0.8796978901150337,0.7937150717829411,0.7940083214236379,0.7937150717829411,0.7810932008434485,0.8730127278115807,0,1.4166193008422852,0.16895627975463867,0
I211125-I211130_1,1,2,DT,0.8808477189126487,0.7968930833155238,0.8165436109338533,0.7968930833155238,0.7920194455406845,0.8742106743777938,0,1.5924744606018066,0.1631617546081543,0
I211125-I211130_1,2,3,DT,0.8797742061856719,0.7947132960781083,0.8107091444725963,0.7947132960781083,0.7884035162236506,0.8730719704135544,0,1.5356743335723877,0.18575072288513184,0
I211125-I211130_1,3,4,DT,0.8797767500546931,0.7952780628624253,0.8119901892628565,0.7952780628624253,0.7891825315932598,0.8730745405904051,0,1.4802610874176025,0.17489838600158691,0
I211125-I211130_1,4,5,DT,0.8796800830318848,0.794553112340401,0.8099254527545064,0.794553112340401,0.7878758142996841,0.8729745391373522,0,1.4417250156402588,0.15574169158935547,0
