Dataset,T,CV,ML,Acc,b_Acc,Prec,Rec,F1,kap,ROC,tra-T,test-T,Al-Time
results/vs_1,0,1,DT,0.8869992298569802,0.8663434063888386,0.8938763858285668,0.8663434063888386,0.8730994015544008,0.8823963265714352,0,1.596081018447876,0.1941542625427246,0
