Dataset,T,CV,ML,Acc,b_Acc,Prec,Rec,F1,kap,ROC,tra-T,test-T,Al-Time
I211115-A211125_1,0,1,DT,0.7541318317046518,0.7735714199461758,0.715929109216418,0.7735714199461758,0.715521076904767,0.7425229545952147,0,1.6052556037902832,0.15813088417053223,0
I211115-A211125_1,1,2,DT,0.7541632027773857,0.7734321449243566,0.7179587857419265,0.7734321449243566,0.7090705126445798,0.743047664828991,0,1.689208984375,0.15361976623535156,0
I211115-A211125_1,2,3,DT,0.7536455800772774,0.7734397355336224,0.7202692018834255,0.7734397355336224,0.7095903826665542,0.7425081287218693,0,1.538642168045044,0.16328692436218262,0
I211115-A211125_1,3,4,DT,0.7534338253363241,0.7731478274576382,0.7130432364405042,0.7731478274576382,0.7132728886252263,0.7418343469374746,0,1.5483765602111816,0.1615750789642334,0
I211115-A211125_1,4,5,DT,0.7536926366863782,0.7734038630574461,0.7249360778274787,0.7734038630574461,0.7214092624035303,0.7420540102993659,0,1.7041072845458984,0.18907499313354492,0
