Dataset,T,CV,ML,Acc,b_Acc,Prec,Rec,F1,kap,ROC,tra-T,test-T,Al-Time
I211108-I211119_1,0,1,DT,0.6554479057307316,0.5691382941163085,0.6005362995016492,0.5691382941163085,0.5508557356819413,0.6398623096858065,0,2.017901659011841,0.20305109024047852,0
I211108-I211119_1,1,2,DT,0.6554501683379792,0.5690965513067687,0.6006662282506463,0.5690965513067687,0.5506259530128258,0.6398676563770337,0,1.968756914138794,0.21874070167541504,0
I211108-I211119_1,2,3,DT,0.6552374832567064,0.5690069777315551,0.599208377697568,0.5690069777315551,0.5500772409818194,0.6396476372821405,0,1.937593698501587,0.20311856269836426,0
I211108-I211119_1,3,4,DT,0.6552239076132209,0.5689412460554248,0.5990958656671697,0.5689412460554248,0.549628632815017,0.6396365967148714,0,1.921987771987915,0.20320487022399902,0
I211108-I211119_1,4,5,DT,0.6552193823987257,0.568933813416762,0.5949142496901221,0.568933813416762,0.5497196337001947,0.6396456172234998,0,1.968752145767212,0.20320582389831543,0
