Dataset,T,CV,ML,Acc,b_Acc,Prec,Rec,F1,kap,ROC,tra-T,test-T,Al-Time
I211117-I211117_1,0,1,DT,0.9526879702119951,0.9497540639164078,0.9514279104679441,0.9497540639164078,0.9495266197923748,0.9500646140441371,0,1.6892707347869873,0.18896269798278809,0
I211117-I211117_1,1,2,DT,0.9526879702119951,0.9497540639164078,0.9514279104679441,0.9497540639164078,0.9495266197923748,0.9500646140441371,0,1.5193147659301758,0.19044899940490723,0
I211117-I211117_1,2,3,DT,0.9526879702119951,0.9497540639164078,0.9514279104679441,0.9497540639164078,0.9495266197923748,0.9500646140441371,0,1.629974126815796,0.2065119743347168,0
I211117-I211117_1,3,4,DT,0.9526879702119951,0.9497540639164078,0.9514279104679441,0.9497540639164078,0.9495266197923748,0.9500646140441371,0,1.7170460224151611,0.20401835441589355,0
I211117-I211117_1,4,5,DT,0.9526879702119951,0.9497540639164078,0.9514279104679441,0.9497540639164078,0.9495266197923748,0.9500646140441371,0,1.6828608512878418,0.20398998260498047,0
