Dataset,T,CV,ML,Acc,b_Acc,Prec,Rec,F1,kap,ROC,tra-T,test-T,Al-Time
I211203-I211202_1,0,1,DT,0.7395662569572711,0.686455563340929,0.7378741239611905,0.686455563340929,0.683419023651402,0.7245918816692143,0,1.5369818210601807,0.17315006256103516,0
I211203-I211202_1,1,2,DT,0.7395563665675156,0.6864926879443684,0.7161024290977138,0.6864926879443684,0.6739296820707981,0.7246384159600807,0,1.6059646606445312,0.17763900756835938,0
I211203-I211202_1,2,3,DT,0.7395662569572711,0.6864429847857189,0.7152784055547079,0.6864429847857189,0.6733452376608049,0.7246492117390596,0,1.637735366821289,0.2036292552947998,0
I211203-I211202_1,3,4,DT,0.7395440035803211,0.6864136817334375,0.7277661434069457,0.6864136817334375,0.6799325176852931,0.7245945390483561,0,1.6020750999450684,0.17239594459533691,0
I211203-I211202_1,4,5,DT,0.7395168050084934,0.686459185002866,0.716253770211903,0.686459185002866,0.6738702562628697,0.7245954873059586,0,1.6311819553375244,0.1723616123199463,0
