Dataset,T,CV,ML,Acc,b_Acc,Prec,Rec,F1,kap,ROC,tra-T,test-T,Al-Time
11220-I21120_1,0,1,DT,0.6628097509688893,0.5150242483386865,0.5263588819169883,0.5150242483386865,0.48977821313552355,0.6463699563438359,0,2.6392078399658203,0.238600492477417,0
11220-I21120_1,1,2,DT,0.6629020261390391,0.5151308489461327,0.5232082135084554,0.5151308489461327,0.4895969671836203,0.646483002225843,0,2.0694425106048584,0.18297290802001953,0
11220-I21120_1,2,3,DT,0.6628321207071074,0.5151514065986148,0.5228631372031196,0.5151514065986148,0.48960942725810225,0.6464104279113785,0,2.1549572944641113,0.17760419845581055,0
11220-I21120_1,3,4,DT,0.6628572866626028,0.515048328525291,0.5228712885569419,0.515048328525291,0.48956786502645555,0.6464365970090094,0,2.1057960987091064,0.17379117012023926,0
11220-I21120_1,4,5,DT,0.6628125471861666,0.5151344563669438,0.5228419524157764,0.5151344563669438,0.4894627777467379,0.646386041648343,0,1.8697328567504883,0.17316269874572754,0
