Dataset,T,CV,ML,Acc,b_Acc,Prec,Rec,F1,kap,ROC,tra-T,test-T,Al-Time
I211119-A211110_1,0,1,DT,0.7131017245055425,0.7208473131657276,0.6877511320929799,0.7208473131657276,0.6687792139340717,0.6929240989708405,0,1.6703262329101562,0.21972942352294922,0
I211119-A211110_1,1,2,DT,0.7126774062119354,0.7205608653835155,0.687142330522217,0.7205608653835155,0.668381682588183,0.6924915484438937,0,1.6668047904968262,0.2060549259185791,0
I211119-A211110_1,2,3,DT,0.7324514831085431,0.7430321147207509,0.6959042200495288,0.7430321147207509,0.6828498212139394,0.7135773091613464,0,1.6119871139526367,0.24443578720092773,0
I211119-A211110_1,3,4,DT,0.7126816282845085,0.7200390739023672,0.683459727899081,0.7200390739023672,0.6656286770699419,0.6924765063975595,0,1.4515295028686523,0.19234967231750488,0
I211119-A211110_1,4,5,DT,0.7322678229516087,0.7430363460526265,0.6958209239077526,0.7430363460526265,0.6827422108781042,0.7134098398271282,0,1.44582200050354,0.1912534236907959,0
