Dataset,T,CV,ML,Acc,b_Acc,Prec,Rec,F1,kap,ROC,tra-T,test-T,Al-Time
results/vs_1,0,1,DT,0.6843264083458934,0.6258924729980111,0.6205603848109508,0.6258924729980111,0.5942162993554627,0.6716669626249097,0,2.0174005031585693,0.20488309860229492,0
