Dataset,T,CV,ML,Acc,b_Acc,Prec,Rec,F1,kap,ROC,tra-T,test-T,Al-Time
I211119-I211118_1,0,1,DT,0.8809707044276845,0.8542728125471434,0.8759730214131984,0.8542728125471434,0.8566984904384359,0.8757412582452853,0,1.859389305114746,0.23427820205688477,0
I211119-I211118_1,1,2,DT,0.8809015532252343,0.854023258247743,0.8757502403402138,0.854023258247743,0.8563693391731223,0.8756691305954019,0,1.8750081062316895,0.20303916931152344,0
I211119-I211118_1,2,3,DT,0.8809640123758345,0.8542767744629273,0.87598035511197,0.8542767744629273,0.8567082747265792,0.8757343319269701,0,1.8593800067901611,0.2186594009399414,0
I211119-I211118_1,3,4,DT,0.8808837077536343,0.8539990852960413,0.875726304311406,0.8539990852960413,0.8563545242896026,0.8756504456359597,0,1.8437609672546387,0.2186582088470459,0
I211119-I211118_1,4,5,DT,0.8808234792869842,0.8539785993667892,0.8756822356794068,0.8539785993667892,0.8563162864369992,0.8755877220971793,0,1.843752145767212,0.20311999320983887,0
