Dataset,T,CV,ML,Acc,b_Acc,Prec,Rec,F1,kap,ROC,tra-T,test-T,Al-Time
I211207-I211222_1,0,1,DT,0.6613416845681743,0.6442530804232554,0.6676491437788852,0.6442530804232554,0.620978547640729,0.6424596809687961,0,1.4411375522613525,0.22658896446228027,0
I211207-I211222_1,1,2,DT,0.6613508550310305,0.6442910028452462,0.6692054592118205,0.6442910028452462,0.6206592033786195,0.6424916644484344,0,1.3427338600158691,0.17305827140808105,0
I211207-I211222_1,2,3,DT,0.661371488572457,0.6443090321159317,0.669978755579142,0.6443090321159317,0.621139955327245,0.6424906248538569,0,1.5426380634307861,0.18720006942749023,0
I211207-I211222_1,3,4,DT,0.6613875368824553,0.6443230677776758,0.6751231564175124,0.6443230677776758,0.621358261088464,0.6424990857795584,0,1.299947738647461,0.20311403274536133,0
I211207-I211222_1,4,5,DT,0.6613485624153165,0.6442708439098228,0.6695473205780434,0.6442708439098228,0.6209413677029822,0.6424659570088351,0,1.3248074054718018,0.1760544776916504,0
