Dataset,T,CV,ML,Acc,b_Acc,Prec,Rec,F1,kap,ROC,tra-T,test-T,Al-Time
11208-I21121_1,0,1,DT,0.7637413378471093,0.6980548965606845,0.7089380133581279,0.6980548965606845,0.6786466786407989,0.7540238626864274,0,1.484297752380371,0.2036449909210205,0
11208-I21121_1,1,2,DT,0.7637959399756427,0.6982290777310506,0.7095967929234783,0.6982290777310506,0.6790723445834952,0.7540805973854963,0,1.5002481937408447,0.1875007152557373,0
11208-I21121_1,2,3,DT,0.7632879027797231,0.6980091119031417,0.7088070361544375,0.6980091119031417,0.678551405456781,0.7535532593699896,0,1.500007152557373,0.14197945594787598,0
11208-I21121_1,3,4,DT,0.7637104757744599,0.697965079268836,0.7083641481348754,0.697965079268836,0.6783147623378957,0.7539920971023077,0,1.5312583446502686,0.20302224159240723,0
11208-I21121_1,4,5,DT,0.7636986057465179,0.6981703665728849,0.7002496833537293,0.6981703665728849,0.6745919172288991,0.7539920596785228,0,1.5000090599060059,0.18750834465026855,0
