Dataset,T,CV,ML,Acc,b_Acc,Prec,Rec,F1,kap,ROC,tra-T,test-T,Al-Time
11207-A21112_1,0,1,DT,0.6125569271510596,0.5753295444099604,0.5598288637909852,0.5753295444099604,0.5032553949824792,0.596692998275852,0,1.8594560623168945,0.1722877025604248,0
11207-A21112_1,1,2,DT,0.6125628647939341,0.5753402097983227,0.561916325617728,0.5753402097983227,0.504296949043105,0.5966975039309191,0,1.8750863075256348,0.17188739776611328,0
11207-A21112_1,2,3,DT,0.6125717712582459,0.5753446944718204,0.5703984063968707,0.5753446944718204,0.514022273685549,0.5967541181731244,0,1.9219231605529785,0.14063262939453125,0
11207-A21112_1,3,4,DT,0.6126845864728621,0.5754019405627832,0.5654720321599758,0.5754019405627832,0.5120965558145266,0.5968394551354128,0,1.8437671661376953,0.15622472763061523,0
11207-A21112_1,4,5,DT,0.6125331765795614,0.5752792869083044,0.5606661956236091,0.5752792869083044,0.5037230922269094,0.5966681427443421,0,1.750016689300537,0.15622639656066895,0
