Dataset,T,CV,ML,Acc,b_Acc,Prec,Rec,F1,kap,ROC,tra-T,test-T,Al-Time
I211216-I211213_1,0,1,DT,0.698418200076443,0.6548263318739133,0.6951837648436611,0.6548263318739133,0.6237795049468106,0.6818523218187302,0,1.4200668334960938,0.18449878692626953,0
I211216-I211213_1,1,2,DT,0.7145187059770338,0.6675936565542385,0.7041541932290719,0.6675936565542385,0.646925724203206,0.6983010294548824,0,1.321631908416748,0.174821138381958,0
I211216-I211213_1,2,3,DT,0.7146255362285123,0.6678798173490444,0.714926602651241,0.6678798173490444,0.6485738301495674,0.6984053747067146,0,1.3205275535583496,0.18793129920959473,0
I211216-I211213_1,3,4,DT,0.7145614380776253,0.6675260886910301,0.7025248607022313,0.6675260886910301,0.6462545787557478,0.6983465943795157,0,1.261629581451416,0.19601011276245117,0
I211216-I211213_1,4,5,DT,0.698418200076443,0.6550799689016826,0.6953579987321883,0.6550799689016826,0.6240573476283592,0.6818506140862253,0,1.2986838817596436,0.20497560501098633,0
