Dataset,T,CV,ML,Acc,b_Acc,Prec,Rec,F1,kap,ROC,tra-T,test-T,Al-Time
I211209-I211222_1,0,1,DT,0.6236831788492445,0.5937008719598992,0.636185288804623,0.5937008719598992,0.5536319282561748,0.6037410628878004,0,1.5626895427703857,0.22426843643188477,0
I211209-I211222_1,1,2,DT,0.6236854714649586,0.5936917314461213,0.659561717733702,0.5936917314461213,0.5786782759148615,0.6025962534097826,0,1.5622875690460205,0.23256564140319824,0
I211209-I211222_1,2,3,DT,0.6236235708406792,0.5933671129280793,0.6251111093140508,0.5933671129280793,0.5474457392696103,0.603446280261366,0,1.5458438396453857,0.2462625503540039,0
I211209-I211222_1,3,4,DT,0.624398474952027,0.5949567574935765,0.6477881642577248,0.5949567574935765,0.5728761799296415,0.6035614863228989,0,1.6597070693969727,0.2291557788848877,0
I211209-I211222_1,4,5,DT,0.6243801340263146,0.5949323039668789,0.634924434813097,0.5949323039668789,0.5547701022695052,0.6041983894611438,0,1.5174479484558105,0.2611973285675049,0
