Dataset,T,CV,ML,Acc,b_Acc,Prec,Rec,F1,kap,ROC,tra-T,test-T,Al-Time
I211102-A211102_1,0,1,DT,0.8216930842865828,0.8218037986427882,0.834860044514684,0.8218037986427882,0.7981964464447561,0.8142674892310198,0,1.9897198677062988,0.14282655715942383,0
I211102-A211102_1,1,2,DT,0.8214583657367476,0.8216637146868987,0.8378711565115562,0.8216637146868987,0.7994091467326458,0.8140385944703437,0,1.8220367431640625,0.14034724235534668,0
I211102-A211102_1,2,3,DT,0.8213820115096927,0.8218193231521158,0.837412460753619,0.8218193231521158,0.799215614035317,0.8139638487614238,0,1.9414582252502441,0.16311097145080566,0
I211102-A211102_1,3,4,DT,0.8216704608119,0.8219635137648933,0.8347320663093333,0.8219635137648933,0.7983006962559696,0.8142439741686167,0,2.002974510192871,0.15048789978027344,0
I211102-A211102_1,4,5,DT,0.8215488596354793,0.8215956702713637,0.8372018886352356,0.8215956702713637,0.7990215871895952,0.8141386120632345,0,1.8849050998687744,0.14530277252197266,0
