Dataset,T,CV,ML,Acc,b_Acc,Prec,Rec,F1,kap,ROC,tra-T,test-T,Al-Time
results/vs_1,0,1,DT,0.6546602470930233,0.5391862859265607,0.550658485819091,0.5391862859265607,0.49573522974422973,0.6277712458083019,0,1.681102991104126,0.17920398712158203,0
