Dataset,T,CV,ML,Acc,b_Acc,Prec,Rec,F1,kap,ROC,tra-T,test-T,Al-Time
11207-I21120_1,0,1,DT,0.6259578224328876,0.5403480653658609,0.5708597778359873,0.5403480653658609,0.516548346249419,0.6105592732843301,0,1.9063410758972168,0.18741655349731445,0
11207-I21120_1,1,2,DT,0.6259726580175208,0.5403547223236058,0.5580224295932048,0.5403547223236058,0.5127442078285721,0.6105860775920922,0,1.8907191753387451,0.1874253749847412,0
11207-I21120_1,2,3,DT,0.625883644509721,0.5402778699887496,0.557490705990628,0.5402778699887496,0.5125026471872695,0.6104937375672446,0,1.8750965595245361,0.17178916931152344,0
11207-I21120_1,3,4,DT,0.625883644509721,0.5400025094425669,0.5579307683646888,0.5400025094425669,0.5124698604210566,0.6104926650043737,0,1.8750028610229492,0.17190003395080566,0
11207-I21120_1,4,5,DT,0.6259232060687432,0.5403185881318363,0.5706084059491382,0.5403185881318363,0.5164208941290548,0.6105230566238671,0,1.8438377380371094,0.18740534782409668,0
