Dataset,T,CV,ML,Acc,b_Acc,Prec,Rec,F1,kap,ROC,tra-T,test-T,Al-Time
I211102-A211117_1,0,1,DT,0.628557127765363,0.656179106834449,0.660391291863398,0.656179106834449,0.5994344633604061,0.6085070000782216,0,1.792203664779663,0.18902015686035156,0
I211102-A211117_1,1,2,DT,0.6268672913672172,0.6531706087984426,0.6606653449571425,0.6531706087984426,0.5999153501492266,0.6067986788490312,0,1.7851040363311768,0.18877673149108887,0
I211102-A211117_1,2,3,DT,0.6277376789222254,0.6550495751203773,0.6542774631465258,0.6550495751203773,0.6005972499769825,0.6076820618733381,0,1.7704479694366455,0.17351651191711426,0
I211102-A211117_1,3,4,DT,0.6257710016986953,0.6529235782248952,0.6611325375497172,0.6529235782248952,0.6002435273303839,0.605737674258672,0,1.8064990043640137,0.19593262672424316,0
I211102-A211117_1,4,5,DT,0.6273966110253519,0.6549436648633754,0.6617207625519089,0.6549436648633754,0.6013244203215407,0.6073911101043241,0,1.6504168510437012,0.18290233612060547,0
