Dataset,T,CV,ML,Acc,b_Acc,Prec,Rec,F1,kap,ROC,tra-T,test-T,Al-Time
11216-I21121_1,0,1,DT,0.581097217902851,0.5244959776524577,0.5483424680430792,0.5244959776524577,0.48136533475706555,0.5644701589183375,0,1.8519155979156494,0.18749523162841797,0
11216-I21121_1,1,2,DT,0.5810236237296103,0.5242459719457526,0.5458297582197407,0.5242459719457526,0.4796950046038077,0.5644006509275763,0,1.7716705799102783,0.20311784744262695,0
11216-I21121_1,2,3,DT,0.5622761015979432,0.502372745110216,0.5416116634464034,0.502372745110216,0.4677519118067889,0.544760207425816,0,1.7406466007232666,0.2052600383758545,0
11216-I21121_1,3,4,DT,0.5810378677631407,0.5242057331600092,0.5324940386318953,0.5242057331600092,0.46772592779240885,0.5651109070261734,0,1.8195397853851318,0.20427179336547852,0
11216-I21121_1,4,5,DT,0.581016501712845,0.5242461542836158,0.5302959149686032,0.5242461542836158,0.4686297258186327,0.5643649881478725,0,1.7237772941589355,0.18972420692443848,0
