Dataset,T,CV,ML,Acc,b_Acc,Prec,Rec,F1,kap,ROC,tra-T,test-T,Al-Time
I211103-I211108_1,0,1,DT,0.8532691993002722,0.8387985292768959,0.8330683074119122,0.8387985292768959,0.8224602682902568,0.845106232079867,0,1.5366311073303223,0.1791059970855713,0
I211103-I211108_1,1,2,DT,0.8532254086931269,0.8387527107344829,0.8291609572329744,0.8387527107344829,0.811523153622117,0.8452924076835417,0,1.5585424900054932,0.1730175018310547,0
I211103-I211108_1,2,3,DT,0.853188532392373,0.8387354293086028,0.8323106453132146,0.8387354293086028,0.8220805047315896,0.8450210508380631,0,1.5023345947265625,0.1832728385925293,0
I211103-I211108_1,3,4,DT,0.8531747037795904,0.8387304091506895,0.8330547821899732,0.8387304091506895,0.82241549567201,0.845006461867202,0,1.4299073219299316,0.19121956825256348,0
I211103-I211108_1,4,5,DT,0.8532968565258376,0.838814855451184,0.8327074276643064,0.838814855451184,0.8223098595587915,0.8451352574465933,0,1.4837307929992676,0.17403173446655273,0
