Dataset,T,CV,ML,Acc,b_Acc,Prec,Rec,F1,kap,ROC,tra-T,test-T,Al-Time
I211115-A211206_1,0,1,DT,0.5797599411504,0.6502909644625873,0.6391398910389954,0.6502909644625873,0.5854976192664372,0.5620799050817176,0,1.8033473491668701,0.22281932830810547,0
I211115-A211206_1,1,2,DT,0.5936110717663561,0.6669909314429311,0.6485037785474154,0.6669909314429311,0.6041203395296795,0.576111066332358,0,1.9108407497406006,0.20265626907348633,0
I211115-A211206_1,2,3,DT,0.5796936896597414,0.6504534567737359,0.6399392320785843,0.6504534567737359,0.5858059457510206,0.562009290850985,0,1.6494240760803223,0.18353033065795898,0
I211115-A211206_1,3,4,DT,0.5799267121441267,0.6511189589861516,0.6411946487301071,0.6511189589861516,0.5863446735574193,0.5622563961899067,0,1.9399302005767822,0.22452402114868164,0
I211115-A211206_1,4,5,DT,0.5798924441317171,0.6509790046360101,0.6611309314554785,0.6509790046360101,0.6002359029657696,0.562162694755591,0,1.61838698387146,0.17436003684997559,0
