Dataset,T,CV,ML,Acc,b_Acc,Prec,Rec,F1,kap,ROC,tra-T,test-T,Al-Time
11220-I21120_1,0,1,DT,0.6229989828265571,0.548638738668647,0.552587407637338,0.548638738668647,0.5074475380795979,0.6075232207908152,0,2.0204813480377197,0.20523929595947266,0
11220-I21120_1,1,2,DT,0.6231298328082875,0.5489984261976247,0.561406502317085,0.5489984261976247,0.5177146275191351,0.6076407842678916,0,2.087683916091919,0.20312094688415527,0
11220-I21120_1,2,3,DT,0.6229940450913974,0.54870362687603,0.5662926703096802,0.54870362687603,0.5169609461803875,0.6075115206032113,0,2.0522170066833496,0.18342852592468262,0
11220-I21120_1,3,4,DT,0.6229767630183387,0.548618587258761,0.5522465836783583,0.548618587258761,0.5068783595612508,0.6075210920858101,0,1.920586347579956,0.19392609596252441,0
11220-I21120_1,4,5,DT,0.6231619280868251,0.5490814685431584,0.5615032362804356,0.5490814685431584,0.5178153772192537,0.6076735032860062,0,2.0029284954071045,0.21950244903564453,0
