Dataset,T,CV,ML,Acc,b_Acc,Prec,Rec,F1,kap,ROC,tra-T,test-T,Al-Time
I211119-I211115_1,0,1,DT,0.8211574500171877,0.8149518573433471,0.8095967140972647,0.8149518573433471,0.7984247082958037,0.811967829853934,0,1.4295780658721924,0.17325735092163086,0
I211119-I211115_1,1,2,DT,0.8207782127055588,0.8114848199890545,0.8081706199542918,0.8114848199890545,0.7949271000056315,0.8115683132865816,0,1.460092544555664,0.18377375602722168,0
I211119-I211115_1,2,3,DT,0.8211774098756944,0.8148456240569502,0.8099392307092458,0.8148456240569502,0.7983154080642806,0.8119890375756589,0,1.4798691272735596,0.17245101928710938,0
I211119-I211115_1,3,4,DT,0.8211862809239197,0.8148102433107008,0.8090335793314817,0.8148102433107008,0.7980844694729922,0.8119986129375318,0,1.45804762840271,0.1698899269104004,0
I211119-I211115_1,4,5,DT,0.8208247857087413,0.8115100445350435,0.8075913596226084,0.8115100445350435,0.7948711776726721,0.8116171704854657,0,1.4670462608337402,0.1816561222076416,0
