Dataset,T,CV,ML,Acc,b_Acc,Prec,Rec,F1,kap,ROC,tra-T,test-T,Al-Time
11220-I21112_1,0,1,DT,0.6059937204180139,0.5307408737903465,0.5168290256729623,0.5307408737903465,0.48254899928068856,0.5890790239016688,0,2.133488893508911,0.20505809783935547,0
11220-I21112_1,1,2,DT,0.6059468578658794,0.530697021136045,0.5167758220740988,0.530697021136045,0.48250497791214314,0.5890300598780778,0,2.1366283893585205,0.20566463470458984,0
11220-I21112_1,2,3,DT,0.6059468578658794,0.5306802312717035,0.5014619928950383,0.5306802312717035,0.4719683460105824,0.5890297439736929,0,2.0393755435943604,0.20322370529174805,0
11220-I21112_1,3,4,DT,0.6059140540793851,0.5306931239778218,0.49764733200844385,0.5306931239778218,0.4701172210017652,0.5890237596683219,0,2.0859506130218506,0.20310688018798828,0
11220-I21112_1,4,5,DT,0.6059609166315197,0.5306988109730282,0.5166710794484756,0.5306988109730282,0.48247598684550225,0.5890445089701163,0,2.03877329826355,0.20341014862060547,0
