Dataset,T,CV,ML,Acc,b_Acc,Prec,Rec,F1,kap,ROC,tra-T,test-T,Al-Time
results/vs_1,0,1,DT,0.46976189034237725,0.49077707449358066,0.506127136408316,0.49077707449358066,0.43693491192882344,0.44863683037200797,0,2.0929598808288574,0.1801750659942627,0
