Dataset,T,CV,ML,Acc,b_Acc,Prec,Rec,F1,kap,ROC,tra-T,test-T,Al-Time
results/vs_1,0,1,DT,0.8200472265034006,0.8042694311611999,0.8262270359242555,0.8042694311611999,0.7971178225796889,0.8124955070577521,0,1.8977108001708984,0.17262530326843262,0
