Dataset,T,CV,ML,Acc,b_Acc,Prec,Rec,F1,kap,ROC,tra-T,test-T,Al-Time
I211112-I211112_1,0,1,DT,0.9273347948894801,0.9161021235746466,0.9228888343457965,0.9161021235746466,0.916921410162926,0.9239759761563352,0,2.343764066696167,0.21874094009399414,0
I211112-I211112_1,1,2,DT,0.9273347948894801,0.9161021235746466,0.9228888343457965,0.9161021235746466,0.916921410162926,0.9239759761563352,0,2.453073024749756,0.21870779991149902,0
I211112-I211112_1,2,3,DT,0.9273347948894801,0.9161021235746466,0.9228888343457965,0.9161021235746466,0.916921410162926,0.9239759761563352,0,2.4687654972076416,0.23432016372680664,0
I211112-I211112_1,3,4,DT,0.9273347948894801,0.9161021235746466,0.9228888343457965,0.9161021235746466,0.916921410162926,0.9239759761563352,0,2.437516927719116,0.2343294620513916,0
I211112-I211112_1,4,5,DT,0.9273347948894801,0.9161021235746466,0.9228888343457965,0.9161021235746466,0.916921410162926,0.9239759761563352,0,2.390636444091797,0.23439669609069824,0
