Dataset,T,CV,ML,Acc,b_Acc,Prec,Rec,F1,kap,ROC,tra-T,test-T,Al-Time
I211122-I211102_1,0,1,DT,0.6049817047627178,0.6847999737349314,0.700111508385627,0.6847999737349314,0.6631148236116451,0.5831692737995298,0,1.5195541381835938,0.19369053840637207,0
I211122-I211102_1,1,2,DT,0.6048804506008739,0.6846880898013136,0.6970281340150069,0.6846880898013136,0.6628290974181723,0.5830801360024787,0,1.5363869667053223,0.20869755744934082,0
I211122-I211102_1,2,3,DT,0.6049419972482692,0.6847533451983769,0.6999009825626258,0.6847533451983769,0.6629884361997126,0.5831248245347598,0,1.449951410293579,0.1948997974395752,0
I211122-I211102_1,3,4,DT,0.6049300849939346,0.6847279207543056,0.6915676561409586,0.6847279207543056,0.660359212245146,0.5831357785501929,0,1.5202112197875977,0.20899605751037598,0
I211122-I211102_1,4,5,DT,0.6049419972482692,0.6848558614526417,0.6999759360884654,0.6848558614526417,0.6630733942905238,0.5831272998986857,0,1.583127498626709,0.20014333724975586,0
