Dataset,T,CV,ML,Acc,b_Acc,Prec,Rec,F1,kap,ROC,tra-T,test-T,Al-Time
results/vs_1,0,1,DT,0.5622713535867664,0.5023000675930204,0.5434608560760836,0.5023000675930204,0.4679383282663003,0.5447245358703288,0,1.6546072959899902,0.16208553314208984,0
