Dataset,T,CV,ML,Acc,b_Acc,Prec,Rec,F1,kap,ROC,tra-T,test-T,Al-Time
I211102-A211105_1,0,1,DT,0.8259132293651146,0.82897589794195,0.8593242183766705,0.82897589794195,0.8024277626272802,0.8174626781849246,0,1.7367522716522217,0.15213513374328613,0
I211102-A211105_1,1,2,DT,0.8260129148021798,0.829146167996014,0.8494206902801142,0.829146167996014,0.7973583685386884,0.8174321813874258,0,1.5848143100738525,0.13616323471069336,0
I211102-A211105_1,2,3,DT,0.8258938460856852,0.8289772346448596,0.8596315591667015,0.8289772346448596,0.802561591060356,0.8174410992683174,0,1.8202550411224365,0.1584947109222412,0
I211102-A211105_1,3,4,DT,0.8259436888042178,0.8289898289142064,0.859342909206825,0.8289898289142064,0.8024815978535877,0.817493499883551,0,1.714681625366211,0.15069198608398438,0
I211102-A211105_1,4,5,DT,0.8261347525585929,0.829108427398431,0.849495097343828,0.829108427398431,0.7974677756168115,0.8175608506152253,0,1.8288989067077637,0.1611170768737793,0
