Dataset,T,CV,ML,Acc,b_Acc,Prec,Rec,F1,kap,ROC,tra-T,test-T,Al-Time
I211201-I211208_1,0,1,DT,0.7863690000167773,0.706807508569511,0.72526543017387,0.706807508569511,0.6910483826646188,0.7738331738565969,0,1.3864336013793945,0.16807770729064941,0
I211201-I211208_1,1,2,DT,0.78639696218955,0.7067546630629538,0.7241410990970812,0.7067546630629538,0.6903787793862401,0.7739314222737032,0,1.4064393043518066,0.15263056755065918,0
I211201-I211208_1,2,3,DT,0.7864556827523725,0.7068833130151072,0.7271563891877797,0.7068833130151072,0.6919797141867793,0.7739246740398589,0,1.4000284671783447,0.1544656753540039,0
I211201-I211208_1,3,4,DT,0.7864305167968771,0.7067310491293697,0.7259477033896169,0.7067310491293697,0.6912301177915506,0.7739670834153891,0,1.3936822414398193,0.19124770164489746,0
I211201-I211208_1,4,5,DT,0.7864584789696498,0.7069785634440016,0.724847997737409,0.7069785634440016,0.6909059761069025,0.773927999593052,0,1.3244633674621582,0.15665841102600098,0
