Dataset,T,CV,ML,Acc,b_Acc,Prec,Rec,F1,kap,ROC,tra-T,test-T,Al-Time
I211104-A211116_1,0,1,DT,0.6242176366085548,0.6875939901402507,0.676058251681432,0.6875939901402507,0.6338284428234897,0.6041384448634871,0,1.341858148574829,0.1927802562713623,0
I211104-A211116_1,1,2,DT,0.624268395056908,0.6886340289081516,0.6790439234583602,0.6886340289081516,0.63612512893043,0.6041996003285459,0,1.241924524307251,0.18349456787109375,0
I211104-A211116_1,2,3,DT,0.624102453975753,0.6869654103391113,0.6803026970283951,0.6869654103391113,0.6360967992286852,0.6040115821193408,0,1.2804725170135498,0.18801426887512207,0
I211104-A211116_1,3,4,DT,0.6243074400171797,0.6887882210541512,0.679892578134855,0.6887882210541512,0.6365915180828324,0.6042306441373853,0,1.3095734119415283,0.18207049369812012,0
I211104-A211116_1,4,5,DT,0.6242742518009488,0.688059135276444,0.6792586081737959,0.688059135276444,0.6356226432363521,0.6042063462969347,0,1.287710189819336,0.17246747016906738,0
