Dataset,T,CV,ML,Acc,b_Acc,Prec,Rec,F1,kap,ROC,tra-T,test-T,Al-Time
I211130-I211207_1,0,1,DT,0.732704248645845,0.7269701333650374,0.7433945141628661,0.7269701333650374,0.7088208457208126,0.7173901597371234,0,1.4133872985839844,0.1705479621887207,0
I211130-I211207_1,1,2,DT,0.7326846763973363,0.7269498603339823,0.7317965784784832,0.7269498603339823,0.6992866325932826,0.7174519267211745,0,1.5117695331573486,0.17129039764404297,0
I211130-I211207_1,2,3,DT,0.7327458396739264,0.7270664376568128,0.7319388638551367,0.7270664376568128,0.6994317428711251,0.7175168545187085,0,1.2956387996673584,0.18749547004699707,0
I211130-I211207_1,3,4,DT,0.732736053549672,0.7270663763016618,0.7373215169031394,0.7270663763016618,0.7050181231035637,0.7174535283821143,0,1.3205773830413818,0.18088340759277344,0
I211130-I211207_1,4,5,DT,0.7327262674254175,0.7270401202299034,0.7434256907991519,0.7270401202299034,0.7088925489257065,0.7174130372967296,0,1.2574563026428223,0.18879246711730957,0
