Dataset,T,CV,ML,Acc,b_Acc,Prec,Rec,F1,kap,ROC,tra-T,test-T,Al-Time
I211108-A211225_1,0,1,DT,0.6451544803270284,0.640635675254612,0.6490472752102879,0.640635675254612,0.5738159040694215,0.6290528540273859,0,1.4050450325012207,0.15068793296813965,0
I211108-A211225_1,1,2,DT,0.6451133550292126,0.6405612134300238,0.6497536754953248,0.6405612134300238,0.5739563723962774,0.6290302908809791,0,1.3874139785766602,0.1401820182800293,0
I211108-A211225_1,2,3,DT,0.6451654470731125,0.6406207085958873,0.6486742258235669,0.6406207085958873,0.5736571090907582,0.6290783333842369,0,1.2975590229034424,0.12738919258117676,0
I211108-A211225_1,3,4,DT,0.6452230224900546,0.6406686195469159,0.6493751040905008,0.6406686195469159,0.5741470295264629,0.6291148415390155,0,1.282926082611084,0.12808918952941895,0
I211108-A211225_1,4,5,DT,0.6452696311609123,0.640726420470037,0.6485165984809442,0.640726420470037,0.5737004795769731,0.6291709962587329,0,1.3268027305603027,0.14075827598571777,0
