Dataset,T,CV,ML,Acc,b_Acc,Prec,Rec,F1,kap,ROC,tra-T,test-T,Al-Time
I211216-I211124_1,0,1,DT,0.6961830451286377,0.676787414884592,0.686846807945064,0.676787414884592,0.6387120079797921,0.6787115719250902,0,1.3181004524230957,0.22005724906921387,0
I211216-I211124_1,1,2,DT,0.6962299076807723,0.6768431062410067,0.6789748748361428,0.6768431062410067,0.6393973064537338,0.6787665239967015,0,1.3918447494506836,0.2210371494293213,0
I211216-I211124_1,2,3,DT,0.6958222034772014,0.6763476747974457,0.6711586504268389,0.6763476747974457,0.6203995117709203,0.678504616858917,0,1.3874359130859375,0.20649266242980957,0
I211216-I211124_1,3,4,DT,0.6961971038942781,0.6768400444447235,0.652800335469455,0.6768400444447235,0.6152959459282039,0.6789363954273364,0,1.4204447269439697,0.22136306762695312,0
I211216-I211124_1,4,5,DT,0.6961971038942781,0.6768191345039531,0.6599117616620206,0.6768191345039531,0.6251756511936984,0.6788472294270409,0,1.4196982383728027,0.23671269416809082,0
