Dataset,T,CV,ML,Acc,b_Acc,Prec,Rec,F1,kap,ROC,tra-T,test-T,Al-Time
I211115-A211228_1,0,1,DT,0.4866827773590379,0.4937817386224268,0.44431048736397266,0.4937817386224268,0.4191707143956736,0.46846455571728773,0,1.9557561874389648,0.18872904777526855,0
I211115-A211228_1,1,2,DT,0.48665169563742133,0.49381669710271947,0.444784210161327,0.49381669710271947,0.4188986384679129,0.46848186020046356,0,1.9695031642913818,0.17314386367797852,0
I211115-A211228_1,2,3,DT,0.48643412358610544,0.4931053603215936,0.45928160645182325,0.4931053603215936,0.42920365034770064,0.4685346241265177,0,1.6892004013061523,0.17189311981201172,0
I211115-A211228_1,3,4,DT,0.48663874492008113,0.4937250846503489,0.44434055867379046,0.4937250846503489,0.4191165645740346,0.46842031604185597,0,1.923938274383545,0.20378994941711426,0
I211115-A211228_1,4,5,DT,0.48672421965452667,0.49378903529528123,0.4548681225128884,0.49378903529528123,0.4267586306498788,0.4688837432289614,0,1.9697329998016357,0.17188096046447754,0
