Dataset,T,CV,ML,Acc,b_Acc,Prec,Rec,F1,kap,ROC,tra-T,test-T,Al-Time
results/vs_1,0,1,DT,0.6493228118301597,0.5838821348827052,0.5620633378495568,0.5838821348827052,0.5521657880802966,0.6343804043886591,0,1.8895783424377441,0.14402365684509277,0
