Dataset,T,CV,ML,Acc,b_Acc,Prec,Rec,F1,kap,ROC,tra-T,test-T,Al-Time
I211108-A211108_1,0,1,DT,0.7085178931147302,0.8331507447089586,0.8233714981869039,0.8331507447089586,0.7753511798331655,0.6925315601931945,0,1.3778660297393799,0.2026357650756836,0
I211108-A211108_1,1,2,DT,0.7086923104936012,0.8333391005878034,0.8249958868604819,0.8333391005878034,0.7764663453037368,0.6927126487137507,0,1.385909080505371,0.20425724983215332,0
I211108-A211108_1,2,3,DT,0.7085236431382095,0.8331744125444909,0.8229604476879173,0.8331744125444909,0.7750875349970624,0.6925384755195882,0,1.4672698974609375,0.18903422355651855,0
I211108-A211108_1,3,4,DT,0.7085293931616887,0.833198587830013,0.82362780045392,0.833198587830013,0.7755147849349764,0.6925440418396108,0,1.4357292652130127,0.22042226791381836,0
I211108-A211108_1,4,5,DT,0.7085658099770574,0.8332593096244831,0.8235917653223342,0.8332593096244831,0.7754006594267424,0.6925821488646878,0,1.5269136428833008,0.20921778678894043,0
