Dataset,T,CV,ML,Acc,b_Acc,Prec,Rec,F1,kap,ROC,tra-T,test-T,Al-Time
results/vs_1,0,1,DT,0.9071879561329433,0.7951153964285336,0.8211269931978372,0.7951153964285336,0.7963152042938326,0.9025706306331215,0,1.4143667221069336,0.16803693771362305,0
