Dataset,T,CV,ML,Acc,b_Acc,Prec,Rec,F1,kap,ROC,tra-T,test-T,Al-Time
results/vs_1,0,1,DT,0.8589762538181102,0.831210022940023,0.8344202685363817,0.831210022940023,0.8216728293026785,0.8526999252379084,0,1.704575538635254,0.23614263534545898,0
