Dataset,T,CV,ML,Acc,b_Acc,Prec,Rec,F1,kap,ROC,tra-T,test-T,Al-Time
I211110-A211112_1,0,1,DT,0.8241902886930269,0.8203014017199032,0.8381579779065516,0.8203014017199032,0.8086254277259801,0.8144109909468796,0,1.6358118057250977,0.14182162284851074,0
I211110-A211112_1,1,2,DT,0.8238379190641063,0.8202895063828414,0.8433569444268125,0.8202895063828414,0.8103897113903699,0.814058067350943,0,1.4605247974395752,0.18089604377746582,0
I211110-A211112_1,2,3,DT,0.8240788944232391,0.820371452453155,0.8438811603617306,0.820371452453155,0.8099840634283278,0.8143196424476259,0,1.4197967052459717,0.1732792854309082,0
I211110-A211112_1,3,4,DT,0.8238310990067723,0.8202305243038934,0.8436434287294532,0.8202305243038934,0.8097616827852631,0.8140623209457372,0,1.447263240814209,0.17202258110046387,0
I211110-A211112_1,4,5,DT,0.8238788394081099,0.8202935772637235,0.8450566330941122,0.8202935772637235,0.8103776901665373,0.8141036976603299,0,1.447014331817627,0.1726992130279541,0
