Dataset,T,CV,ML,Acc,b_Acc,Prec,Rec,F1,kap,ROC,tra-T,test-T,Al-Time
results/vs_1,0,1,DT,0.8699543858378888,0.8444118977689893,0.868891263808897,0.8444118977689893,0.8502350607485978,0.8640365199385044,0,1.6684062480926514,0.2161393165588379,0
