Dataset,T,CV,ML,Acc,b_Acc,Prec,Rec,F1,kap,ROC,tra-T,test-T,Al-Time
I211103-A211122_1,0,1,DT,0.5069529829038811,0.6659960394983735,0.6468612581717971,0.6659960394983735,0.5919006719914772,0.4907833192113715,0,1.5825700759887695,0.19025659561157227,0
I211103-A211122_1,1,2,DT,0.5069153213746901,0.6659507703348967,0.6473227274621272,0.6659507703348967,0.5922271575133027,0.4907358633713672,0,1.5067188739776611,0.17248964309692383,0
I211103-A211122_1,2,3,DT,0.5069396905994608,0.665962810978229,0.6464902100542511,0.665962810978229,0.5918054683869481,0.4907578207886373,0,1.4802451133728027,0.18857789039611816,0
I211103-A211122_1,3,4,DT,0.5076929211832809,0.669025718026994,0.6482960542539662,0.669025718026994,0.5970248835038455,0.49155480748844715,0,1.5530238151550293,0.19142532348632812,0
I211103-A211122_1,4,5,DT,0.5069352598313207,0.6659710720845614,0.647281391568118,0.6659710720845614,0.5922448574149323,0.49075668111218285,0,1.545964002609253,0.18588042259216309,0
