Dataset,T,CV,ML,Acc,b_Acc,Prec,Rec,F1,kap,ROC,tra-T,test-T,Al-Time
I211103-A211105_1,0,1,DT,0.7633107748881308,0.8030360194634253,0.7978381417367042,0.8030360194634253,0.7664399641195605,0.7539273025890703,0,1.5986416339874268,0.14003777503967285,0
I211103-A211105_1,1,2,DT,0.7632110894510655,0.8030524056839335,0.7978904158234837,0.8030524056839335,0.7663682828646219,0.7538246379884308,0,1.7030727863311768,0.15516948699951172,0
I211103-A211105_1,2,3,DT,0.7632387798502503,0.803057945595465,0.7962585562074922,0.803057945595465,0.7589917242353483,0.754380739515884,0,1.5521605014801025,0.1437993049621582,0
I211103-A211105_1,3,4,DT,0.7633218510478047,0.8031157633708095,0.7977285105136482,0.8031157633708095,0.766468271580685,0.7539391990279751,0,1.6868526935577393,0.16755890846252441,0
I211103-A211105_1,4,5,DT,0.7633052368082939,0.8030860825755602,0.7970474978221486,0.8030860825755602,0.7662841059359448,0.7539230762254894,0,1.6624369621276855,0.15531301498413086,0
