Dataset,T,CV,ML,Acc,b_Acc,Prec,Rec,F1,kap,ROC,tra-T,test-T,Al-Time
I211108-I211119_1,0,1,DT,0.7512919487383702,0.7346984187206026,0.74466272080523,0.7346984187206026,0.7033553338692596,0.7373079251634445,0,1.304473876953125,0.17335009574890137,0
I211108-I211119_1,1,2,DT,0.7512150200919524,0.7347582602462396,0.7430035301603476,0.7347582602462396,0.7025240073904582,0.7372338822312631,0,1.3199107646942139,0.1576857566833496,0
I211108-I211119_1,2,3,DT,0.7511720305542483,0.734629477484103,0.7438923604958171,0.734629477484103,0.7029063089972102,0.7371755915792089,0,1.3509833812713623,0.17332744598388672,0
I211108-I211119_1,3,4,DT,0.7512489592006661,0.7345192966190685,0.7447898880794408,0.7345192966190685,0.7033585352093737,0.7372591149602583,0,1.4294376373291016,0.18895220756530762,0
I211108-I211119_1,4,5,DT,0.7510407993338885,0.7346244456418224,0.7423563471671879,0.7346244456418224,0.7017262089268393,0.737050870507846,0,1.3990395069122314,0.17264366149902344,0
