Dataset,T,CV,ML,Acc,b_Acc,Prec,Rec,F1,kap,ROC,tra-T,test-T,Al-Time
I211119-I211119_1,0,1,DT,0.9501660753719726,0.949986687318724,0.9491329474410317,0.949986687318724,0.9486394259117957,0.9472299363294707,0,1.5550079345703125,0.1901843547821045,0
I211119-I211119_1,1,2,DT,0.9501660753719726,0.949986687318724,0.9491329474410317,0.949986687318724,0.9486394259117957,0.9472299363294707,0,1.4666054248809814,0.16610383987426758,0
I211119-I211119_1,2,3,DT,0.9501660753719726,0.949986687318724,0.9491329474410317,0.949986687318724,0.9486394259117957,0.9472299363294707,0,1.4403517246246338,0.17575359344482422,0
I211119-I211119_1,3,4,DT,0.9501660753719726,0.949986687318724,0.9491329474410317,0.949986687318724,0.9486394259117957,0.9472299363294707,0,1.4366364479064941,0.19365906715393066,0
I211119-I211119_1,4,5,DT,0.9501660753719726,0.949986687318724,0.9491329474410317,0.949986687318724,0.9486394259117957,0.9472299363294707,0,1.4633378982543945,0.20343399047851562,0
