Dataset,T,CV,ML,Acc,b_Acc,Prec,Rec,F1,kap,ROC,tra-T,test-T,Al-Time
results/vs_1,0,1,DT,0.7334014845469176,0.7739911117027098,0.7748750651075895,0.7739911117027098,0.7471837488231077,0.7216562410875034,0,1.6256024837493896,0.2060253620147705,0
