Dataset,T,CV,ML,Acc,b_Acc,Prec,Rec,F1,kap,ROC,tra-T,test-T,Al-Time
11213-I21120_1,0,1,DT,0.7497575894932861,0.7499447829571612,0.7331961649698184,0.7499447829571612,0.7149271062964737,0.73981044665794,0,1.953263282775879,0.2031235694885254,0
11213-I21120_1,1,2,DT,0.7763538188708694,0.7601361865189019,0.753870561805789,0.7601361865189019,0.736135954559702,0.7673010183248499,0,1.9843015670776367,0.1875004768371582,0
11213-I21120_1,2,3,DT,0.7566969553240357,0.7526128474289294,0.7430806474277244,0.7526128474289294,0.7219722871080645,0.7469254715045524,0,1.9538233280181885,0.18739104270935059,0
11213-I21120_1,3,4,DT,0.7761996107412972,0.7597450323407399,0.7475258019162008,0.7597450323407399,0.7359682315089535,0.7671406141873468,0,1.9373798370361328,0.20352482795715332,0
11213-I21120_1,4,5,DT,0.7567133107317175,0.752625587475128,0.7480194577012971,0.752625587475128,0.7283770853717644,0.7468655408440449,0,1.9251339435577393,0.20362377166748047,0
