Dataset,T,CV,ML,Acc,b_Acc,Prec,Rec,F1,kap,ROC,tra-T,test-T,Al-Time
I211112-A211223_1,0,1,DT,0.6878599766627771,0.6730876466844167,0.6691618833345598,0.6730876466844167,0.6268876519135309,0.6714076848967796,0,1.7372593879699707,0.1182715892791748,0
I211112-A211223_1,1,2,DT,0.6883671723064956,0.6805811639973309,0.6655058053908269,0.6805811639973309,0.626396099581539,0.6720741743730969,0,1.7294344902038574,0.12552452087402344,0
I211112-A211223_1,2,3,DT,0.687850641773629,0.673014221187728,0.6694658355661341,0.673014221187728,0.6267901698003732,0.6713977552306014,0,1.8892524242401123,0.1253347396850586,0
I211112-A211223_1,3,4,DT,0.687850641773629,0.6730862734848819,0.669118835938857,0.6730862734848819,0.6268819010561686,0.6713979117099587,0,1.8075997829437256,0.1257176399230957,0
I211112-A211223_1,4,5,DT,0.6878350836250486,0.6730714363256586,0.66910771519745,0.6730714363256586,0.6268624796733459,0.671381450390609,0,1.8726305961608887,0.11020755767822266,0
