Dataset,T,CV,ML,Acc,b_Acc,Prec,Rec,F1,kap,ROC,tra-T,test-T,Al-Time
I211103-I211104_1,0,1,DT,0.8692773534595742,0.8255798010461236,0.8548713031902702,0.8255798010461236,0.8260596780730436,0.8635765168340298,0,1.6952779293060303,0.1789107322692871,0
I211103-I211104_1,1,2,DT,0.8694003806310039,0.825937357014632,0.8556871320404045,0.825937357014632,0.8264409899371429,0.8637060642754675,0,1.684145450592041,0.18460631370544434,0
I211103-I211104_1,2,3,DT,0.8691693908397483,0.8256982811950889,0.8554591035140954,0.8256982811950889,0.8262144804232339,0.863464866388719,0,1.7525784969329834,0.18650007247924805,0
I211103-I211104_1,3,4,DT,0.8691819446327513,0.825719558421355,0.8558417103884499,0.825719558421355,0.8264830881884654,0.8634771752791617,0,1.7484462261199951,0.2001795768737793,0
I211103-I211104_1,4,5,DT,0.869438042010013,0.8259817663997178,0.8555541995625813,0.8259817663997178,0.8264196827530405,0.8637452962768373,0,1.6862056255340576,0.16092896461486816,0
