Dataset,T,CV,ML,Acc,b_Acc,Prec,Rec,F1,kap,ROC,tra-T,test-T,Al-Time
11202-I21122_1,0,1,DT,0.6349284589266432,0.5545262357859404,0.5528970442025165,0.5545262357859404,0.5229946736406291,0.6198894753266622,0,1.8128018379211426,0.20302081108093262,0
11202-I21122_1,1,2,DT,0.6348940696909324,0.554487359556722,0.5526139057053695,0.554487359556722,0.5227802555613014,0.6198533622526143,0,1.843757152557373,0.1717684268951416,0
11202-I21122_1,2,3,DT,0.6525449180733774,0.5757517807355711,0.554008035847635,0.5757517807355711,0.5344364842117693,0.6382161256586639,0,1.7187583446502686,0.20311570167541504,0
11202-I21122_1,3,4,DT,0.6349101180009308,0.5545099488060335,0.552384659540969,0.5545099488060335,0.5227839790452605,0.6198592718440218,0,1.7500147819519043,0.2031106948852539,0
11202-I21122_1,4,5,DT,0.6525196993005229,0.5757471248189932,0.5538042848776764,0.5757471248189932,0.5342217056505767,0.6381910392383068,0,1.8281216621398926,0.2187516689300537,0
