Dataset,T,CV,ML,Acc,b_Acc,Prec,Rec,F1,kap,ROC,tra-T,test-T,Al-Time
11202-I21120_1,0,1,DT,0.6174213129653989,0.5900963593452846,0.6049408346758288,0.5900963593452846,0.5746604745437346,0.6021678438054582,0,1.843761682510376,0.18749713897705078,0
11202-I21120_1,1,2,DT,0.6174470143203277,0.5901424305742088,0.6086897824268519,0.5901424305742088,0.5749839676823436,0.6021923700788554,0,1.8281335830688477,0.20312166213989258,0
11202-I21120_1,2,3,DT,0.5989233468771685,0.5682041888833381,0.598151516735582,0.5682041888833381,0.5610146860761458,0.5829451200376782,0,1.8437466621398926,0.2031395435333252,0
11202-I21120_1,3,4,DT,0.5984256751862764,0.5670708396760791,0.5999800722399812,0.5670708396760791,0.5627407744162463,0.5823894444438737,0,1.8437585830688477,0.20312857627868652,0
11202-I21120_1,4,5,DT,0.6141549044026421,0.5859569205156973,0.6086107672353462,0.5859569205156973,0.5753736569900653,0.5987485869177581,0,1.8906378746032715,0.20311903953552246,0
