Dataset,T,CV,ML,Acc,b_Acc,Prec,Rec,F1,kap,ROC,tra-T,test-T,Al-Time
results/vs_1,0,1,DT,0.6909117346054258,0.5294047506192646,0.5687106206290508,0.5294047506192646,0.5161176146936989,0.6757499354319503,0,1.8018646240234375,0.17467522621154785,0
