Dataset,T,CV,ML,Acc,b_Acc,Prec,Rec,F1,kap,ROC,tra-T,test-T,Al-Time
I211122-A211112_1,0,1,DT,0.6646191338981856,0.7293927223333826,0.7015809970452195,0.7293927223333826,0.6897272272656438,0.6476297772185895,0,1.5062370300292969,0.1748645305633545,0
I211122-A211112_1,1,2,DT,0.665005603813776,0.7305888232848369,0.7013331175438768,0.7305888232848369,0.6902380244047351,0.648060694069485,0,1.5852899551391602,0.16156697273254395,0
I211122-A211112_1,2,3,DT,0.6646668742995233,0.7294664264892629,0.701330838330025,0.7294664264892629,0.6895732553735011,0.6476891753737134,0,1.4901373386383057,0.1699843406677246,0
I211122-A211112_1,3,4,DT,0.6644236255879458,0.7293995265171024,0.6957387707019491,0.7293995265171024,0.6768128509793768,0.6479129034332605,0,1.5565845966339111,0.16981172561645508,0
I211122-A211112_1,4,5,DT,0.6652647659924661,0.7307541801115046,0.7011314257253614,0.7307541801115046,0.6903643634939123,0.6483306884816413,0,1.534987211227417,0.17538857460021973,0
