Dataset,T,CV,ML,Acc,b_Acc,Prec,Rec,F1,kap,ROC,tra-T,test-T,Al-Time
I211202-I211124_1,0,1,DT,0.8802661792961245,0.8494778220639458,0.8659669825209867,0.8494778220639458,0.8453253894787387,0.8732850439645345,0,1.347874402999878,0.16872692108154297,0
I211202-I211124_1,1,2,DT,0.8803130418482591,0.8496230259740493,0.8633770946413423,0.8496230259740493,0.8453633667497072,0.8733364184080608,0,1.319962978363037,0.16568422317504883,0
I211202-I211124_1,2,3,DT,0.8802661792961245,0.8494895429433579,0.8585499843168269,0.8494895429433579,0.8419913226082326,0.8732944780326453,0,1.365795612335205,0.20509028434753418,0
I211202-I211124_1,3,4,DT,0.8803247574862927,0.8495876109610362,0.8658441737448221,0.8495876109610362,0.8453061380618103,0.8733470147796378,0,1.4543206691741943,0.20085787773132324,0
I211202-I211124_1,4,5,DT,0.8802240029992033,0.849419473664514,0.8645911717135105,0.849419473664514,0.8445951392881144,0.873240483316613,0,1.3860509395599365,0.17812299728393555,0
