Dataset,T,CV,ML,Acc,b_Acc,Prec,Rec,F1,kap,ROC,tra-T,test-T,Al-Time
11215-I21121_1,0,1,DT,0.6085783537838592,0.5651340766963912,0.5751096592978856,0.5651340766963912,0.5296451569013527,0.5927626697427499,0,1.9460432529449463,0.20355892181396484,0
11215-I21121_1,1,2,DT,0.6087602587302562,0.5653546294410361,0.56847231771383,0.5653546294410361,0.5265685335310584,0.5930353891341101,0,1.9942407608032227,0.1962118148803711,0
11215-I21121_1,2,3,DT,0.6085240185401302,0.5650763457185273,0.5750264221481646,0.5650763457185273,0.5295950368147992,0.5927062232864013,0,1.685638189315796,0.18223857879638672,0
11215-I21121_1,3,4,DT,0.6086917490751197,0.5654281041710719,0.5735149908435074,0.5654281041710719,0.5296122538105531,0.5929511091264649,0,1.857170820236206,0.2016770839691162,0
11215-I21121_1,4,5,DT,0.608668125056107,0.5653596174634848,0.5712720467899398,0.5653596174634848,0.5283834884454609,0.5929322074233936,0,1.9299826622009277,0.20351028442382812,0
