Dataset,T,CV,ML,Acc,b_Acc,Prec,Rec,F1,kap,ROC,tra-T,test-T,Al-Time
results/vs_1,0,1,DT,0.5706554041297522,0.518900459674212,0.4905713754484637,0.518900459674212,0.451688472591178,0.5537065713040237,0,1.7481119632720947,0.18284845352172852,0
