Dataset,T,CV,ML,Acc,b_Acc,Prec,Rec,F1,kap,ROC,tra-T,test-T,Al-Time
I211210-I211222_1,0,1,DT,0.6625430152023348,0.6675781745197655,0.6937873232460895,0.6675781745197655,0.6395899201616068,0.6438113080904148,0,1.5002355575561523,0.23521137237548828,0
I211210-I211222_1,1,2,DT,0.6625017481194819,0.6674949938970288,0.6941593159167714,0.6674949938970288,0.6396289249142271,0.6437680287506123,0,1.5450632572174072,0.23462271690368652,0
I211210-I211222_1,2,3,DT,0.6624467253423448,0.6674632772226278,0.680773248523886,0.6674632772226278,0.6301117645211782,0.6438549588271751,0,1.574629545211792,0.24549317359924316,0
I211210-I211222_1,3,4,DT,0.6624971628880538,0.6674909002225602,0.6936856508381557,0.6674909002225602,0.6394408846467755,0.6437627338472577,0,1.5254096984863281,0.22935128211975098,0
I211210-I211222_1,4,5,DT,0.662552185665191,0.6676287912842485,0.6941962164484082,0.6676287912842485,0.6396730461419483,0.6438211125728557,0,1.4949350357055664,0.23306775093078613,0
