Dataset,T,CV,ML,Acc,b_Acc,Prec,Rec,F1,kap,ROC,tra-T,test-T,Al-Time
11213-I21120_1,0,1,DT,0.8628474685743085,0.8290125624189798,0.8415622376220225,0.8290125624189798,0.8238398809950056,0.8572213379668168,0,1.954282522201538,0.2031095027923584,0
11213-I21120_1,1,2,DT,0.8628450220432449,0.8290053159128161,0.8403398423566832,0.8290053159128161,0.8234964426339142,0.8572298058567235,0,1.9217965602874756,0.18757295608520508,0
11213-I21120_1,2,3,DT,0.8628963991955806,0.8290534163289112,0.8418913193828583,0.8290534163289112,0.8242294528154647,0.8572832429363979,0,1.937506914138794,0.20319151878356934,0
11213-I21120_1,3,4,DT,0.8628963991955806,0.829052885152236,0.8415641462555942,0.829052885152236,0.8238879833036361,0.857272533940366,0,1.953212022781372,0.20313072204589844,0
11213-I21120_1,4,5,DT,0.8556155227502924,0.826398325418366,0.8318507851064691,0.826398325418366,0.8165140441925133,0.8497579290887767,0,1.9999322891235352,0.18748140335083008,0
