Dataset,T,CV,ML,Acc,b_Acc,Prec,Rec,F1,kap,ROC,tra-T,test-T,Al-Time
I211122-A211228_1,0,1,DT,0.5532934969267947,0.5345007535463285,0.5112596279614166,0.5345007535463285,0.4643614341148304,0.5381070011095483,0,1.828125,0.18750858306884766,0
I211122-A211228_1,1,2,DT,0.5533556603700279,0.5351421830969592,0.5045880797860851,0.5351421830969592,0.4607350507742064,0.5377738820474962,0,1.8125066757202148,0.18741250038146973,0
I211122-A211228_1,2,3,DT,0.5532779560659865,0.5349083061400698,0.5116974568892644,0.5349083061400698,0.4647940487858527,0.5381175907639173,0,1.7923872470855713,0.18749690055847168,0
I211122-A211228_1,3,4,DT,0.5531199573144356,0.5341004616348675,0.49952518198554846,0.5341004616348675,0.45851744940424055,0.5375031758715237,0,1.8124635219573975,0.17183399200439453,0
I211122-A211228_1,4,5,DT,0.5550936466370873,0.5351939081975177,0.5123591620328569,0.5351939081975177,0.46583966174133673,0.539910353242155,0,1.8125035762786865,0.18742012977600098,0
