Dataset,T,CV,ML,Acc,b_Acc,Prec,Rec,F1,kap,ROC,tra-T,test-T,Al-Time
I211201-A211124_1,0,1,DT,0.8390126887428229,0.8074649838149179,0.8385398949413244,0.8074649838149179,0.7940070537241775,0.830124684564292,0,1.3071963787078857,0.14986395835876465,0
I211201-A211124_1,1,2,DT,0.839024564028572,0.8074681400120601,0.8389369200893779,0.8074681400120601,0.7939129239662535,0.8301644916273385,0,1.2217273712158203,0.13265132904052734,0
I211201-A211124_1,2,3,DT,0.8389978446356365,0.8074436716365472,0.8362457215013358,0.8074436716365472,0.792875422071739,0.830112255331185,0,1.2545547485351562,0.1288750171661377,0
I211201-A211124_1,3,4,DT,0.8389473746712031,0.8074311320119836,0.8397646023258534,0.8074311320119836,0.7943228129138695,0.8300866263861064,0,1.3071303367614746,0.1360776424407959,0
I211201-A211124_1,4,5,DT,0.8389503434926403,0.8074018890575045,0.839188439950374,0.8074018890575045,0.7939801906542415,0.8300868290975218,0,1.4299323558807373,0.1607649326324463,0
