Dataset,T,CV,ML,Acc,b_Acc,Prec,Rec,F1,kap,ROC,tra-T,test-T,Al-Time
results/vs_1,0,1,DT,0.6280226689653017,0.5845993505785546,0.5544285508774622,0.5845993505785546,0.5289860036699512,0.6127085180356573,0,1.6062109470367432,0.17982912063598633,0
