Dataset,T,CV,ML,Acc,b_Acc,Prec,Rec,F1,kap,ROC,tra-T,test-T,Al-Time
I211110-A211206_1,0,1,DT,0.5516601709745366,0.6449752260311492,0.6686800564047406,0.6449752260311492,0.5815971197389102,0.5343670436563703,0,1.3839294910430908,0.17235922813415527,0
I211110-A211206_1,1,2,DT,0.5516099112230025,0.6450573582294665,0.6618653879256619,0.6450573582294665,0.5768560426560173,0.5343801449447348,0,1.5088181495666504,0.15697932243347168,0
I211110-A211206_1,2,3,DT,0.5515893504155568,0.6450138503789602,0.6522182068340254,0.6450138503789602,0.5662560710906412,0.5357032848260195,0,1.4449453353881836,0.17313122749328613,0
I211110-A211206_1,3,4,DT,0.5515802122789142,0.6449644812063441,0.6537805590235838,0.6449644812063441,0.5728083236372086,0.533492384380469,0,1.352022409439087,0.17281484603881836,0
I211110-A211206_1,4,5,DT,0.5515550824031472,0.6449605496099257,0.6518366000214387,0.6449605496099257,0.572018508956408,0.5334743734318984,0,1.4297897815704346,0.18900275230407715,0
