Dataset,T,CV,ML,Acc,b_Acc,Prec,Rec,F1,kap,ROC,tra-T,test-T,Al-Time
results/vs_1,0,1,DT,0.8476335784856674,0.8513904802074681,0.8515033784661338,0.8513904802074681,0.828006966985733,0.8412306752237185,0,1.5526244640350342,0.17931699752807617,0
