Dataset,T,CV,ML,Acc,b_Acc,Prec,Rec,F1,kap,ROC,tra-T,test-T,Al-Time
I211119-A211108_1,0,1,DT,0.7235618712109742,0.5713136947519107,0.5672517294315265,0.5713136947519107,0.5363244529466898,0.7028878769289988,0,1.875000238418579,0.23433184623718262,0
I211119-A211108_1,1,2,DT,0.723623204794753,0.5713319251149039,0.5676811443245183,0.5713319251149039,0.5366880113926339,0.7029494354348871,0,1.8593418598175049,0.2187037467956543,0
I211119-A211108_1,2,3,DT,0.7236155380967806,0.5713166820077198,0.567689674055703,0.5713166820077198,0.5366400977588728,0.7029418617839127,0,1.7343840599060059,0.23428654670715332,0
I211119-A211108_1,3,4,DT,0.7235982880263427,0.5713032193850761,0.5673398741538305,0.5713032193850761,0.5365187580769626,0.7029231900532076,0,1.8749592304229736,0.21870899200439453,0
I211119-A211108_1,4,5,DT,0.7235867879793842,0.5712832943768271,0.5670634323402907,0.5712832943768271,0.5363100507762388,0.7029127522672699,0,1.765627145767212,0.21875905990600586,0
