Dataset,T,CV,ML,Acc,b_Acc,Prec,Rec,F1,kap,ROC,tra-T,test-T,Al-Time
11215-I21121_1,0,1,DT,0.9223201268127463,0.9123020789075513,0.9272005399123492,0.9123020789075513,0.9167453119192702,0.9191204642633517,0,1.9302945137023926,0.18750667572021484,0
11215-I21121_1,1,2,DT,0.9223201268127463,0.9123020789075513,0.9272005399123492,0.9123020789075513,0.9167453119192702,0.9191204642633517,0,1.8954811096191406,0.2031090259552002,0
11215-I21121_1,2,3,DT,0.9223201268127463,0.9123020789075513,0.9272005399123492,0.9123020789075513,0.9167453119192702,0.9191204642633517,0,1.8701014518737793,0.2217400074005127,0
11215-I21121_1,3,4,DT,0.9223201268127463,0.9123020789075513,0.9272005399123492,0.9123020789075513,0.9167453119192702,0.9191204642633517,0,1.8738229274749756,0.2031247615814209,0
11215-I21121_1,4,5,DT,0.9223201268127463,0.9123020789075513,0.9272005399123492,0.9123020789075513,0.9167453119192702,0.9191204642633517,0,1.8899004459381104,0.1874086856842041,0
