Dataset,T,CV,ML,Acc,b_Acc,Prec,Rec,F1,kap,ROC,tra-T,test-T,Al-Time
I211102-I211110_1,0,1,DT,0.6478866897798247,0.7183035672844829,0.6607355224278612,0.7183035672844829,0.6575096499005622,0.6307350169302833,0,1.8231697082519531,0.18212890625,0
I211102-I211110_1,1,2,DT,0.6478373759919039,0.7182815783756691,0.6703275878606472,0.7182815783756691,0.6598139144874924,0.6305738556373301,0,1.7877113819122314,0.19237303733825684,0
I211102-I211110_1,2,3,DT,0.6478631049247322,0.7182489964958478,0.6694439028254707,0.7182489964958478,0.6593809224246476,0.6306098946177239,0,1.6623313426971436,0.16617178916931152,0
I211102-I211110_1,3,4,DT,0.6478287996809612,0.7182232671806585,0.669623694261255,0.7182232671806585,0.6595740530488807,0.6305736338967897,0,1.582381010055542,0.168656587600708,0
I211102-I211110_1,4,5,DT,0.6478223674477542,0.7182443089746151,0.6602389809785761,0.7182443089746151,0.6574060825156381,0.6306679833619138,0,1.6500065326690674,0.17838287353515625,0
