Dataset,T,CV,ML,Acc,b_Acc,Prec,Rec,F1,kap,ROC,tra-T,test-T,Al-Time
results/vs_1,0,1,DT,0.8692537776333094,0.8292203103215775,0.8644849210067086,0.8292203103215775,0.8361018463188276,0.8635827201187358,0,1.5137417316436768,0.15455174446105957,0
