Dataset,T,CV,ML,Acc,b_Acc,Prec,Rec,F1,kap,ROC,tra-T,test-T,Al-Time
11210-I21112_1,0,1,DT,0.6089194732374927,0.5659426800080329,0.5498259402485264,0.5659426800080329,0.5153042766354903,0.5931195220710166,0,1.9077858924865723,0.1874387264251709,0
11210-I21112_1,1,2,DT,0.6088978333681976,0.565724476422295,0.5677074480531703,0.565724476422295,0.53042254262331,0.5927121348775838,0,1.9547393321990967,0.18749523162841797,0
11210-I21112_1,2,3,DT,0.608755972002818,0.5656888254041649,0.5495487611372776,0.5656888254041649,0.5150265700256015,0.5929482065844207,0,1.9388823509216309,0.20313239097595215,0
11210-I21112_1,3,4,DT,0.6089892017052217,0.5658407474679513,0.5676417326253527,0.5658407474679513,0.5305442053631305,0.5928071524024265,0,1.937502145767212,0.18750452995300293,0
11210-I21112_1,4,5,DT,0.6088160827508602,0.5658142276373079,0.5497329472798631,0.5658142276373079,0.515143119178512,0.5930145483656807,0,1.938098430633545,0.1875002384185791,0
