Dataset,T,CV,ML,Acc,b_Acc,Prec,Rec,F1,kap,ROC,tra-T,test-T,Al-Time
results/vs_1,0,1,DT,0.8337400618702387,0.8303221982928494,0.8308451834311075,0.8303221982928494,0.8115399041443092,0.8266591140200347,0,1.6158442497253418,0.1555948257446289,0
