Dataset,T,CV,ML,Acc,b_Acc,Prec,Rec,F1,kap,ROC,tra-T,test-T,Al-Time
11203-I21120_1,0,1,DT,0.7937770035866145,0.7632664509380492,0.7670981132873029,0.7632664509380492,0.7451124540149799,0.78533974049198,0,2.0313432216644287,0.187424898147583,0
11203-I21120_1,1,2,DT,0.793847952987459,0.7633168285749129,0.7639267536610795,0.7633168285749129,0.7434697431374963,0.7854130488184632,0,2.0312681198120117,0.20311760902404785,0
11203-I21120_1,2,3,DT,0.7938137015525686,0.7632242815154984,0.7689229482763051,0.7632242815154984,0.7465496077055727,0.7853543885649359,0,2.078080892562866,0.1874699592590332,0
11203-I21120_1,3,4,DT,0.7940534615968019,0.7636516014772058,0.7686596335047577,0.7636516014772058,0.7468322029165431,0.7856082258480359,0,2.110837459564209,0.20303678512573242,0
11203-I21120_1,4,5,DT,0.7938552925806499,0.7632478648386039,0.763611992649672,0.7632478648386039,0.7431096012890819,0.785425418106434,0,2.0468928813934326,0.20303583145141602,0
