Dataset,T,CV,ML,Acc,b_Acc,Prec,Rec,F1,kap,ROC,tra-T,test-T,Al-Time
11222-I21112_1,0,1,DT,0.5796046636322761,0.522426817782033,0.510220943167969,0.522426817782033,0.483878780187318,0.5620637713709782,0,2.064404010772705,0.18805217742919922,0
11222-I21112_1,1,2,DT,0.5795397440243906,0.5225214693025324,0.4983906978369609,0.5225214693025324,0.4743250657489888,0.5621944173495005,0,2.0405290126800537,0.20091986656188965,0
11222-I21112_1,2,3,DT,0.5796118769220412,0.5223492606685703,0.5090047576938955,0.5223492606685703,0.4831770193036404,0.5620705996056761,0,2.0359883308410645,0.1951899528503418,0
11222-I21112_1,3,4,DT,0.5795998547724327,0.5224237768903313,0.5024279351227061,0.5224237768903313,0.4775176074308018,0.5622560284512076,0,2.0891571044921875,0.1950545310974121,0
11222-I21112_1,4,5,DT,0.5796070680621978,0.5224395195598114,0.5090011080457257,0.5224395195598114,0.4832280415870028,0.56206582681782,0,2.0396029949188232,0.20651555061340332,0
