Dataset,T,CV,ML,Acc,b_Acc,Prec,Rec,F1,kap,ROC,tra-T,test-T,Al-Time
results/vs_1,0,1,DT,0.8443699943709819,0.7884271229581491,0.840370667593716,0.7884271229581491,0.7838144191582506,0.8378157159705517,0,1.739983081817627,0.1795520782470703,0
