Dataset,T,CV,ML,Acc,b_Acc,Prec,Rec,F1,kap,ROC,tra-T,test-T,Al-Time
I211108-A211125_1,0,1,DT,0.5662557056138534,0.5195189557535131,0.5452796037938835,0.5195189557535131,0.48605048765473097,0.5508290488971199,0,1.8893826007843018,0.1719515323638916,0
I211108-A211125_1,1,2,DT,0.5430201977423285,0.511687391434957,0.5378628041554067,0.511687391434957,0.47277489887052443,0.5270440702830785,0,1.865016222000122,0.1879713535308838,0
I211108-A211125_1,2,3,DT,0.5431169252165912,0.5110983343586234,0.5387310664213135,0.5110983343586234,0.4720841077968924,0.527122008297972,0,1.8336303234100342,0.2005298137664795,0
I211108-A211125_1,3,4,DT,0.5423692479831015,0.5104839234577963,0.5346084883086817,0.5104839234577963,0.46541857118814045,0.5264680922778074,0,1.8221056461334229,0.17859411239624023,0
I211108-A211125_1,4,5,DT,0.5430515688150623,0.5110397213761481,0.5356404381092397,0.5110397213761481,0.46642823308362646,0.5271509660275575,0,1.971550703048706,0.17936992645263672,0
