Dataset,T,CV,ML,Acc,b_Acc,Prec,Rec,F1,kap,ROC,tra-T,test-T,Al-Time
I211108-A211125_1,0,1,DT,0.6270240877553475,0.668148394174329,0.6698433511520459,0.668148394174329,0.605132826635726,0.6112974661289032,0,1.4066135883331299,0.1601412296295166,0
I211108-A211125_1,1,2,DT,0.6262476537051851,0.6675830198276701,0.6656190798557542,0.6675830198276701,0.6003009420349511,0.610846834103632,0,1.44917631149292,0.1583411693572998,0
I211108-A211125_1,2,3,DT,0.6273064274099519,0.6687202386042722,0.6707203331856437,0.6687202386042722,0.6070339711719416,0.6115746565300624,0,1.5282039642333984,0.1590275764465332,0
I211108-A211125_1,3,4,DT,0.6269352030492683,0.668124948134823,0.6701349541924008,0.668124948134823,0.6052382304370324,0.6111934994455257,0,1.4320213794708252,0.1485440731048584,0
I211108-A211125_1,4,5,DT,0.626895989208351,0.6689366473481215,0.6694702753186639,0.6689366473481215,0.6062488133716475,0.6111801033453509,0,1.4893403053283691,0.15943479537963867,0
