Dataset,T,CV,ML,Acc,b_Acc,Prec,Rec,F1,kap,ROC,tra-T,test-T,Al-Time
results/vs_1,0,1,DT,0.6106723026504031,0.5238894096871375,0.5700688372267391,0.5238894096871375,0.4911449526691906,0.59408471171034,0,1.8760671615600586,0.19906210899353027,0
