Dataset,T,CV,ML,Acc,b_Acc,Prec,Rec,F1,kap,ROC,tra-T,test-T,Al-Time
11203-I21121_1,0,1,DT,0.6193608706311018,0.5843460592407643,0.5615951596769216,0.5843460592407643,0.5408641670732952,0.6039529380375741,0,2.000030040740967,0.20309925079345703,0
11203-I21121_1,1,2,DT,0.6003518672518302,0.5656175448104422,0.5495128393731125,0.5656175448104422,0.5284787612675922,0.5842343925316926,0,2.07812237739563,0.18750405311584473,0
11203-I21121_1,2,3,DT,0.6193849052794509,0.5843883928148706,0.5702341942318814,0.5843883928148706,0.5423319014724106,0.6040994915132671,0,2.0781397819519043,0.20311212539672852,0
11203-I21121_1,3,4,DT,0.6003566741815001,0.5656799555775306,0.5426463163350871,0.5656799555775306,0.5205675428860734,0.5844287690285963,0,2.06244158744812,0.1875770092010498,0
11203-I21121_1,4,5,DT,0.6193680810256065,0.5843117455180623,0.5689024999550016,0.5843117455180623,0.5423374625743764,0.6040234777290847,0,2.0941882133483887,0.20314288139343262,0
