Dataset,T,CV,ML,Acc,b_Acc,Prec,Rec,F1,kap,ROC,tra-T,test-T,Al-Time
11215-I21112_1,0,1,DT,0.6090396947335771,0.5204529258358567,0.5436677892835933,0.5204529258358567,0.49454173091021175,0.5921429214742622,0,1.8748879432678223,0.18759942054748535,0
11215-I21112_1,1,2,DT,0.6075369260325223,0.5145993325144307,0.5392059777955072,0.5145993325144307,0.4876518639759016,0.5905679190654725,0,1.8949182033538818,0.1874852180480957,0
11215-I21112_1,2,3,DT,0.6091238497808362,0.521064638111716,0.5425133724431198,0.521064638111716,0.49405274747292965,0.5921978391236862,0,1.9687652587890625,0.18747854232788086,0
11215-I21112_1,3,4,DT,0.6074046823868295,0.5134506233809109,0.5339041476964247,0.5134506233809109,0.4862021574744367,0.5904632992052039,0,1.6093988418579102,0.2030191421508789,0
11215-I21112_1,4,5,DT,0.6074960507238536,0.5141699259216723,0.5429050487543136,0.5141699259216723,0.48906743512444845,0.5904859336238985,0,1.9375085830688477,0.18751001358032227,0
