Dataset,T,CV,ML,Acc,b_Acc,Prec,Rec,F1,kap,ROC,tra-T,test-T,Al-Time
results/vs_1,0,1,DT,0.6748881187119351,0.5958507450726234,0.5892110571013345,0.5958507450726234,0.5643387797562186,0.6613691149221409,0,1.7731728553771973,0.19194364547729492,0
