Dataset,T,CV,ML,Acc,b_Acc,Prec,Rec,F1,kap,ROC,tra-T,test-T,Al-Time
results/vs_1,0,1,DT,0.6251715862967974,0.5461361820972912,0.5575497580062463,0.5461361820972912,0.5041226489723105,0.6097338727349002,0,1.8741588592529297,0.18563151359558105,0
