Dataset,T,CV,ML,Acc,b_Acc,Prec,Rec,F1,kap,ROC,tra-T,test-T,Al-Time
11223-A21112_1,0,1,DT,0.5218772451712119,0.4986587635971681,0.46531496851678467,0.4986587635971681,0.4266067387983523,0.5043648738163957,0,2.070563316345215,0.15757465362548828,0
11223-A21112_1,1,2,DT,0.5218386504925274,0.49860757980786685,0.4614228941686557,0.49860757980786685,0.42032197269494703,0.5043684610086843,0,2.0337893962860107,0.16442418098449707,0
11223-A21112_1,2,3,DT,0.5219663098143299,0.49886223329837404,0.4637565179122816,0.49886223329837404,0.4215111699170399,0.5044873975534466,0,2.08425235748291,0.15691256523132324,0
11223-A21112_1,3,4,DT,0.5218297440282157,0.4986192958048535,0.46333126172246863,0.4986192958048535,0.42086136086502707,0.5043745711063993,0,2.0480220317840576,0.15835118293762207,0
11223-A21112_1,4,5,DT,0.5218089622781548,0.4985915248019552,0.46106521823937496,0.4985915248019552,0.4196703449148093,0.5043629410238445,0,2.0822577476501465,0.19496536254882812,0
