Dataset,T,CV,ML,Acc,b_Acc,Prec,Rec,F1,kap,ROC,tra-T,test-T,Al-Time
results/vs_1,0,1,DT,0.7168802044594074,0.5620958432360952,0.5910794153911447,0.5620958432360952,0.5546722972388285,0.7028074683390408,0,1.9915626049041748,0.17776823043823242,0
