Dataset,T,CV,ML,Acc,b_Acc,Prec,Rec,F1,kap,ROC,tra-T,test-T,Al-Time
results/vs_1,0,1,DT,0.6009707989829725,0.526835139221021,0.5640549823457109,0.526835139221021,0.5233911493476103,0.5846491785697956,0,1.3729090690612793,0.19074010848999023,0
