Dataset,T,CV,ML,Acc,b_Acc,Prec,Rec,F1,kap,ROC,tra-T,test-T,Al-Time
11216-I21121_1,0,1,DT,0.5865064328203772,0.5418012925523283,0.5675932558120228,0.5418012925523283,0.4995404114433009,0.5702079502023412,0,1.724919080734253,0.19994568824768066,0
11216-I21121_1,1,2,DT,0.5865017080165746,0.5418473739937613,0.5401114870608711,0.5418473739937613,0.47342002335546396,0.5710302546746564,0,1.7737936973571777,0.20326972007751465,0
11216-I21121_1,2,3,DT,0.5866103785040326,0.5420075301955739,0.5561016027053077,0.5420075301955739,0.49654232496452283,0.5702370561222364,0,1.803222894668579,0.1875004768371582,0
11216-I21121_1,3,4,DT,0.5865820296812175,0.5419220523786893,0.5600711842746309,0.5419220523786893,0.4968785207729511,0.570223111766901,0,1.7778637409210205,0.20168304443359375,0
11216-I21121_1,4,5,DT,0.5865064328203772,0.5419079322787408,0.5630703976040603,0.5419079322787408,0.49724370880943725,0.5702139360937454,0,1.7866530418395996,0.20535659790039062,0
