Dataset,T,CV,ML,Acc,b_Acc,Prec,Rec,F1,kap,ROC,tra-T,test-T,Al-Time
results/vs_1,0,1,DT,0.5994928945991053,0.5180268457251359,0.5183154634743841,0.5180268457251359,0.46840506414207594,0.5829833539262608,0,1.9889764785766602,0.1812281608581543,0
