Dataset,T,CV,ML,Acc,b_Acc,Prec,Rec,F1,kap,ROC,tra-T,test-T,Al-Time
results/vs_1,0,1,DT,0.8814827455259502,0.8461888854286682,0.8607180085690279,0.8461888854286682,0.8469026910569815,0.8765627963847388,0,1.8289704322814941,0.18677353858947754,0
