Dataset,T,CV,ML,Acc,b_Acc,Prec,Rec,F1,kap,ROC,tra-T,test-T,Al-Time
11215-I21121_1,0,1,DT,0.6018935068573151,0.5426945317382553,0.5605847745327921,0.5426945317382553,0.505823095628915,0.5857693600006408,0,1.9645922183990479,0.19064617156982422,0
11215-I21121_1,1,2,DT,0.6018673927958427,0.5426286044040194,0.558587364329368,0.5426286044040194,0.5048642040722241,0.5857492967484554,0,1.9220857620239258,0.21324419975280762,0
11215-I21121_1,2,3,DT,0.6019243689299645,0.5425647156834931,0.5578639908843618,0.5425647156834931,0.5042586892499339,0.5858099826555428,0,1.961362361907959,0.20312285423278809,0
11215-I21121_1,3,4,DT,0.6016561062984742,0.5423359851883688,0.5605650547111163,0.5423359851883688,0.5058106866371036,0.5855222295209934,0,1.9615037441253662,0.18752503395080566,0
11215-I21121_1,4,5,DT,0.6017771805834831,0.5424572313607092,0.5517685652930269,0.5424572313607092,0.49249306106893187,0.5863156948235277,0,1.94382905960083,0.20560097694396973,0
