Dataset,T,CV,ML,Acc,b_Acc,Prec,Rec,F1,kap,ROC,tra-T,test-T,Al-Time
11216-I21120_1,0,1,DT,0.6000799078489601,0.5750141824316115,0.5766793738167437,0.5750141824316115,0.5272072593973001,0.5844867593329848,0,1.8360693454742432,0.22006559371948242,0
11216-I21120_1,1,2,DT,0.6001920592159218,0.5752029046477604,0.5811071679305512,0.5752029046477604,0.5217451738550996,0.5846280724125639,0,1.774040699005127,0.20299935340881348,0
11216-I21120_1,2,3,DT,0.6001710308346164,0.5751742478600084,0.5595005447565569,0.5751742478600084,0.5121665886274444,0.5845890428743239,0,1.8041200637817383,0.2041165828704834,0
11216-I21120_1,3,4,DT,0.6008649674176915,0.5766144847033845,0.5790002151544406,0.5766144847033845,0.5220892163331202,0.5853229233932349,0,1.8367841243743896,0.203139066696167,0
11216-I21120_1,4,5,DT,0.6000892537962069,0.5751085578657398,0.550842269102628,0.5751085578657398,0.4962665283166427,0.5847265783125947,0,1.771855115890503,0.20528578758239746,0
