Dataset,T,CV,ML,Acc,b_Acc,Prec,Rec,F1,kap,ROC,tra-T,test-T,Al-Time
I211207-I211201_1,0,1,DT,0.7635293943374053,0.695116669947168,0.7320498973299658,0.695116669947168,0.6819300552029073,0.7496513404693161,0,1.4320917129516602,0.16436433792114258,0
I211207-I211201_1,1,2,DT,0.7635318632049851,0.6949763566854564,0.7187229248104793,0.6949763566854564,0.6660403279259846,0.7497602246385514,0,1.475541591644287,0.1829371452331543,0
I211207-I211201_1,2,3,DT,0.7618974728671453,0.6866688927159381,0.7257380040220943,0.6866688927159381,0.6709239632753092,0.748007194258813,0,1.4262375831604004,0.17325830459594727,0
I211207-I211201_1,3,4,DT,0.763519518867086,0.695067906176187,0.7171017197442462,0.695067906176187,0.6697517424937737,0.7497408789357722,0,1.452181339263916,0.18940043449401855,0
I211207-I211201_1,4,5,DT,0.7635121122643466,0.6950677864207626,0.7184419852437715,0.6950677864207626,0.6697497864651297,0.7497329638109032,0,1.452035903930664,0.16548919677734375,0
