Dataset,T,CV,ML,Acc,b_Acc,Prec,Rec,F1,kap,ROC,tra-T,test-T,Al-Time
results/vs_1,0,1,DT,0.7913936731191686,0.7993494709783944,0.7927900886205648,0.7993494709783944,0.7864156199117384,0.7830751654427364,0,1.8605382442474365,0.22333240509033203,0
