Dataset,T,CV,ML,Acc,b_Acc,Prec,Rec,F1,kap,ROC,tra-T,test-T,Al-Time
results/vs_1,0,1,DT,0.8999799485114651,0.8850374068792178,0.8912220255185788,0.8850374068792178,0.8802266678887155,0.8958190243013561,0,1.7436854839324951,0.19067049026489258,0
