Dataset,T,CV,ML,Acc,b_Acc,Prec,Rec,F1,kap,ROC,tra-T,test-T,Al-Time
I211110-A211117_1,0,1,DT,0.6476192796380251,0.7519075657629368,0.7627713113798428,0.7519075657629368,0.721343212962443,0.6318232751981312,0,1.5705842971801758,0.15718364715576172,0
I211110-A211117_1,1,2,DT,0.6460844741020945,0.7468648069404246,0.7595638846791533,0.7468648069404246,0.7162648327618572,0.6302143737612127,0,1.5885710716247559,0.17330241203308105,0
I211110-A211117_1,2,3,DT,0.6470168740019888,0.7500994479588389,0.7490448184041426,0.7500994479588389,0.714727092914352,0.629025476497533,0,1.573852777481079,0.172698974609375,0
I211110-A211117_1,3,4,DT,0.6474753224088252,0.7511361122144369,0.7441595010916289,0.7511361122144369,0.7139193543531354,0.6294774402977878,0,1.6059136390686035,0.17261147499084473,0
I211110-A211117_1,4,5,DT,0.6473512977190531,0.7504938703379256,0.7447001399940388,0.7504938703379256,0.7137664602973749,0.6293413582535815,0,1.557448387145996,0.16684222221374512,0
