Dataset,T,CV,ML,Acc,b_Acc,Prec,Rec,F1,kap,ROC,tra-T,test-T,Al-Time
I211102-I211104_1,0,1,DT,0.8788107038660661,0.8521940214550713,0.8724452352597136,0.8521940214550713,0.8482414102433712,0.8722115790968081,0,1.7581892013549805,0.19177913665771484,0
I211102-I211104_1,1,2,DT,0.8781729711815128,0.8509937855232741,0.8804721292473014,0.8509937855232741,0.8531419962777239,0.8714984634803663,0,1.7423536777496338,0.1656808853149414,0
I211102-I211104_1,2,3,DT,0.8788107038660661,0.8520876922162476,0.8810013407842407,0.8520876922162476,0.8539406962240448,0.8721732771251283,0,1.6598920822143555,0.1697099208831787,0
I211102-I211104_1,3,4,DT,0.8788734728310812,0.8523443338514723,0.8725238486572292,0.8523443338514723,0.8483475360694018,0.8722775818171217,0,1.8125474452972412,0.1513218879699707,0
I211102-I211104_1,4,5,DT,0.8788483652450751,0.8522506303368069,0.8812311123006232,0.8522506303368069,0.8541340776058727,0.8722128819302077,0,1.7945189476013184,0.18442463874816895,0
