Dataset,T,CV,ML,Acc,b_Acc,Prec,Rec,F1,kap,ROC,tra-T,test-T,Al-Time
I211223-I211130_1,0,1,DT,0.7087956815279495,0.6851003141716336,0.6799775721510259,0.6851003141716336,0.6430867010805211,0.692902526015237,0,1.4846396446228027,0.1487741470336914,0
I211223-I211130_1,1,2,DT,0.708744804147524,0.6850138599571605,0.6804126556200133,0.6850138599571605,0.6432267945333227,0.6928485413802434,0,1.7162482738494873,0.17693161964416504,0
I211223-I211130_1,2,3,DT,0.7088058570040345,0.6851051001010294,0.6810283133052987,0.6851051001010294,0.643490513468226,0.6929133190210741,0,1.5515217781066895,0.1628713607788086,0
I211223-I211130_1,3,4,DT,0.7087600673616516,0.6850245551581984,0.6809391985537397,0.6850245551581984,0.6434465093647582,0.6928649425238664,0,1.5001575946807861,0.1760256290435791,0
I211223-I211130_1,4,5,DT,0.7087880499208856,0.6850591779174278,0.6799436604689281,0.6850591779174278,0.6430622345023473,0.6928943489726093,0,1.5413963794708252,0.17500734329223633,0
