Dataset,T,CV,ML,Acc,b_Acc,Prec,Rec,F1,kap,ROC,tra-T,test-T,Al-Time
I211102-A211116_1,0,1,DT,0.6163852175780411,0.6772344776335415,0.6750949828099277,0.6772344776335415,0.6304737767275282,0.5962004735375851,0,1.756821870803833,0.2031688690185547,0
I211102-A211116_1,1,2,DT,0.6161079983601117,0.6771634632988233,0.6734523103669229,0.6771634632988233,0.6304148339381708,0.5959044895670615,0,1.751673936843872,0.20693254470825195,0
I211102-A211116_1,2,3,DT,0.6162544169611307,0.677101522487854,0.679127198128101,0.677101522487854,0.6324651652880383,0.5960340690430171,0,1.701620101928711,0.21602821350097656,0
I211102-A211116_1,3,4,DT,0.6161880405286687,0.6771757368321848,0.6749420592451444,0.6771757368321848,0.6307268760925766,0.5959892305986572,0,1.6682498455047607,0.19666528701782227,0
I211102-A211116_1,4,5,DT,0.6162739394412666,0.6770705538939359,0.679241682193313,0.6770705538939359,0.6327893475664019,0.596045728596452,0,1.72110915184021,0.21750307083129883,0
