Dataset,T,CV,ML,Acc,b_Acc,Prec,Rec,F1,kap,ROC,tra-T,test-T,Al-Time
I211110-I211119_1,0,1,DT,0.7806402273467762,0.8120074742063895,0.793060975222161,0.8120074742063895,0.784501797022373,0.7689038077452778,0,1.4464812278747559,0.17214417457580566,0
I211110-I211119_1,1,2,DT,0.7776241718857474,0.8026748479061268,0.7732756190470937,0.8026748479061268,0.7703404189185236,0.7657310381921015,0,1.5381889343261719,0.18875980377197266,0
I211110-I211119_1,2,3,DT,0.7962544799623502,0.8255437376676723,0.8028909037832236,0.8255437376676723,0.799248060668134,0.7853452669330276,0,1.4646177291870117,0.20421314239501953,0
I211110-I211119_1,3,4,DT,0.7807262064221844,0.8132033777646402,0.7882506115282442,0.8132033777646402,0.7746978962487798,0.7697456779322233,0,1.4487700462341309,0.19147133827209473,0
I211110-I211119_1,4,5,DT,0.779875466097093,0.8069993854989671,0.7904785430557262,0.8069993854989671,0.7803215418007472,0.7680929363199889,0,1.4855635166168213,0.20699310302734375,0
