Dataset,T,CV,ML,Acc,b_Acc,Prec,Rec,F1,kap,ROC,tra-T,test-T,Al-Time
11207-I21122_1,0,1,DT,0.5449455847660271,0.4859364091497028,0.5267604661243427,0.4859364091497028,0.4740675359063869,0.5265363821782301,0,1.875788927078247,0.21873140335083008,0
11207-I21122_1,1,2,DT,0.5449111955303164,0.48589804417342947,0.522906151781212,0.48589804417342947,0.47337200474227303,0.5265229459786942,0,1.923621416091919,0.21873760223388672,0
11207-I21122_1,2,3,DT,0.5449249512246007,0.4859235034837481,0.5357423360608056,0.4859235034837481,0.4750792176667684,0.5265681171377641,0,1.9068689346313477,0.20729732513427734,0
11207-I21122_1,3,4,DT,0.544938706918885,0.48591032962547925,0.5268893295799117,0.48591032962547925,0.4742204092104947,0.5265291202953228,0,1.877777099609375,0.2196493148803711,0
11207-I21122_1,4,5,DT,0.5449134881460305,0.48589224914286405,0.527668761224176,0.48589224914286405,0.47382553806743655,0.5265326401176257,0,1.8760888576507568,0.20305681228637695,0
