Dataset,T,CV,ML,Acc,b_Acc,Prec,Rec,F1,kap,ROC,tra-T,test-T,Al-Time
11215-I21122_1,0,1,DT,0.8143156172667888,0.798617338516844,0.8127294615479193,0.798617338516844,0.7875599810024857,0.8067902151452497,0,1.959902048110962,0.20449328422546387,0
11215-I21122_1,1,2,DT,0.814223709092246,0.7984338292159135,0.8156731984846376,0.7984338292159135,0.7881861054835512,0.8066757612168473,0,1.9430351257324219,0.20581984519958496,0
11215-I21122_1,2,3,DT,0.8143385943104244,0.7986180763877083,0.8129972873735749,0.7986180763877083,0.7879417361468674,0.8067990842215723,0,1.8910768032073975,0.2045001983642578,0
11215-I21122_1,3,4,DT,0.8143661667627873,0.7986419970779888,0.817389131446153,0.7986419970779888,0.7887073784820314,0.8068233413839532,0,1.9727907180786133,0.20410823822021484,0
11215-I21122_1,4,5,DT,0.8143041287449709,0.7986224965528679,0.8156504329455455,0.7986224965528679,0.7881592456478099,0.8067594847546741,0,2.017115592956543,0.20311975479125977,0
