Dataset,T,CV,ML,Acc,b_Acc,Prec,Rec,F1,kap,ROC,tra-T,test-T,Al-Time
results/vs_1,0,1,DT,0.6605481865357611,0.6252798642651204,0.6332132001410004,0.6252798642651204,0.6016213842506474,0.6468025428213378,0,1.7184157371520996,0.18102097511291504,0
