Dataset,T,CV,ML,Acc,b_Acc,Prec,Rec,F1,kap,ROC,tra-T,test-T,Al-Time
I211118-A211109_1,0,1,DT,0.6401887061928004,0.6700374765500623,0.6867503448008396,0.6700374765500623,0.6379345780407318,0.6238236168177631,0,1.6202216148376465,0.157059907913208,0
I211118-A211109_1,1,2,DT,0.6206719881027138,0.6492101562617955,0.6847155089476384,0.6492101562617955,0.6195340071898987,0.6034549612292257,0,1.5733966827392578,0.17259645462036133,0
I211118-A211109_1,2,3,DT,0.6414174274385696,0.6705452286064398,0.6870029160878837,0.6705452286064398,0.6383543185231256,0.6251112873268452,0,1.5414273738861084,0.17321228981018066,0
I211118-A211109_1,3,4,DT,0.6194183297098903,0.648204000895659,0.684175484048098,0.648204000895659,0.6187036844442951,0.6021409106742135,0,1.5583257675170898,0.16997361183166504,0
I211118-A211109_1,4,5,DT,0.6204384857257503,0.6481067049327827,0.6858333415768766,0.6481067049327827,0.6199115701921211,0.6032699317963552,0,1.5889911651611328,0.17297863960266113,0
