Dataset,T,CV,ML,Acc,b_Acc,Prec,Rec,F1,kap,ROC,tra-T,test-T,Al-Time
I211108-I211115_1,0,1,DT,0.6646965547066456,0.6835887150195289,0.6594313335509651,0.6835887150195289,0.6310680643212596,0.6484333125486144,0,1.421905279159546,0.1878066062927246,0
I211108-I211115_1,1,2,DT,0.6646765948481388,0.6834930739431521,0.6593451736183078,0.6834930739431521,0.6310199729732388,0.6484126112645872,0,1.305467128753662,0.17339801788330078,0
I211108-I211115_1,2,3,DT,0.6646876836584202,0.6835825502215632,0.6593767703154215,0.6835825502215632,0.6311917068267215,0.6484243471868163,0,1.461350917816162,0.1894237995147705,0
I211108-I211115_1,3,4,DT,0.6642153003404265,0.6824614905013605,0.6593741704923078,0.6824614905013605,0.6304400301495204,0.6479146189656226,0,1.4945957660675049,0.1724553108215332,0
I211108-I211115_1,4,5,DT,0.664707643516927,0.6835643267879715,0.6597768853175733,0.6835643267879715,0.6312499067411007,0.6484408298322188,0,1.352189064025879,0.15756583213806152,0
