Dataset,T,CV,ML,Acc,b_Acc,Prec,Rec,F1,kap,ROC,tra-T,test-T,Al-Time
I211223-I211202_1,0,1,DT,0.6980785445302435,0.6357874681123769,0.6328506998048583,0.6357874681123769,0.5973103638750697,0.6805359657254971,0,1.3791074752807617,0.16969823837280273,0
I211223-I211202_1,1,2,DT,0.6980414555686604,0.6356365514924335,0.6326062989861532,0.6356365514924335,0.597164941784094,0.6804970037272943,0,1.4301657676696777,0.1530001163482666,0
I211223-I211202_1,2,3,DT,0.6980859623225603,0.6357676290465653,0.6327986449362164,0.6357676290465653,0.5972471924342238,0.6805442496450158,0,1.5789859294891357,0.17035579681396484,0
I211223-I211202_1,3,4,DT,0.6980439281660992,0.635647713765954,0.6329146072387961,0.635647713765954,0.5972080918963291,0.6804996167389874,0,1.5016682147979736,0.17906713485717773,0
I211223-I211202_1,4,5,DT,0.6980340377763437,0.6357604545839407,0.632925263613155,0.6357604545839407,0.5972287848955757,0.6804893997115924,0,1.5259976387023926,0.16595864295959473,0
