Dataset,T,CV,ML,Acc,b_Acc,Prec,Rec,F1,kap,ROC,tra-T,test-T,Al-Time
I211213-I211203_1,0,1,DT,0.815704929753524,0.7868515361398905,0.7946490072778092,0.7868515361398905,0.7663998695431147,0.8055042229306567,0,1.5407145023345947,0.2348473072052002,0
I211213-I211203_1,1,2,DT,0.7960644216143722,0.7774056409754916,0.7868948284956381,0.7774056409754916,0.7567023997330898,0.7847765205182229,0,1.535362720489502,0.22477269172668457,0
I211213-I211203_1,2,3,DT,0.795886848616683,0.7768668998981172,0.774457759333423,0.7768668998981172,0.7568935615630954,0.784587276787793,0,1.650221824645996,0.2439258098602295,0
I211213-I211203_1,3,4,DT,0.7958471283408841,0.7768185906825784,0.7784875319806107,0.7768185906825784,0.7563839828804855,0.7845471705336307,0,1.5698952674865723,0.22983336448669434,0
I211213-I211203_1,4,5,DT,0.8155273567558348,0.7863366673101396,0.7865656780289234,0.7863366673101396,0.7661587977067968,0.8053169135317915,0,1.5198094844818115,0.22999238967895508,0
