Dataset,T,CV,ML,Acc,b_Acc,Prec,Rec,F1,kap,ROC,tra-T,test-T,Al-Time
I211222-I211209_1,0,1,DT,0.6979416501760937,0.6624113890167388,0.6487415232144226,0.6624113890167388,0.6146124481027883,0.6815675944438269,0,1.4077050685882568,0.1738262176513672,0
I211222-I211209_1,1,2,DT,0.6979486426452044,0.6624259903050675,0.6516322433550052,0.6624259903050675,0.6166532207357136,0.6815813652053426,0,1.4531526565551758,0.18163514137268066,0
I211222-I211209_1,2,3,DT,0.6979486426452044,0.6624696892803819,0.6513985558853063,0.6624696892803819,0.6166869696002871,0.681583374309576,0,1.4371800422668457,0.18337583541870117,0
I211222-I211209_1,3,4,DT,0.6979230035917983,0.662398820291683,0.6524037487029984,0.662398820291683,0.6169194673589916,0.6815392010545149,0,1.4096457958221436,0.18694424629211426,0
I211222-I211209_1,4,5,DT,0.6979463118221675,0.6625040257205997,0.6503913490861596,0.6625040257205997,0.6158695775942725,0.6815805793331776,0,1.4446487426757812,0.155015230178833,0
