Dataset,T,CV,ML,Acc,b_Acc,Prec,Rec,F1,kap,ROC,tra-T,test-T,Al-Time
11124-I21121_1,0,1,DT,0.6253535988769628,0.5592363969569907,0.5481422349797818,0.5592363969569907,0.5215232031492782,0.6100349649165926,0,1.9687628746032715,0.2031409740447998,0
11124-I21121_1,1,2,DT,0.6252852933486903,0.5586453723868045,0.54089606111398,0.5586453723868045,0.5160313305952451,0.6099371105929567,0,1.9053528308868408,0.20314669609069824,0
11124-I21121_1,2,3,DT,0.6251015750312674,0.5586882118188514,0.5401339597925818,0.5586882118188514,0.5157380769860085,0.6097417907539746,0,2.031256914138794,0.20313358306884766,0
11124-I21121_1,3,4,DT,0.6249531871595029,0.5586140160098432,0.5418974194491816,0.5586140160098432,0.5163819495046333,0.6095856212858126,0,1.9628219604492188,0.1865224838256836,0
11124-I21121_1,4,5,DT,0.6076883760478421,0.5372963918856991,0.5304589091178055,0.5372963918856991,0.49978594534580123,0.5916419906058689,0,1.9588963985443115,0.18750357627868652,0
