Dataset,T,CV,ML,Acc,b_Acc,Prec,Rec,F1,kap,ROC,tra-T,test-T,Al-Time
I211119-A211225_1,0,1,DT,0.6978825954997957,0.6968098693009758,0.6721154310298216,0.6968098693009758,0.6466405547838262,0.6827678860601398,0,1.4463093280792236,0.1438310146331787,0
I211119-A211225_1,1,2,DT,0.6978195367098117,0.6962656254747384,0.6772333005271648,0.6962656254747384,0.6470475199639877,0.6826798648964819,0,1.4192578792572021,0.16863441467285156,0
I211119-A211225_1,2,3,DT,0.6978222783963327,0.6962448892656106,0.6769321867055818,0.6962448892656106,0.6466869578193909,0.6827155138893339,0,1.4101903438568115,0.1499614715576172,0
I211119-A211225_1,3,4,DT,0.697899045618922,0.6968017135697787,0.6769292138737664,0.6968017135697787,0.6473766540807279,0.6827619752460508,0,1.399789571762085,0.14992904663085938,0
I211119-A211225_1,4,5,DT,0.6973424832551496,0.6963567777127856,0.6702381551300837,0.6963567777127856,0.6437478581111379,0.6822180862594764,0,1.4869449138641357,0.143585205078125,0
