Dataset,T,CV,ML,Acc,b_Acc,Prec,Rec,F1,kap,ROC,tra-T,test-T,Al-Time
I211110-I211108_1,0,1,DT,0.7349700264817934,0.6962718782466262,0.6853664397473281,0.6962718782466262,0.6691327694013511,0.7200859403236427,0,1.494011640548706,0.15392374992370605,0
I211110-I211108_1,1,2,DT,0.7401165752057582,0.6987694815780306,0.6880592113285852,0.6987694815780306,0.6723227350726043,0.7254583933920379,0,1.429295539855957,0.15755867958068848,0
I211110-I211108_1,2,3,DT,0.7401350133561352,0.6987790556096795,0.6805516345878421,0.6987790556096795,0.6605894867546206,0.7258772031368115,0,1.4310932159423828,0.15244698524475098,0
I211110-I211108_1,3,4,DT,0.7401373181249323,0.6987767749270539,0.6878930995847479,0.6987767749270539,0.6722000950677983,0.7254801008990877,0,1.462571620941162,0.1732935905456543,0
I211110-I211108_1,4,5,DT,0.7401419276625265,0.6987914688858431,0.6895559635449547,0.6987914688858431,0.6733495277332948,0.7254858906200161,0,1.4889888763427734,0.17327189445495605,0
