Dataset,T,CV,ML,Acc,b_Acc,Prec,Rec,F1,kap,ROC,tra-T,test-T,Al-Time
results/vs_1,0,1,DT,0.5784221378696284,0.5154044037419491,0.5146909775244651,0.5154044037419491,0.47410401494758003,0.5603929609797167,0,1.8809459209442139,0.2122511863708496,0
