Dataset,T,CV,ML,Acc,b_Acc,Prec,Rec,F1,kap,ROC,tra-T,test-T,Al-Time
I211207-I211213_1,0,1,DT,0.9146212630184531,0.857346761560519,0.8736173156629671,0.857346761560519,0.8584453009776152,0.9099408841676805,0,1.417937994003296,0.16726112365722656,0
I211207-I211213_1,1,2,DT,0.9146212630184531,0.8573509687793271,0.8633837105509745,0.8573509687793271,0.8539883551332375,0.9099433452886977,0,1.5112707614898682,0.20575284957885742,0
I211207-I211213_1,2,3,DT,0.9146165150072764,0.8573320400307485,0.8628502824212613,0.8573320400307485,0.8537180500903948,0.9099383512116475,0,1.5352115631103516,0.18518853187561035,0
I211207-I211213_1,3,4,DT,0.9145619128787429,0.857220284901329,0.8633178522375202,0.857220284901329,0.8538920931594285,0.9098804838073442,0,1.5691759586334229,0.18856596946716309,0
I211207-I211213_1,4,5,DT,0.914573782906685,0.857187466656354,0.862736494447018,0.857187466656354,0.8535880453838206,0.9098931227771448,0,1.5297579765319824,0.17334485054016113,0
