Dataset,T,CV,ML,Acc,b_Acc,Prec,Rec,F1,kap,ROC,tra-T,test-T,Al-Time
results/vs_1,0,1,DT,0.4048259570895887,0.5110784252476634,0.502306480410462,0.5110784252476634,0.45409149830106726,0.39038156004385316,0,1.7364275455474854,0.19703078269958496,0
