Dataset,T,CV,ML,Acc,b_Acc,Prec,Rec,F1,kap,ROC,tra-T,test-T,Al-Time
I211202-I211220_1,0,1,DT,0.750457031988737,0.7074565863681268,0.7116865777356631,0.7074565863681268,0.6858232922307973,0.7358533944228458,0,1.525850772857666,0.18898534774780273,0
I211202-I211220_1,1,2,DT,0.7507395396292846,0.708409018769948,0.7132046813813141,0.708409018769948,0.6869997498585312,0.736156666893783,0,1.4933712482452393,0.16963410377502441,0
I211202-I211220_1,2,3,DT,0.7507372048553957,0.7083528654198222,0.7144255800039144,0.7083528654198222,0.6875588501160627,0.7361542531544047,0,1.4225475788116455,0.1727004051208496,0
I211202-I211220_1,3,4,DT,0.7503472976159624,0.7075070472168765,0.7137536424542726,0.7075070472168765,0.6868840848935405,0.7357375683345415,0,1.5120265483856201,0.17447853088378906,0
I211202-I211220_1,4,5,DT,0.7504336842498488,0.7073798513920336,0.7116752913691882,0.7073798513920336,0.6857513000143229,0.7358287467757341,0,1.40798020362854,0.19029450416564941,0
