Dataset,T,CV,ML,Acc,b_Acc,Prec,Rec,F1,kap,ROC,tra-T,test-T,Al-Time
I211118-A211109_1,0,1,DT,0.5390912450210719,0.5120487587649863,0.5389168522741026,0.5120487587649863,0.4754345397782875,0.5211991534816038,0,1.9167165756225586,0.21959495544433594,0
I211118-A211109_1,1,2,DT,0.5587507849533788,0.5290424694439709,0.539194297482506,0.5290424694439709,0.4893162378007285,0.5415144731619644,0,1.9073128700256348,0.20415616035461426,0
I211118-A211109_1,2,3,DT,0.558782523140539,0.5291077717620838,0.5387223465745969,0.5291077717620838,0.48916655101141404,0.541548881612729,0,1.8443849086761475,0.20375299453735352,0
I211118-A211109_1,3,4,DT,0.5598774905975621,0.5295181197003528,0.5391218920408012,0.5295181197003528,0.4895502975674281,0.5426927974476417,0,1.8754851818084717,0.20311522483825684,0
I211118-A211109_1,4,5,DT,0.5599749721724109,0.5297287012125365,0.5393222004756782,0.5297287012125365,0.4897932281862802,0.5427917157734027,0,1.8906240463256836,0.20304584503173828,0
