Dataset,T,CV,ML,Acc,b_Acc,Prec,Rec,F1,kap,ROC,tra-T,test-T,Al-Time
I211118-I211119_1,0,1,DT,0.8695041269956196,0.8376347867260918,0.8639154554865174,0.8376347867260918,0.8405756226452666,0.8635699429590395,0,1.8906288146972656,0.20311999320983887,0
I211118-I211119_1,1,2,DT,0.8820525467907179,0.8688735264604572,0.8819940338660865,0.8688735264604572,0.8710087213134529,0.8767117222310858,0,1.9374969005584717,0.2187492847442627,0
I211118-I211119_1,2,3,DT,0.8696285703942367,0.837722070564277,0.8637452759408553,0.837722070564277,0.8404977189874917,0.8637006176432277,0,1.8280811309814453,0.1719214916229248,0
I211118-I211119_1,3,4,DT,0.876640390254498,0.8553267555729446,0.8735213719236338,0.8553267555729446,0.8599322909106947,0.8710324730392579,0,1.875006914138794,0.21874356269836426,0
I211118-I211119_1,4,5,DT,0.8695086522101148,0.8376677198511757,0.863781376799143,0.8376677198511757,0.8405213711262749,0.8635751768477641,0,1.9218664169311523,0.20314550399780273,0
