Dataset,T,CV,ML,Acc,b_Acc,Prec,Rec,F1,kap,ROC,tra-T,test-T,Al-Time
results/vs_1,0,1,DT,0.6263188216589646,0.5543945392821816,0.568103473713644,0.5543945392821816,0.5234932741314194,0.6110586983093577,0,1.5663979053497314,0.18259072303771973,0
