Dataset,T,CV,ML,Acc,b_Acc,Prec,Rec,F1,kap,ROC,tra-T,test-T,Al-Time
I211118-I211112_1,0,1,DT,0.7977489572043223,0.8107576774541186,0.8020087120680329,0.8107576774541186,0.7901907494906933,0.7864968713991061,0,2.1696791648864746,0.2401425838470459,0
I211118-I211112_1,1,2,DT,0.7977776956678819,0.8108449105286702,0.8049110938445647,0.8108449105286702,0.7912679450365919,0.786502242509739,0,1.7574503421783447,0.31289029121398926,0
I211118-I211112_1,2,3,DT,0.7977407462147338,0.8107325316973656,0.8029112774783891,0.8107325316973656,0.7905408600241298,0.786487982392233,0,1.7665517330169678,0.2224583625793457,0
I211118-I211112_1,3,4,DT,0.7977345879725425,0.8107353117774239,0.8029399419047617,0.8107353117774239,0.7905683281272896,0.7864812153860656,0,1.7209758758544922,0.2041614055633545,0
I211118-I211112_1,4,5,DT,0.7719110257168194,0.7885272550085182,0.7926853851762634,0.7885272550085182,0.7621887492116295,0.7593779207055446,0,1.9941163063049316,0.25829362869262695,0
