Dataset,T,CV,ML,Acc,b_Acc,Prec,Rec,F1,kap,ROC,tra-T,test-T,Al-Time
I211102-I211108_1,0,1,DT,0.8910374455786467,0.8549948429206274,0.8578771760901276,0.8549948429206274,0.8468788533190785,0.8848967997342122,0,1.8558437824249268,0.1733860969543457,0
I211102-I211108_1,1,2,DT,0.8910512741914295,0.8550087555026441,0.8577985236773883,0.8550087555026441,0.8468109807323888,0.8849114766833274,0,1.7015058994293213,0.19130229949951172,0
I211102-I211108_1,2,3,DT,0.8910558837290237,0.8550072158530259,0.8580745600298911,0.8550072158530259,0.8470629520540007,0.8849161460788944,0,1.6215722560882568,0.17322850227355957,0
I211102-I211108_1,3,4,DT,0.8910651028042123,0.8550732803365511,0.8577251190393496,0.8550732803365511,0.8467415748695358,0.8849263138481802,0,1.6176190376281738,0.17795348167419434,0
I211102-I211108_1,4,5,DT,0.8910328360410525,0.8549893666665191,0.8583660955149208,0.8549893666665191,0.8472003606593913,0.8848881266221937,0,1.6801321506500244,0.18375539779663086,0
