Dataset,T,CV,ML,Acc,b_Acc,Prec,Rec,F1,kap,ROC,tra-T,test-T,Al-Time
I211108-A211123_1,0,1,DT,0.6790520423960938,0.6974341245020202,0.6986629267068363,0.6974341245020202,0.6450355384206632,0.6608496476103307,0,1.272634506225586,0.17484688758850098,0
I211108-A211123_1,1,2,DT,0.6790347201922765,0.697428792823759,0.6995529474377342,0.697428792823759,0.6456769250453575,0.6608259568023389,0,1.4244484901428223,0.17906904220581055,0
I211108-A211123_1,2,3,DT,0.6789611008260525,0.6973492572744554,0.69867690973548,0.6973492572744554,0.6449866460239854,0.6607560228635687,0,1.4951841831207275,0.17627930641174316,0
I211108-A211123_1,3,4,DT,0.6790563729470482,0.69746414422457,0.6988178109588696,0.69746414422457,0.6451371022553263,0.6608585777740492,0,1.353691577911377,0.19160008430480957,0
I211108-A211123_1,4,5,DT,0.679067199324434,0.6974965832789838,0.6997077716718143,0.6974965832789838,0.645836044225924,0.660858891043199,0,1.4498765468597412,0.17890524864196777,0
