Dataset,T,CV,ML,Acc,b_Acc,Prec,Rec,F1,kap,ROC,tra-T,test-T,Al-Time
results/vs_1,0,1,DT,0.661696131055776,0.6033578764381909,0.6194372854894581,0.6033578764381909,0.5834595522450428,0.6478451617420318,0,1.7726964950561523,0.2047441005706787,0
