Dataset,T,CV,ML,Acc,b_Acc,Prec,Rec,F1,kap,ROC,tra-T,test-T,Al-Time
I211201-I211213_1,0,1,DT,0.7654197597981146,0.7198318317191222,0.7626452967311507,0.7198318317191222,0.7135253902400452,0.7517628985744367,0,1.5559718608856201,0.18167638778686523,0
I211201-I211213_1,1,2,DT,0.7653912717310537,0.719768311763991,0.7637011827785196,0.719768311763991,0.7140778448265586,0.7517326389922622,0,1.3977153301239014,0.18465852737426758,0
I211201-I211213_1,2,3,DT,0.7654150117869377,0.7198341058936365,0.7648653789303218,0.7198341058936365,0.714703256384538,0.7517578569414725,0,1.4527909755706787,0.17933869361877441,0
I211201-I211213_1,3,4,DT,0.7653817757087,0.7197352049783817,0.7634105189018969,0.7197352049783817,0.7138706224453643,0.751722092590615,0,1.313370943069458,0.18652868270874023,0
I211201-I211213_1,4,5,DT,0.7654197597981146,0.7198101393152269,0.7647223054822512,0.7198101393152269,0.7145189159488821,0.7517628958162841,0,1.489614725112915,0.1679394245147705,0
