Dataset,T,CV,ML,Acc,b_Acc,Prec,Rec,F1,kap,ROC,tra-T,test-T,Al-Time
I211108-A211117_1,0,1,DT,0.41349388624721223,0.4634272927201945,0.47147809474517216,0.4634272927201945,0.4030948182846277,0.39367075772423377,0,1.9843831062316895,0.2031080722808838,0
I211108-A211117_1,1,2,DT,0.41348945679400606,0.46358212594429776,0.46673639710064335,0.46358212594429776,0.39391667857347573,0.3942772631331608,0,1.984450101852417,0.20304179191589355,0
I211108-A211117_1,2,3,DT,0.41350053042702145,0.46358544248493605,0.4666009143301634,0.46358544248493605,0.3937566502405528,0.3943399827976677,0,1.9855551719665527,0.20309948921203613,0
I211108-A211117_1,3,4,DT,0.413458450621563,0.46341943415066456,0.46911721248203536,0.46341943415066456,0.40341699080216903,0.393581845476914,0,2.0312578678131104,0.2031259536743164,0
I211108-A211117_1,4,5,DT,0.4135204629664491,0.4635790757588932,0.4664915432880564,0.4635790757588932,0.39395950145886305,0.3943128338105355,0,1.9375064373016357,0.20311665534973145,0
