Dataset,T,CV,ML,Acc,b_Acc,Prec,Rec,F1,kap,ROC,tra-T,test-T,Al-Time
11202-I21120_1,0,1,DT,0.8713349660777594,0.8463471513940135,0.8615870834265127,0.8463471513940135,0.8386737217568787,0.8660186023623846,0,1.828033208847046,0.1874980926513672,0
11202-I21120_1,1,2,DT,0.871367061356297,0.8463640259859383,0.863052807545235,0.8463640259859383,0.8391093865250914,0.8660583108317669,0,1.812504768371582,0.18751740455627441,0
11202-I21120_1,2,3,DT,0.8713374349453392,0.8464147011746481,0.8623114856805136,0.8464147011746481,0.8382737542009249,0.8660317527743253,0,1.7975261211395264,0.18755745887756348,0
11202-I21120_1,3,4,DT,0.8713522481508181,0.8464365727290394,0.8635944898632101,0.8464365727290394,0.8396307411626256,0.8660360153926515,0,1.6875066757202148,0.1875002384185791,0
11202-I21120_1,4,5,DT,0.872211414068595,0.8475403931461511,0.8642825905092756,0.8475403931461511,0.8404529551345735,0.8669333248145791,0,1.828125,0.20312905311584473,0
