Dataset,T,CV,ML,Acc,b_Acc,Prec,Rec,F1,kap,ROC,tra-T,test-T,Al-Time
I211209-I211130_1,0,1,DT,0.7300446194626331,0.675801154148793,0.6905552057177116,0.675801154148793,0.6464377290523824,0.7150161050630448,0,1.3790132999420166,0.19002985954284668,0
I211209-I211130_1,1,2,DT,0.7333211227620312,0.6844295868702431,0.6845201460165777,0.6844295868702431,0.6431704069655768,0.7184858963986227,0,1.4198713302612305,0.21471953392028809,0
I211209-I211130_1,2,3,DT,0.7297546183942081,0.6754636875525294,0.6820940645217219,0.6754636875525294,0.6369016301228181,0.7148778955448506,0,1.5170927047729492,0.23774027824401855,0
I211209-I211130_1,3,4,DT,0.7304211120777814,0.6762265722302127,0.6713908493811896,0.6762265722302127,0.6297684141246045,0.715596469319702,0,1.46474027633667,0.22684454917907715,0
I211209-I211130_1,4,5,DT,0.7094112978310972,0.647409222024782,0.6371006838032643,0.647409222024782,0.5985984052684319,0.6933957040912715,0,1.4390206336975098,0.22468852996826172,0
