Dataset,T,CV,ML,Acc,b_Acc,Prec,Rec,F1,kap,ROC,tra-T,test-T,Al-Time
I211115-A211208_1,0,1,DT,0.46020066214470284,0.4860554080832422,0.5131545022587178,0.4860554080832422,0.43293065156947097,0.43826395964683296,0,2.097205400466919,0.1874988079071045,0
I211115-A211208_1,1,2,DT,0.4597767280361757,0.4848310235362823,0.5106841799583914,0.4848310235362823,0.4312482364215522,0.437816822131172,0,1.9738569259643555,0.18135547637939453,0
I211115-A211208_1,2,3,DT,0.46014262354651164,0.48595451490770075,0.5133059487663968,0.48595451490770075,0.43282729097990424,0.43820528131678693,0,1.9664268493652344,0.17176246643066406,0
I211115-A211208_1,3,4,DT,0.47232568233204136,0.49832997864613304,0.5301966579308401,0.49832997864613304,0.45560717762763114,0.4507706614163127,0,1.9239716529846191,0.18737411499023438,0
I211115-A211208_1,4,5,DT,0.45986000080749356,0.4852969286146239,0.5107010553493021,0.4852969286146239,0.4317542919837,0.4379121461646427,0,1.7656257152557373,0.2031230926513672,0
