Dataset,T,CV,ML,Acc,b_Acc,Prec,Rec,F1,kap,ROC,tra-T,test-T,Al-Time
results/vs_1,0,1,DT,0.5757263181685938,0.5264309757265517,0.4917807461983766,0.5264309757265517,0.46930009045422594,0.558294598076268,0,1.9235203266143799,0.1829700469970703,0
