Dataset,T,CV,ML,Acc,b_Acc,Prec,Rec,F1,kap,ROC,tra-T,test-T,Al-Time
results/vs_1,0,1,DT,0.600836929575951,0.5765376360974687,0.5806907838650235,0.5765376360974687,0.5231501021401616,0.5852881619057955,0,1.5920274257659912,0.19376039505004883,0
