Dataset,T,CV,ML,Acc,b_Acc,Prec,Rec,F1,kap,ROC,tra-T,test-T,Al-Time
I211108-A211102_1,0,1,DT,0.8299732760205308,0.8020171167181073,0.842608787930151,0.8020171167181073,0.7934994168170962,0.8215046133057184,0,1.494586706161499,0.13290119171142578,0
I211108-A211102_1,1,2,DT,0.829981759823537,0.8029264445991152,0.8428826774913275,0.8029264445991152,0.7944805131765459,0.8215139074993516,0,1.3816049098968506,0.14736700057983398,0
I211108-A211102_1,2,3,DT,0.830043974378915,0.8029451059651385,0.8426856177821223,0.8029451059651385,0.7944935866133566,0.8215788871167542,0,1.6254568099975586,0.16992545127868652,0
I211108-A211102_1,3,4,DT,0.8300072112325552,0.8029195530140385,0.8438871840194311,0.8029195530140385,0.7952206539464172,0.8215387609952081,0,1.4857959747314453,0.1539754867553711,0
I211108-A211102_1,4,5,DT,0.8298856100561345,0.8016651530320484,0.8435621738233373,0.8016651530320484,0.7939931601967677,0.8214110101791335,0,1.5651342868804932,0.13144707679748535,0
