Dataset,T,CV,ML,Acc,b_Acc,Prec,Rec,F1,kap,ROC,tra-T,test-T,Al-Time
results/vs_1,0,1,DT,0.6192631435224308,0.7899135220180217,0.7630635884558302,0.7899135220180217,0.7484149949691336,0.6041033612239151,0,1.6644902229309082,0.24214601516723633,0
