Dataset,T,CV,ML,Acc,b_Acc,Prec,Rec,F1,kap,ROC,tra-T,test-T,Al-Time
I211210-I211223_1,0,1,DT,0.6706240794821894,0.6638498257676168,0.6959530519599142,0.6638498257676168,0.6405295569497177,0.6523012535562005,0,1.6397757530212402,0.26560258865356445,0
I211210-I211223_1,1,2,DT,0.670610293256008,0.6638483434123649,0.6835097729349531,0.6638483434123649,0.6321298731784545,0.6523922281639168,0,1.5951483249664307,0.23973298072814941,0
I211210-I211223_1,2,3,DT,0.6706585450476429,0.6639039080734407,0.6955514032220899,0.6639039080734407,0.6406089402804379,0.6523367571945624,0,1.6346077919006348,0.24486231803894043,0
I211210-I211223_1,3,4,DT,0.6705919116210993,0.663810777160276,0.6951538776696232,0.663810777160276,0.6403947671974578,0.6522670198085416,0,1.5595228672027588,0.23993229866027832,0
I211210-I211223_1,4,5,DT,0.6705689345774637,0.663769417012746,0.6958946174385339,0.663769417012746,0.6406063417122371,0.6522349433046768,0,1.5795419216156006,0.2256331443786621,0
