Dataset,T,CV,ML,Acc,b_Acc,Prec,Rec,F1,kap,ROC,tra-T,test-T,Al-Time
11222-I21120_1,0,1,DT,0.6390363116775626,0.5200975635841271,0.5226810848181775,0.5200975635841271,0.4900351809158647,0.6212145892995831,0,2.0692920684814453,0.17837214469909668,0
11222-I21120_1,1,2,DT,0.6390670700676125,0.5200490390709209,0.5218242882881339,0.5200490390709209,0.48953389663519264,0.6212587762389997,0,2.0420970916748047,0.16709017753601074,0
11222-I21120_1,2,3,DT,0.6391201981958806,0.5202074753561925,0.5326219928118997,0.5202074753561925,0.4965885880391954,0.6212443898447186,0,2.065373659133911,0.17246150970458984,0
11222-I21120_1,3,4,DT,0.6391257906304352,0.520259289208069,0.5213860504615415,0.520259289208069,0.48969871961210754,0.6213225516329415,0,2.0244574546813965,0.17326617240905762,0
11222-I21120_1,4,5,DT,0.6390670700676125,0.5202306521170753,0.5227603096783231,0.5202306521170753,0.4901525757062255,0.6212467495523788,0,2.0719552040100098,0.17286300659179688,0
