Dataset,T,CV,ML,Acc,b_Acc,Prec,Rec,F1,kap,ROC,tra-T,test-T,Al-Time
I211122-A211225_1,0,1,DT,0.6173592623766584,0.6286549270378624,0.6237262925591271,0.6286549270378624,0.5664404662988795,0.5998398631988746,0,1.5900249481201172,0.14981293678283691,0
I211122-A211225_1,1,2,DT,0.6161693704265242,0.6274013112923179,0.6235489149802625,0.6274013112923179,0.5648884223290577,0.5985828626148803,0,1.6492669582366943,0.1550459861755371,0
I211122-A211225_1,2,3,DT,0.615508623974952,0.6200766367821037,0.620269988456529,0.6200766367821037,0.5609473275053346,0.5978516627337589,0,1.5849945545196533,0.15046143531799316,0
I211122-A211225_1,3,4,DT,0.6173263621384059,0.6286430005098537,0.6236780364611251,0.6286430005098537,0.5663746875516078,0.5998041324447208,0,1.6244537830352783,0.15994501113891602,0
I211122-A211225_1,4,5,DT,0.617400387674474,0.6286328421062957,0.6297243748075158,0.6286328421062957,0.5696365446912603,0.5999089784548015,0,1.609816551208496,0.15006017684936523,0
