Dataset,T,CV,ML,Acc,b_Acc,Prec,Rec,F1,kap,ROC,tra-T,test-T,Al-Time
I211103-A211123_1,0,1,DT,0.5217122998473481,0.6574366117710716,0.6456446296642718,0.6574366117710716,0.5925869868443987,0.5052725605445929,0,1.4803001880645752,0.18266749382019043,0
I211103-A211123_1,1,2,DT,0.521874695508136,0.6575339973476503,0.645471424299825,0.6575339973476503,0.5926965625507365,0.505422554242777,0,1.5685596466064453,0.19116711616516113,0
I211103-A211123_1,2,3,DT,0.5220717355765587,0.6576822923497198,0.6459688136694834,0.6576822923497198,0.5928113959447282,0.5056265478512427,0,1.5947339534759521,0.18866753578186035,0
I211103-A211123_1,3,4,DT,0.5220782314029903,0.6577443564859172,0.6455083540990806,0.6577443564859172,0.5928548795384851,0.5056329826458691,0,1.5890679359436035,0.19017434120178223,0
I211103-A211123_1,4,5,DT,0.5220825619539446,0.6577003104191755,0.6439344713371836,0.6577003104191755,0.5864125881466873,0.5079439340791221,0,1.496572732925415,0.17255139350891113,0
