Dataset,T,CV,ML,Acc,b_Acc,Prec,Rec,F1,kap,ROC,tra-T,test-T,Al-Time
I211112-I211110_1,0,1,DT,0.9050366530088915,0.8770638620834649,0.8969728262398936,0.8770638620834649,0.8766430062605014,0.8995932623563393,0,1.65083646774292,0.18915319442749023,0
I211112-I211110_1,1,2,DT,0.9050731023303981,0.8770989800046212,0.8961319442467626,0.8770989800046212,0.8768259449416553,0.8996319628590481,0,1.6817407608032227,0.1893620491027832,0
I211112-I211110_1,2,3,DT,0.905025932620213,0.8770618639264759,0.8960160240742283,0.8770618639264759,0.8767550093519713,0.899581942285487,0,1.6985526084899902,0.18840956687927246,0
I211112-I211110_1,3,4,DT,0.9050473733975699,0.8770689744661883,0.8979530326123987,0.8770689744661883,0.8769876030397903,0.899604776979898,0,1.903425931930542,0.17261600494384766,0
I211112-I211110_1,4,5,DT,0.905060237863984,0.8770836186472052,0.8960517759423617,0.8770836186472052,0.8767719504535633,0.8996184219525795,0,1.7932515144348145,0.18883943557739258,0
