Dataset,T,CV,ML,Acc,b_Acc,Prec,Rec,F1,kap,ROC,tra-T,test-T,Al-Time
results/vs_1,0,1,DT,0.7720694710929298,0.8134117863883837,0.8071405522468541,0.8134117863883837,0.8013597494771476,0.7623170525465528,0,2.269974946975708,0.21594619750976562,0
