Dataset,T,CV,ML,Acc,b_Acc,Prec,Rec,F1,kap,ROC,tra-T,test-T,Al-Time
I211124-I211220_1,0,1,DT,0.742502457349518,0.7049994469495174,0.6886964436927315,0.7049994469495174,0.6721538407427415,0.7276267925151084,0,1.7786996364593506,0.2522299289703369,0
I211124-I211220_1,1,2,DT,0.7424510923239639,0.7047828643460538,0.6886031181397243,0.7047828643460538,0.6717912174049746,0.7275762112981485,0,1.452916145324707,0.1748039722442627,0
I211124-I211220_1,2,3,DT,0.7129769067514656,0.6831414917961129,0.6744124472380135,0.6831414917961129,0.6441499507232465,0.6970654282996924,0,1.4295809268951416,0.17160606384277344,0
I211124-I211220_1,3,4,DT,0.7424020620722986,0.7047085865990464,0.6962251594287823,0.7047085865990464,0.6771683320046498,0.7278486077907997,0,1.471118688583374,0.1893024444580078,0
I211124-I211220_1,4,5,DT,0.7425234703145174,0.7050031275731757,0.6958035525920131,0.7050031275731757,0.6771431648613003,0.7279801653708244,0,1.447263479232788,0.17446136474609375,0
