Dataset,T,CV,ML,Acc,b_Acc,Prec,Rec,F1,kap,ROC,tra-T,test-T,Al-Time
11222-I21120_1,0,1,DT,0.6161642830607043,0.5666691966765806,0.5758887042875652,0.5666691966765806,0.5317531810907593,0.6005033559464652,0,2.0279839038848877,0.1880965232849121,0
11222-I21120_1,1,2,DT,0.6031150042173586,0.5500282852402044,0.5539656764428559,0.5500282852402044,0.5114598306670193,0.586892655453351,0,2.05841326713562,0.20477914810180664,0
11222-I21120_1,2,3,DT,0.5846567584049271,0.5281690130378588,0.5436772220225741,0.5281690130378588,0.49786241982302487,0.5676184256957727,0,2.0356287956237793,0.20421719551086426,0
11222-I21120_1,3,4,DT,0.6031710799008395,0.5500599607926773,0.5544330403634989,0.5500599607926773,0.5117313873901193,0.5869491571808045,0,2.0319998264312744,0.20140910148620605,0
11222-I21120_1,4,5,DT,0.6161455911662107,0.566657592192714,0.5764034102350596,0.566657592192714,0.5320287828709916,0.600484159806449,0,2.0322070121765137,0.18834710121154785,0
