Dataset,T,CV,ML,Acc,b_Acc,Prec,Rec,F1,kap,ROC,tra-T,test-T,Al-Time
I211201-I211223_1,0,1,DT,0.7627827038006327,0.7254566104237322,0.7618264697275047,0.7254566104237322,0.7042528684803449,0.7489093234338786,0,1.4956979751586914,0.19704580307006836,0
I211201-I211223_1,1,2,DT,0.7630285581675348,0.7262863219189738,0.7587502215969314,0.7262863219189738,0.7039183917982189,0.7491812673382533,0,1.4853785037994385,0.1962718963623047,0
I211201-I211223_1,2,3,DT,0.7630446420980798,0.7262905180462842,0.762079484842509,0.7262905180462842,0.7057530747661659,0.7491907856717357,0,1.4238638877868652,0.19110393524169922,0
I211201-I211223_1,3,4,DT,0.7630400466893527,0.7262886490540521,0.7591932965140288,0.7262886490540521,0.7041328745211367,0.7491926717708588,0,1.399158000946045,0.18372702598571777,0
I211201-I211223_1,4,5,DT,0.7630791076635334,0.7263391580304416,0.7606788944638826,0.7263391580304416,0.7049337566532878,0.7492266415181619,0,1.4205174446105957,0.177077054977417,0
