Dataset,T,CV,ML,Acc,b_Acc,Prec,Rec,F1,kap,ROC,tra-T,test-T,Al-Time
11210-I21120_1,0,1,DT,0.7325423546646791,0.7445928065954801,0.7327000032871539,0.7445928065954801,0.704283536061744,0.7219496971082618,0,1.9535083770751953,0.20311737060546875,0
11210-I21120_1,1,2,DT,0.7590194232148657,0.7679682428664734,0.7701080362009354,0.7679682428664734,0.7434557719505115,0.7493138379009251,0,1.8906428813934326,0.20318913459777832,0
11210-I21120_1,2,3,DT,0.7405027652321416,0.7492415959021104,0.7447429128701252,0.7492415959021104,0.7160365562943902,0.7302292605522596,0,1.937584400177002,0.2030503749847412,0
11210-I21120_1,3,4,DT,0.7405611774024341,0.7492678729729794,0.747323885615336,0.7492678729729794,0.7207430055763139,0.7302148102737656,0,1.9531264305114746,0.20305442810058594,0
11210-I21120_1,4,5,DT,0.7405494949683756,0.7492555371790806,0.7513641390756612,0.7492555371790806,0.7244534630472537,0.7301003293405244,0,1.9395337104797363,0.20311307907104492,0
