Dataset,T,CV,ML,Acc,b_Acc,Prec,Rec,F1,kap,ROC,tra-T,test-T,Al-Time
I211118-A211123_1,0,1,DT,0.7699741249580477,0.8097930348992597,0.8196881370131237,0.8097930348992597,0.7913221679551428,0.7575766047882379,0,1.8906378746032715,0.21870183944702148,0
I211118-A211123_1,1,2,DT,0.7700195957430684,0.8098729148166499,0.8198229341937119,0.8098729148166499,0.7914517290877641,0.7576221490861663,0,1.8132984638214111,0.21865200996398926,0
I211118-A211123_1,2,3,DT,0.7496335271254886,0.7920373264399533,0.811736027767862,0.7920373264399533,0.7718655652890238,0.7361689921665607,0,1.8593742847442627,0.21865582466125488,0
I211118-A211123_1,3,4,DT,0.7498002533372309,0.7921337623282726,0.8115073388030021,0.7921337623282726,0.7718455458555776,0.736343484234375,0,1.7666311264038086,0.21875858306884766,0
I211118-A211123_1,4,5,DT,0.7699546374787533,0.8097871334828383,0.8200420212703655,0.8097871334828383,0.7914831301455031,0.7575533529460665,0,1.9062566757202148,0.1874990463256836,0
