Dataset,T,CV,ML,Acc,b_Acc,Prec,Rec,F1,kap,ROC,tra-T,test-T,Al-Time
11208-I21112_1,0,1,DT,0.5911218894981021,0.5270817828922586,0.5711121776334201,0.5270817828922586,0.5245119139940205,0.5734597976502966,0,1.5000784397125244,0.20305776596069336,0
11208-I21112_1,1,2,DT,0.591131262008529,0.52706812971143,0.5794588689863869,0.52706812971143,0.5235427458434387,0.5733763817102608,0,1.4843814373016357,0.1874980926513672,0
11208-I21112_1,2,3,DT,0.5911406345189559,0.5270935991504159,0.579669647062355,0.5270935991504159,0.5235867746510119,0.5733865108830201,0,1.499936580657959,0.1875622272491455,0
11208-I21112_1,3,4,DT,0.5911101738600684,0.5270565730443543,0.5761004508155821,0.5270565730443543,0.5235404508990025,0.5733696347978877,0,1.421961784362793,0.18741655349731445,0
11208-I21112_1,4,5,DT,0.5911336051361357,0.5270900373489131,0.5787778883854627,0.5270900373489131,0.5247608718613372,0.5734311444575524,0,1.468827247619629,0.1874997615814209,0
