Dataset,T,CV,ML,Acc,b_Acc,Prec,Rec,F1,kap,ROC,tra-T,test-T,Al-Time
results/vs_1,0,1,DT,0.793044853460749,0.7929157699636612,0.8010623943687819,0.7929157699636612,0.7813938724962943,0.7847567239476911,0,1.8116858005523682,0.19564104080200195,0
