Dataset,T,CV,ML,Acc,b_Acc,Prec,Rec,F1,kap,ROC,tra-T,test-T,Al-Time
11209-I21121_1,0,1,DT,0.8607265881503885,0.8183759939158832,0.8485771453673214,0.8183759939158832,0.8184810023751226,0.8550498356262406,0,1.9531364440917969,0.20314431190490723,0
11209-I21121_1,1,2,DT,0.8607218401392117,0.8183722830266985,0.8474287660690624,0.8183722830266985,0.8181344227169676,0.8550455517785431,0,1.9375262260437012,0.2030646800994873,0
11209-I21121_1,2,3,DT,0.8598885641776801,0.8171021010053172,0.848830535786316,0.8171021010053172,0.8180162615823479,0.8541566588867913,0,1.8124322891235352,0.18757057189941406,0
11209-I21121_1,3,4,DT,0.860660115993913,0.8182980952771263,0.8461301113969605,0.8182980952771263,0.8177854324107469,0.8549810236556792,0,1.9063401222229004,0.18741726875305176,0
11209-I21121_1,4,5,DT,0.8606743600274435,0.8183388530450761,0.8446820301151211,0.8183388530450761,0.8165879776443637,0.8549983792678235,0,1.9062626361846924,0.2030327320098877,0
