Dataset,T,CV,ML,Acc,b_Acc,Prec,Rec,F1,kap,ROC,tra-T,test-T,Al-Time
I211209-I211124_1,0,1,DT,0.7435962322508084,0.7221527528497371,0.7675159519289546,0.7221527528497371,0.7031398614486482,0.7284167815608655,0,1.447267770767212,0.22263717651367188,0
I211209-I211124_1,1,2,DT,0.7435798303575613,0.7221366556247529,0.7796729556723044,0.7221366556247529,0.7023258411029377,0.7283791703181833,0,1.4220905303955078,0.22488784790039062,0
I211209-I211124_1,2,3,DT,0.7427737944608463,0.7219321582395459,0.7762535818358539,0.7219321582395459,0.7106252161156494,0.7273769852912921,0,1.4798164367675781,0.21204352378845215,0
I211209-I211124_1,3,4,DT,0.7428886077135761,0.7203678527768985,0.779361505079343,0.7203678527768985,0.7020541547082747,0.7274792613111947,0,1.5718634128570557,0.24970579147338867,0
I211209-I211124_1,4,5,DT,0.742204414452411,0.7207762214852959,0.7753106228534973,0.7207762214852959,0.709306208470103,0.7267774159547604,0,1.4000952243804932,0.21013975143432617,0
