Dataset,T,CV,ML,Acc,b_Acc,Prec,Rec,F1,kap,ROC,tra-T,test-T,Al-Time
results/vs_1,0,1,DT,0.6310934237399651,0.5332603068822275,0.5524807166734004,0.5332603068822275,0.5060562865523216,0.611393674857702,0,1.5774564743041992,0.2056577205657959,0
