Dataset,T,CV,ML,Acc,b_Acc,Prec,Rec,F1,kap,ROC,tra-T,test-T,Al-Time
I211201-I211220_1,0,1,DT,0.7673631297177025,0.7376582183951982,0.7408901345915136,0.7376582183951982,0.7178688982253688,0.7536736575530292,0,1.4780218601226807,0.18776440620422363,0
I211201-I211220_1,1,2,DT,0.7676106157499177,0.7384839660487871,0.743950356649724,0.7384839660487871,0.7198131335619465,0.7539396637810514,0,1.3786671161651611,0.21605777740478516,0
I211201-I211220_1,2,3,DT,0.7676479721321389,0.7384924211766537,0.7426289010247261,0.7384924211766537,0.7191881068087017,0.7539792994174099,0,1.3602232933044434,0.17571806907653809,0
I211201-I211220_1,3,4,DT,0.767659646001583,0.7385071821912526,0.7437353898775697,0.7385071821912526,0.7196722818802916,0.7539923608072555,0,1.4242327213287354,0.1585073471069336,0
I211201-I211220_1,4,5,DT,0.7676433025843612,0.7385023201058469,0.7449481213586655,0.7385023201058469,0.7202703329300827,0.7539743876111251,0,1.7479357719421387,0.1658344268798828,0
