Dataset,T,CV,ML,Acc,b_Acc,Prec,Rec,F1,kap,ROC,tra-T,test-T,Al-Time
results/vs_1,0,1,DT,0.6351141607994809,0.5594059591066939,0.5944382289234783,0.5594059591066939,0.5345691015013213,0.6199907607400066,0,2.031618595123291,0.2032470703125,0
