Dataset,T,CV,ML,Acc,b_Acc,Prec,Rec,F1,kap,ROC,tra-T,test-T,Al-Time
11216-I21120_1,0,1,DT,0.6078455358147682,0.5524957032130695,0.5694680734376651,0.5524957032130695,0.5132643266698825,0.5919945776920912,0,1.7269346714019775,0.18750858306884766,0
11216-I21120_1,1,2,DT,0.627136433251293,0.5744289878001702,0.5950770523774703,0.5744289878001702,0.5416562478432001,0.6120344179476772,0,1.8187835216522217,0.2031238079071045,0
11216-I21120_1,2,3,DT,0.6272465271491552,0.574602683893842,0.5828065262643012,0.574602683893842,0.5348354389284596,0.6121438263438244,0,1.7723867893218994,0.1890110969543457,0
11216-I21120_1,3,4,DT,0.6273639606402083,0.5748146362901121,0.594584767442659,0.5748146362901121,0.5416334855966515,0.612273008690645,0,1.756136417388916,0.1424853801727295,0
11216-I21120_1,4,5,DT,0.6078063913177506,0.552597800777343,0.5887040429515472,0.552597800777343,0.5285930051137735,0.5918191731809941,0,1.7720675468444824,0.17188739776611328,0
