Dataset,T,CV,ML,Acc,b_Acc,Prec,Rec,F1,kap,ROC,tra-T,test-T,Al-Time
I211115-A211208_1,0,1,DT,0.5457798368863049,0.6344913306926784,0.6342163478713955,0.6344913306926784,0.5517639452648099,0.5278620623766224,0,1.9504942893981934,0.18562626838684082,0
I211115-A211208_1,1,2,DT,0.5457318919573644,0.6340194026386955,0.6318145496029993,0.6340194026386955,0.5529522417673758,0.5249710016503235,0,1.5392365455627441,0.18880867958068848,0
I211115-A211208_1,2,3,DT,0.5457318919573644,0.6344552279085647,0.6315603963200462,0.6344552279085647,0.5531637743235108,0.5249613955336381,0,1.83742356300354,0.2039635181427002,0
I211115-A211208_1,3,4,DT,0.5584877664728682,0.6519779245518603,0.6414450896885344,0.6519779245518603,0.573787935595105,0.5380747385029783,0,1.7772119045257568,0.2828054428100586,0
I211115-A211208_1,4,5,DT,0.5588511385658915,0.6530848634837595,0.6444677240189122,0.6530848634837595,0.5753867863342236,0.5384535858589865,0,1.7965154647827148,0.21373319625854492,0
