Dataset,T,CV,ML,Acc,b_Acc,Prec,Rec,F1,kap,ROC,tra-T,test-T,Al-Time
11201-I21122_1,0,1,DT,0.6266322317372713,0.5558787909834516,0.5907028141292333,0.5558787909834516,0.5284215516932733,0.6113797818365535,0,2.14062762260437,0.20311403274536133,0
11201-I21122_1,1,2,DT,0.626606956989272,0.5558656495163709,0.5890981829667609,0.5558656495163709,0.5275332509162401,0.6113537598748304,0,2.1444079875946045,0.2018272876739502,0
11201-I21122_1,2,3,DT,0.6265839799456363,0.5558587750037238,0.5888150333499097,0.5558587750037238,0.5275414449613434,0.611330224427736,0,2.093766689300537,0.20316338539123535,0
11201-I21122_1,3,4,DT,0.6266460179634528,0.5559096360503772,0.587675524643896,0.5559096360503772,0.5270240857477646,0.6114055317008531,0,2.2031373977661133,0.2031266689300537,0
11201-I21122_1,4,5,DT,0.6266276363285441,0.5558703197450799,0.5885007618914486,0.5558703197450799,0.5272116177500288,0.6113762063744579,0,2.0937607288360596,0.21874785423278809,0
