Dataset,T,CV,ML,Acc,b_Acc,Prec,Rec,F1,kap,ROC,tra-T,test-T,Al-Time
results/vs_1,0,1,DT,0.5693736089947268,0.5291852068081353,0.5734113904031286,0.5291852068081353,0.5232275015643858,0.5517433439968771,0,1.7165794372558594,0.17682194709777832,0
