Dataset,T,CV,ML,Acc,b_Acc,Prec,Rec,F1,kap,ROC,tra-T,test-T,Al-Time
results/vs_1,0,1,DT,0.6156759573170589,0.5702692243083023,0.5503213721605379,0.5702692243083023,0.5108460833796667,0.6004359671336501,0,1.7653098106384277,0.18853116035461426,0
