Dataset,T,CV,ML,Acc,b_Acc,Prec,Rec,F1,kap,ROC,tra-T,test-T,Al-Time
11213-I21120_1,0,1,DT,0.827411877212507,0.6774690851378523,0.7039895961113602,0.6774690851378523,0.6779118202578399,0.8186649727346154,0,1.843764305114746,0.1719374656677246,0
11213-I21120_1,1,2,DT,0.8274174696470614,0.6774601684088648,0.7046456968356836,0.6774601684088648,0.6779771078756777,0.8186699833299091,0,1.9687631130218506,0.17194461822509766,0
11213-I21120_1,2,3,DT,0.8274146734297841,0.6774824017671295,0.7039755191261445,0.6774824017671295,0.6779023390638036,0.8186679271912288,0,1.9343392848968506,0.17188072204589844,0
11213-I21120_1,3,4,DT,0.8274594129062205,0.6775313216541863,0.7026090753906858,0.6775313216541863,0.676571443375306,0.8187159022127004,0,1.7583322525024414,0.17317533493041992,0
11213-I21120_1,4,5,DT,0.8274789864271613,0.6775301755622667,0.7039570434618059,0.6775301755622667,0.6779270515421534,0.8187355496566073,0,1.937506914138794,0.17187786102294922,0
