Dataset,T,CV,ML,Acc,b_Acc,Prec,Rec,F1,kap,ROC,tra-T,test-T,Al-Time
I211112-A211123_1,0,1,DT,0.609234899910141,0.777321918603481,0.7840384631220271,0.777321918603481,0.7547040614897922,0.5968355789751094,0,2.375640630722046,0.20343542098999023,0
I211112-A211123_1,1,2,DT,0.6092305693591867,0.7773113020065117,0.7847034073833802,0.7773113020065117,0.7548072169620677,0.5968287453612318,0,2.4391608238220215,0.2031230926513672,0
I211112-A211123_1,2,3,DT,0.6092435610120498,0.7773247951351459,0.7842921613307481,0.7773247951351459,0.7545665360908396,0.5968453636093807,0,2.3129663467407227,0.21861982345581055,0
I211112-A211123_1,3,4,DT,0.6092284040837096,0.7773231177082341,0.7840985035338107,0.7773231177082341,0.7547485300431606,0.5968271718383775,0,2.4071226119995117,0.2187495231628418,0
I211112-A211123_1,4,5,DT,0.6092500568384813,0.7773272678410273,0.7828627778500142,0.7773272678410273,0.7541143058674327,0.5968599984828515,0,2.406264543533325,0.21874094009399414,0
