Dataset,T,CV,ML,Acc,b_Acc,Prec,Rec,F1,kap,ROC,tra-T,test-T,Al-Time
I211112-A211206_1,0,1,DT,0.5609719322133024,0.6431016216425005,0.6747845499866472,0.6431016216425005,0.6001093254134832,0.5426707327379463,0,1.7446815967559814,0.15708518028259277,0
I211112-A211206_1,1,2,DT,0.56099934662323,0.6430323417212198,0.661647598866644,0.6430323417212198,0.5892921611953298,0.5427501907348962,0,1.6486051082611084,0.15708017349243164,0
I211112-A211206_1,2,3,DT,0.5609856394182662,0.6430627481806429,0.6657278546673342,0.6430627481806429,0.589920357361417,0.5427445663608786,0,1.6519932746887207,0.14097261428833008,0
I211112-A211206_1,3,4,DT,0.5609947775549088,0.643188060805285,0.6595321525084876,0.643188060805285,0.588529058265488,0.5427487460641751,0,1.6671996116638184,0.1577160358428955,0
I211112-A211206_1,4,5,DT,0.5609627940766598,0.6430693639210406,0.6613461552322821,0.6430693639210406,0.5887917056758439,0.5427221141605458,0,1.7306466102600098,0.17560935020446777,0
