Dataset,T,CV,ML,Acc,b_Acc,Prec,Rec,F1,kap,ROC,tra-T,test-T,Al-Time
I211118-A211102_1,0,1,DT,0.7008809015454661,0.6643353704956304,0.6788037667752046,0.6643353704956304,0.6356137445527315,0.6855150060003681,0,1.220116138458252,0.08989381790161133,0
I211118-A211102_1,1,2,DT,0.7008017193840759,0.664083020076316,0.679300490522748,0.664083020076316,0.635752390797127,0.685445983476653,0,1.004967451095581,0.0949397087097168,0
I211118-A211102_1,2,3,DT,0.6744227479037936,0.6425600380427514,0.6761721189863046,0.6425600380427514,0.6153214305715606,0.6578377653918903,0,1.0199737548828125,0.11976814270019531,0
I211118-A211102_1,3,4,DT,0.6747677558927082,0.6425741407943667,0.6728926771028952,0.6425741407943667,0.6142486392307018,0.6581853435080899,0,1.1521613597869873,0.14399218559265137,0
I211118-A211102_1,4,5,DT,0.6745952518982509,0.6428264930897186,0.6730504223668794,0.6428264930897186,0.6143913982789876,0.6579994994595872,0,1.4451496601104736,0.1298055648803711,0
