Dataset,T,CV,ML,Acc,b_Acc,Prec,Rec,F1,kap,ROC,tra-T,test-T,Al-Time
results/vs_1,0,1,DT,0.519410154556844,0.5132125265381224,0.5159970324949489,0.5132125265381224,0.43968338762520387,0.5019921255771174,0,1.5685834884643555,0.13298273086547852,0
