Dataset,T,CV,ML,Acc,b_Acc,Prec,Rec,F1,kap,ROC,tra-T,test-T,Al-Time
results/vs_1,0,1,DT,0.659169659316858,0.597592393837398,0.6084148224422855,0.597592393837398,0.5828773993992988,0.6455157782033863,0,1.695105791091919,0.19106388092041016,0
