Dataset,T,CV,ML,Acc,b_Acc,Prec,Rec,F1,kap,ROC,tra-T,test-T,Al-Time
I211118-A211206_1,0,1,DT,0.7072072483699848,0.6771964852642373,0.6949540006015604,0.6771964852642373,0.6434053000940289,0.6891268743000825,0,1.5085101127624512,0.18960309028625488,0
I211118-A211206_1,1,2,DT,0.7067320652645719,0.6761955085111986,0.6868196593921494,0.6761955085111986,0.6389637467167352,0.6886516427970815,0,1.4401051998138428,0.16969847679138184,0
I211118-A211206_1,2,3,DT,0.7065310262584357,0.6756351163505931,0.691747710729305,0.6756351163505931,0.64195332077798,0.6884035134325603,0,1.614415168762207,0.21049714088439941,0
I211118-A211206_1,3,4,DT,0.7064624902336165,0.6756039342610957,0.6867218786979736,0.6756039342610957,0.6385414779011213,0.6883658355466995,0,1.4864962100982666,0.15187788009643555,0
I211118-A211206_1,4,5,DT,0.7060878266312716,0.6753595839633323,0.6915311876118704,0.6753595839633323,0.6418556023431036,0.6879367617907091,0,1.6200625896453857,0.19979619979858398,0
