Dataset,T,CV,ML,Acc,b_Acc,Prec,Rec,F1,kap,ROC,tra-T,test-T,Al-Time
11203-I21120_1,0,1,DT,0.6436263714559406,0.5670234199861246,0.6008908215502886,0.5670234199861246,0.553319147294219,0.6285484978791273,0,2.000030517578125,0.18753457069396973,0
11203-I21120_1,1,2,DT,0.623979123255745,0.5481089287359641,0.5845852001868668,0.5481089287359641,0.5392529308425227,0.6081869593478919,0,1.9687669277191162,0.18750286102294922,0
11203-I21120_1,2,3,DT,0.6436708110723773,0.5671131694154123,0.5989730889998087,0.5671131694154123,0.5527478810863371,0.6285965221408442,0,2.0624547004699707,0.18747258186340332,0
11203-I21120_1,3,4,DT,0.6435695875016048,0.5670525878329717,0.5897644740766518,0.5670525878329717,0.5469161328829458,0.6285312443188459,0,1.8437628746032715,0.19112825393676758,0
11203-I21120_1,4,5,DT,0.6435325544879075,0.5669087350227972,0.5884126363551099,0.5669087350227972,0.5464518563241005,0.6284889398417304,0,2.03511643409729,0.18750286102294922,0
