Dataset,T,CV,ML,Acc,b_Acc,Prec,Rec,F1,kap,ROC,tra-T,test-T,Al-Time
results/vs_1,0,1,DT,0.9176522109301222,0.9109598565982383,0.9248951524036377,0.9109598565982383,0.9131657699262732,0.9142949994104596,0,1.8023948669433594,0.1909332275390625,0
