Dataset,T,CV,ML,Acc,b_Acc,Prec,Rec,F1,kap,ROC,tra-T,test-T,Al-Time
I211213-I211202_1,0,1,DT,0.7685203729665977,0.6937740471513444,0.7405691763494283,0.6937740471513444,0.6872866691725283,0.754729555164837,0,1.5187513828277588,0.22180724143981934,0
I211213-I211202_1,1,2,DT,0.7779706403780107,0.7036497870656431,0.7625340009252919,0.7036497870656431,0.7020930671532389,0.7646896834891557,0,1.6270711421966553,0.2349560260772705,0
I211213-I211202_1,2,3,DT,0.7584865725596082,0.6770381597101028,0.7301403128763795,0.6770381597101028,0.6724689392502267,0.7440238051133419,0,1.5799078941345215,0.23591303825378418,0
I211213-I211202_1,3,4,DT,0.7800402044343563,0.7071342100965823,0.7653192889795749,0.7071342100965823,0.705781992446956,0.7668970453884012,0,1.4915797710418701,0.21821975708007812,0
I211213-I211202_1,4,5,DT,0.7800080606676507,0.7069727310361843,0.7649532199492972,0.7069727310361843,0.7055612778119198,0.7668626864760406,0,1.554732322692871,0.23020434379577637,0
