Dataset,T,CV,ML,Acc,b_Acc,Prec,Rec,F1,kap,ROC,tra-T,test-T,Al-Time
11202-I21122_1,0,1,DT,0.6302212459531682,0.5482454332946947,0.5485297335946121,0.5482454332946947,0.5078856253773216,0.615314719125061,0,1.6407089233398438,0.21875286102294922,0
11202-I21122_1,1,2,DT,0.6301661010484425,0.5482815829920742,0.5484175773300671,0.5482815829920742,0.5079342171190463,0.6152578845981772,0,1.8593738079071045,0.2031240463256836,0
11202-I21122_1,2,3,DT,0.6301936735008054,0.5482244460993281,0.5481503113331866,0.5482244460993281,0.5078380831011665,0.6152865662193512,0,1.8438706398010254,0.20313549041748047,0
11202-I21122_1,3,4,DT,0.6301936735008054,0.5482642254464472,0.5478224628413402,0.5482642254464472,0.5076936405143992,0.6152865758670683,0,1.7968790531158447,0.20313715934753418,0
11202-I21122_1,4,5,DT,0.6302603069273489,0.5483351158280007,0.5488761931733838,0.5483351158280007,0.5081345255110732,0.6153424275749004,0,1.812514305114746,0.20303916931152344,0
