Dataset,T,CV,ML,Acc,b_Acc,Prec,Rec,F1,kap,ROC,tra-T,test-T,Al-Time
I211108-I211112_1,0,1,DT,0.6578008506585213,0.696475147423803,0.6597052064527007,0.696475147423803,0.6336743073329174,0.6396615144462249,0,1.5507194995880127,0.18819236755371094,0
I211108-I211112_1,1,2,DT,0.6579219627549512,0.6969797312834711,0.6590836122053289,0.6969797312834711,0.6338125223314767,0.6397948277290313,0,1.4705719947814941,0.1963024139404297,0
I211108-I211112_1,2,3,DT,0.6579219627549512,0.6971571867182473,0.6592221490722121,0.6971571867182473,0.6338130279312529,0.639802472418578,0,1.4993810653686523,0.19032549858093262,0
I211108-I211112_1,3,4,DT,0.6579322264919368,0.6969730626195692,0.6599882471306746,0.6969730626195692,0.6338306164857384,0.6398105862572818,0,1.454742431640625,0.18846964836120605,0
I211108-I211112_1,4,5,DT,0.6579342792393339,0.697133866289718,0.6598222241644891,0.697133866289718,0.6338658002894717,0.6398130256007102,0,1.5113065242767334,0.19715261459350586,0
