Dataset,T,CV,ML,Acc,b_Acc,Prec,Rec,F1,kap,ROC,tra-T,test-T,Al-Time
I211222-I211124_1,0,1,DT,0.6895473077463798,0.6536893986527195,0.6811849741511209,0.6536893986527195,0.6186801769943829,0.6712366641464076,0,1.729905366897583,0.19579005241394043,0
I211222-I211124_1,1,2,DT,0.6894793570457847,0.6536151842337093,0.6834836144370108,0.6536151842337093,0.6200054631839319,0.6711476510684398,0,1.5898442268371582,0.19999432563781738,0
I211222-I211124_1,2,3,DT,0.6893411125169877,0.6533399962232429,0.6598100440552784,0.6533399962232429,0.6180506423567228,0.671018876825626,0,1.4803390502929688,0.20037055015563965,0
I211222-I211124_1,3,4,DT,0.6895590233844135,0.6537551173827171,0.681743263151207,0.6537551173827171,0.6192787165965186,0.6712114762232619,0,1.4949233531951904,0.21687769889831543,0
I211222-I211124_1,4,5,DT,0.6895215333427058,0.6536672878575922,0.6815871999967592,0.6536672878575922,0.6191170048731409,0.671192429518749,0,1.49245285987854,0.1900796890258789,0
