Dataset,T,CV,ML,Acc,b_Acc,Prec,Rec,F1,kap,ROC,tra-T,test-T,Al-Time
I211108-A211122_1,0,1,DT,0.6809603246866893,0.6959419776449715,0.680540387713665,0.6959419776449715,0.6384503003353112,0.6617719104606603,0,1.4580023288726807,0.171783447265625,0
I211108-A211122_1,1,2,DT,0.6810157092884408,0.6960274198126343,0.6844233351461418,0.6960274198126343,0.6404524237213824,0.6618274579667955,0,1.3946404457092285,0.19536566734313965,0
I211108-A211122_1,2,3,DT,0.6810002015999503,0.6960504927144396,0.684641370429816,0.6960504927144396,0.6404090407716436,0.6618261594950936,0,1.341587781906128,0.1865372657775879,0
I211108-A211122_1,3,4,DT,0.6808894323964474,0.6958972142274839,0.6829652557378466,0.6958972142274839,0.6399641109443098,0.6616985520073781,0,1.3637456893920898,0.1675252914428711,0
I211108-A211122_1,4,5,DT,0.6810157092884408,0.6960543804051916,0.6819801563625343,0.6960543804051916,0.6393121087800556,0.6618225075221058,0,1.4393491744995117,0.16822099685668945,0
