Dataset,T,CV,ML,Acc,b_Acc,Prec,Rec,F1,kap,ROC,tra-T,test-T,Al-Time
11222-I21122_1,0,1,DT,0.920349944862592,0.9202445297381775,0.9275944894984408,0.9202445297381775,0.9197614914603534,0.9171119758875593,0,2.004612684249878,0.20407533645629883,0
11222-I21122_1,1,2,DT,0.920349944862592,0.9202445297381775,0.9275944894984408,0.9202445297381775,0.9197614914603534,0.9171119758875593,0,2.0108907222747803,0.2063138484954834,0
11222-I21122_1,2,3,DT,0.920349944862592,0.9202445297381775,0.9275944894984408,0.9202445297381775,0.9197614914603534,0.9171119758875593,0,2.0083398818969727,0.2065412998199463,0
11222-I21122_1,3,4,DT,0.920349944862592,0.9202445297381775,0.9275944894984408,0.9202445297381775,0.9197614914603534,0.9171119758875593,0,2.0022077560424805,0.206773042678833,0
11222-I21122_1,4,5,DT,0.920349944862592,0.9202445297381775,0.9275944894984408,0.9202445297381775,0.9197614914603534,0.9171119758875593,0,2.011556625366211,0.20398664474487305,0
