Dataset,T,CV,ML,Acc,b_Acc,Prec,Rec,F1,kap,ROC,tra-T,test-T,Al-Time
I211125-I211209_1,0,1,DT,0.7506229124566176,0.7202531326583149,0.7385464115872353,0.7202531326583149,0.6832813108316738,0.7371317177054022,0,1.5123670101165771,0.17478084564208984,0
I211125-I211209_1,1,2,DT,0.7202196567629996,0.6981777916186012,0.7175175344414719,0.6981777916186012,0.650424710268242,0.7053899492178393,0,1.5031542778015137,0.16443920135498047,0
I211125-I211209_1,2,3,DT,0.7509748667351929,0.7216545665103107,0.7402037593928633,0.7216545665103107,0.6850744583151669,0.737503544090665,0,1.4795982837677002,0.16895532608032227,0
I211125-I211209_1,3,4,DT,0.7205180021117257,0.7004188443575751,0.7224478181832301,0.7004188443575751,0.6614578806877691,0.7049195822314709,0,1.5314693450927734,0.18271684646606445,0
I211125-I211209_1,4,5,DT,0.7509212578053437,0.7224361207681481,0.7422550388086758,0.7224361207681481,0.694110793585281,0.7367458101141754,0,1.3914051055908203,0.1867232322692871,0
