Dataset,T,CV,ML,Acc,b_Acc,Prec,Rec,F1,kap,ROC,tra-T,test-T,Al-Time
results/vs_1,0,1,DT,0.5953335149948271,0.7908278362005663,0.7777835772914068,0.7908278362005663,0.7622091982791536,0.5829468787872029,0,2.101133346557617,0.1934828758239746,0
