Dataset,T,CV,ML,Acc,b_Acc,Prec,Rec,F1,kap,ROC,tra-T,test-T,Al-Time
I211118-I211115_1,0,1,DT,0.821461283418902,0.8131530126437493,0.8192850457254629,0.8131530126437493,0.8027338082729678,0.8122892869465246,0,1.860051155090332,0.18112444877624512,0
I211118-I211115_1,1,2,DT,0.8214723722291836,0.8130876797545092,0.81942541469173,0.8130876797545092,0.8027083914890503,0.812300805353463,0,1.9198122024536133,0.2700822353363037,0
I211118-I211115_1,2,3,DT,0.8214834610394651,0.8132122655584367,0.8191481839254244,0.8132122655584367,0.8027029385793525,0.812313289687808,0,1.9197940826416016,0.21053004264831543,0
I211118-I211115_1,3,4,DT,0.8034508377596168,0.7961536895577705,0.8002763535242718,0.7961536895577705,0.7773775837656005,0.7934734711281741,0,1.90913987159729,0.24645328521728516,0
I211118-I211115_1,4,5,DT,0.8210399086282033,0.8088723496309057,0.8174323512117392,0.8088723496309057,0.799062495797735,0.8118461644057267,0,1.9569640159606934,0.2848186492919922,0
