Dataset,T,CV,ML,Acc,b_Acc,Prec,Rec,F1,kap,ROC,tra-T,test-T,Al-Time
results/vs_1,0,1,DT,0.6460402524711206,0.7862942025262578,0.7681027025415395,0.7862942025262578,0.7574891517644671,0.6333465873318855,0,1.7413783073425293,0.2235250473022461,0
