Dataset,T,CV,ML,Acc,b_Acc,Prec,Rec,F1,kap,ROC,tra-T,test-T,Al-Time
11125-I21120_1,0,1,DT,0.8459398713754812,0.782668601819687,0.8283684949591151,0.782668601819687,0.7869631874265547,0.839478228071962,0,2.0312349796295166,0.18741941452026367,0
11125-I21120_1,1,2,DT,0.8459299809857257,0.7826711469062205,0.8283308886493955,0.7826711469062205,0.7869540122047349,0.8394680528845673,0,1.937509536743164,0.1873941421508789,0
11125-I21120_1,2,3,DT,0.846006631506331,0.7827601836555143,0.8284620108469019,0.7827601836555143,0.7870693232930969,0.8395477120148291,0,1.9071190357208252,0.18703103065490723,0
11125-I21120_1,3,4,DT,0.8459695425447479,0.7827439949551775,0.8326559527688897,0.7827439949551775,0.7897290308928249,0.8394946342631298,0,2.0156593322753906,0.18747830390930176,0
11125-I21120_1,4,5,DT,0.846006631506331,0.7827699301461964,0.8392534439442204,0.7827699301461964,0.7901754714381476,0.839531488468284,0,2.0000176429748535,0.1875150203704834,0
