Dataset,T,CV,ML,Acc,b_Acc,Prec,Rec,F1,kap,ROC,tra-T,test-T,Al-Time
results/vs_1,0,1,DT,0.9379272280382701,0.9085707610791007,0.9190924043094805,0.9085707610791007,0.9105059339584753,0.9322300475848284,0,2.0331101417541504,0.19548583030700684,0
