Dataset,T,CV,ML,Acc,b_Acc,Prec,Rec,F1,kap,ROC,tra-T,test-T,Al-Time
11216-I21112_1,0,1,DT,0.5899196679963165,0.5116957505350976,0.5502470325964854,0.5116957505350976,0.47522496513073226,0.5727644105917453,0,1.7886981964111328,0.18751907348632812,0
11216-I21112_1,1,2,DT,0.5899389034356899,0.5119174226597543,0.5498103422994657,0.5119174226597543,0.4767355620660703,0.5728143025767762,0,1.84488844871521,0.18754935264587402,0
11216-I21112_1,2,3,DT,0.5899773743144369,0.5118399980222765,0.5495541018846922,0.5118399980222765,0.475273350964617,0.5728085826483023,0,1.803410530090332,0.18751096725463867,0
11216-I21112_1,3,4,DT,0.589876388257726,0.5116634638790644,0.5456240131902502,0.5116634638790644,0.47315279945665284,0.5727518145475865,0,1.7650485038757324,0.19563937187194824,0
11216-I21112_1,4,5,DT,0.5899725654545935,0.5117458188157878,0.5475875279728796,0.5117458188157878,0.4741842869915628,0.5728503162010521,0,1.775249719619751,0.18248462677001953,0
