Dataset,T,CV,ML,Acc,b_Acc,Prec,Rec,F1,kap,ROC,tra-T,test-T,Al-Time
I211119-I211102_1,0,1,DT,0.7749715594927762,0.693670247700321,0.7137750847608918,0.693670247700321,0.6736800903019085,0.7527683964007063,0,1.6059648990631104,0.23215103149414062,0
I211119-I211102_1,1,2,DT,0.7749258958511603,0.6936161081481778,0.7138696601536995,0.6936161081481778,0.6738236674304594,0.7527142447780707,0,1.5050921440124512,0.22101473808288574,0
I211119-I211102_1,2,3,DT,0.7749814863713883,0.693611257407214,0.7066477167363487,0.693611257407214,0.6639860555948912,0.7527677461204773,0,1.4713408946990967,0.2010328769683838,0
I211119-I211102_1,3,4,DT,0.7563844719793997,0.6782197089133285,0.6983036138660919,0.6782197089133285,0.6552493783675163,0.7324231699605328,0,1.4658725261688232,0.1843881607055664,0
I211119-I211102_1,4,5,DT,0.7749139835968257,0.693622249041955,0.7208993305205605,0.693622249041955,0.6764777217981098,0.7526457064750133,0,1.4560627937316895,0.18429970741271973,0
