Dataset,T,CV,ML,Acc,b_Acc,Prec,Rec,F1,kap,ROC,tra-T,test-T,Al-Time
I211215-I211220_1,0,1,DT,0.8759417894174039,0.8353095071619091,0.8774158562134713,0.8353095071619091,0.8324749106956388,0.8690349215343472,0,1.6052076816558838,0.25215959548950195,0
I211215-I211220_1,1,2,DT,0.8759301155479597,0.83524386716059,0.8768520165582899,0.83524386716059,0.8313318081570594,0.8690190772470133,0,1.5279381275177002,0.24548983573913574,0
I211215-I211220_1,2,3,DT,0.8758390593662957,0.8347138760389086,0.8782353048504851,0.8347138760389086,0.8314814131680849,0.8689225072003298,0,2.0352914333343506,0.23627567291259766,0
I211215-I211220_1,3,4,DT,0.875874080974628,0.8351988274526678,0.875590660026643,0.8351988274526678,0.8304240185261798,0.8689598556483402,0,1.5983295440673828,0.2508218288421631,0
I211215-I211220_1,4,5,DT,0.8757900291146304,0.8346985460520215,0.8734353177790862,0.8346985460520215,0.8302472881641564,0.8688722566219089,0,1.5415329933166504,0.2197260856628418,0
