Dataset,T,CV,ML,Acc,b_Acc,Prec,Rec,F1,kap,ROC,tra-T,test-T,Al-Time
results/vs_1,0,1,DT,0.7457450754543857,0.8054315468521508,0.8121461213398735,0.8054315468521508,0.7806075268077766,0.7298589861598064,0,1.7636849880218506,0.22678661346435547,0
