Dataset,T,CV,ML,Acc,b_Acc,Prec,Rec,F1,kap,ROC,tra-T,test-T,Al-Time
I211119-A211228_1,0,1,DT,0.5985976963263995,0.5474825877545179,0.50542445142062,0.5474825877545179,0.4805914855668886,0.5829903186262866,0,1.875542402267456,0.18754863739013672,0
I211119-A211228_1,1,2,DT,0.5988074979473113,0.5475654579251465,0.5165207908624235,0.5475654579251465,0.4888809213916485,0.5825576894672224,0,1.8451108932495117,0.17239832878112793,0
I211119-A211228_1,2,3,DT,0.5986339583349521,0.5469230623811895,0.505349385766426,0.5469230623811895,0.4802092889903862,0.583025175453262,0,1.8609025478363037,0.18749737739562988,0
I211119-A211228_1,3,4,DT,0.5968389889115958,0.5469952128850535,0.5048779483612394,0.5469952128850535,0.4797448797677128,0.581218985794836,0,1.861100673675537,0.1875,0
I211119-A211228_1,4,5,DT,0.5968856114940206,0.5465086626722095,0.5153953957172115,0.5465086626722095,0.4871441694735581,0.5806069308421122,0,1.815558910369873,0.1713714599609375,0
