Dataset,T,CV,ML,Acc,b_Acc,Prec,Rec,F1,kap,ROC,tra-T,test-T,Al-Time
results/vs_1,0,1,DT,0.9225974976187449,0.9203869601029846,0.9252466267596017,0.9203869601029846,0.9197181134529876,0.9192074424406969,0,1.6057510375976562,0.18488359451293945,0
