Dataset,T,CV,ML,Acc,b_Acc,Prec,Rec,F1,kap,ROC,tra-T,test-T,Al-Time
11222-I21122_1,0,1,DT,0.8676790246248602,0.8441511965372405,0.8587063234956767,0.8441511965372405,0.8427385047134442,0.8622375543761824,0,2.07037615776062,0.1987621784210205,0
11222-I21122_1,1,2,DT,0.8677023723637485,0.84421353790099,0.8583418197485505,0.84421353790099,0.8426352119256604,0.8622617083148643,0,2.0530145168304443,0.20351696014404297,0
11222-I21122_1,2,3,DT,0.8677117114593037,0.8443689677270768,0.8577416440232559,0.8443689677270768,0.8424196327810171,0.8622714982921728,0,2.0454518795013428,0.21033143997192383,0
11222-I21122_1,3,4,DT,0.8677467330676361,0.8443945855313941,0.8571127583658068,0.8443945855313941,0.8421278822029441,0.8623079822843669,0,2.080054998397827,0.2042098045349121,0
11222-I21122_1,4,5,DT,0.867707041911526,0.8443164768145712,0.8571194900350022,0.8443164768145712,0.8420709545933311,0.862266591782286,0,2.0277349948883057,0.20386576652526855,0
