Dataset,T,CV,ML,Acc,b_Acc,Prec,Rec,F1,kap,ROC,tra-T,test-T,Al-Time
I211222-I211220_1,0,1,DT,0.9087617059725851,0.8671447304273879,0.8823884959863152,0.8671447304273879,0.8655490073384967,0.9037195675752366,0,1.4836900234222412,0.18712258338928223,0
I211222-I211220_1,1,2,DT,0.908789723259251,0.867095573636068,0.8814337726344154,0.867095573636068,0.8650158278513236,0.9037490536043131,0,1.454195499420166,0.1889030933380127,0
I211222-I211220_1,2,3,DT,0.9084698592364823,0.8663084532407703,0.8822714843072222,0.8663084532407703,0.8650347623132267,0.9034100886373913,0,1.5830390453338623,0.21185970306396484,0
I211222-I211220_1,3,4,DT,0.9087640407464739,0.867080514297114,0.8831335882968475,0.867080514297114,0.8658398947357322,0.9037219838086354,0,1.4590330123901367,0.19027304649353027,0
I211222-I211220_1,4,5,DT,0.9087406930075856,0.8670966205427585,0.8807978363918821,0.8670966205427585,0.8647193434477743,0.9036974956117858,0,1.4393131732940674,0.1784656047821045,0
