Dataset,T,CV,ML,Acc,b_Acc,Prec,Rec,F1,kap,ROC,tra-T,test-T,Al-Time
I211112-I211115_1,0,1,DT,0.8755547177343342,0.8578000015537226,0.8569745189577513,0.8578000015537226,0.849310941698881,0.8702020857348668,0,2.5096347332000732,0.2187502384185791,0
I211112-I211115_1,1,2,DT,0.8756079440236857,0.8578358152390922,0.856963986337577,0.8578358152390922,0.8492879299317375,0.8702576748765355,0,2.515623092651367,0.2187342643737793,0
I211112-I211115_1,2,3,DT,0.8755968552134041,0.8578349059852335,0.8571237610169141,0.8578349059852335,0.8492135048189766,0.8702464459691588,0,2.34551739692688,0.21864914894104004,0
I211112-I211115_1,3,4,DT,0.8755768953548974,0.857840032134025,0.8575476831778759,0.857840032134025,0.8494522779609577,0.8702240725222623,0,2.4218382835388184,0.21878814697265625,0
I211112-I211115_1,4,5,DT,0.8755879841651789,0.8578045176995395,0.856877429202049,0.8578045176995395,0.8489666666109452,0.8702379737398145,0,2.406153678894043,0.2031266689300537,0
