Dataset,T,CV,ML,Acc,b_Acc,Prec,Rec,F1,kap,ROC,tra-T,test-T,Al-Time
I211215-I211222_1,0,1,DT,0.8579128485062463,0.8117099863272488,0.8653309820996685,0.8117099863272488,0.7983703165253905,0.8501203574296354,0,1.4942686557769775,0.23616290092468262,0
I211215-I211222_1,1,2,DT,0.8579403598948148,0.8117598638127109,0.8604874695412,0.8117598638127109,0.7968642311376694,0.8501514860454904,0,1.557112455368042,0.25136494636535645,0
I211215-I211222_1,2,3,DT,0.8579311894319586,0.8117471767649939,0.8690709535390047,0.8117471767649939,0.8014759499212161,0.8501299768963471,0,1.5251102447509766,0.21969199180603027,0
I211215-I211222_1,3,4,DT,0.8579403598948148,0.811734509691309,0.8685240424921703,0.811734509691309,0.8003813922149328,0.8501529605214196,0,1.5093724727630615,0.25156450271606445,0
I211215-I211222_1,4,5,DT,0.8579220189691025,0.8117227759702667,0.8642504912371662,0.8117227759702667,0.7979579021951821,0.8501182718161379,0,1.495596170425415,0.2196979522705078,0
