Dataset,T,CV,ML,Acc,b_Acc,Prec,Rec,F1,kap,ROC,tra-T,test-T,Al-Time
I211209-I211201_1,0,1,DT,0.7485927454795035,0.6906697477923738,0.740652438215195,0.6906697477923738,0.6628863489815365,0.7341052312523848,0,1.5152018070220947,0.22481083869934082,0
I211209-I211201_1,1,2,DT,0.7298910735623784,0.6660864939472807,0.7101899408940047,0.6660864939472807,0.6353904091835222,0.7141750441551696,0,1.4528203010559082,0.210402250289917,0
I211209-I211201_1,2,3,DT,0.7494370981918014,0.6926980458590587,0.7589054090984133,0.6926980458590587,0.6808777904974671,0.7347043733618859,0,1.4917244911193848,0.20353412628173828,0
I211209-I211201_1,3,4,DT,0.7494000651781041,0.6926074160735671,0.7411342894536218,0.6926074160735671,0.6636472988804017,0.7349789147538038,0,1.4787583351135254,0.20160794258117676,0
I211209-I211201_1,4,5,DT,0.7493803142374655,0.6924416154626883,0.7647350456937115,0.6924416154626883,0.6813559513148918,0.7349734075588904,0,1.4519882202148438,0.22639775276184082,0
