Dataset,T,CV,ML,Acc,b_Acc,Prec,Rec,F1,kap,ROC,tra-T,test-T,Al-Time
I211209-I211208_1,0,1,DT,0.8407861844496765,0.773932965213373,0.7983725879809479,0.773932965213373,0.7484031584731263,0.831868520650757,0,1.5505478382110596,0.21976780891418457,0
I211209-I211208_1,1,2,DT,0.8407610184941811,0.7739207702143496,0.7984018736249671,0.7739207702143496,0.7484154886168642,0.8318414995906706,0,1.4931786060333252,0.2124650478363037,0
I211209-I211208_1,2,3,DT,0.8407610184941811,0.7738993783382396,0.7980166169484828,0.7738993783382396,0.7483001503242794,0.8318414571943543,0,1.4638457298278809,0.1833820343017578,0
I211209-I211208_1,3,4,DT,0.8407749995805675,0.7739318791977058,0.7982955618169381,0.7739318791977058,0.7483844103048922,0.8318561049209031,0,1.433434247970581,0.23319244384765625,0
I211209-I211208_1,4,5,DT,0.8407050941486357,0.7738729210166616,0.7980013285415547,0.7738729210166616,0.7492872003634148,0.8316187391474535,0,1.4799103736877441,0.20176386833190918,0
