Data,ML,Acc,b_Acc,Prec,Rec,F1,kap,ROC,tra-T,test-T,Al-time
ACTIVE_Tr-ACTIVE_Te_13,DT,0.0014000003146999772,0.005758743982886877,0.006111871544968447,0.005758743982886877,0.0068841737390050416,0.0015017619673391176,0.0,0.17565789814305774,0.019477084483813398,0.2169445016208927
ACTIVE_Tr-IDLE_Te_13,DT,4.584391103312876e-05,6.726642251333004e-05,0.00032208231456248414,6.726642251333004e-05,0.00018511707245732817,4.827061885667695e-05,0.0,0.1688559586550449,0.019423422804607193,0.5547529312419828
IDLE_Tr-ACTIVE_Te_13,DT,0.05761307348190457,0.008435155343284904,0.013639414338371604,0.008435155343284904,0.017254193981581067,0.05941313649845379,0.0,0.08770682682578712,0.01822527863416795,0.2038125868498702
IDLE_Tr-IDLE_Te_13,DT,0.003959387107337785,0.005928980513245226,0.003609168091613515,0.005928980513245226,0.005845924490600809,0.004182298872351901,0.0,0.093866976629457,0.020446340448047436,0.24278042514734924
