Data,ML,Acc,b_Acc,Prec,Rec,F1,kap,ROC,tra-T,test-T,Al-time
ACTIVE_Tr-ACTIVE_Te_13,DT,0.9427910426241684,0.9328074130850471,0.9629747492865184,0.9328074130850471,0.9247956131680313,0.9387213260086356,0.0,1.9621877813339232,0.23500028610229493,9.119135622978211
ACTIVE_Tr-IDLE_Te_13,DT,0.998851169961908,0.9980456671076111,0.9991440310341289,0.9980456671076111,0.9985861046713823,0.9987903770689454,0.0,1.8644098877906798,0.29904301881790163,11.518681647777557
IDLE_Tr-ACTIVE_Te_13,DT,0.8495154737521947,0.9455413194693304,0.9350469273630838,0.9455413194693304,0.8982600770667166,0.8421782426298163,0.0,1.5837378573417664,0.2059231185913086,8.459784653186798
IDLE_Tr-IDLE_Te_13,DT,0.9038228732087792,0.9125496248327103,0.9503078780099856,0.9125496248327103,0.9116455724655613,0.8985129144757902,0.0,1.6297179746627808,0.31256805419921874,11.267325344085693
